source_id,object_type,ra_deg,dec_deg,parallax_mas,distance_pc,phot_g_mean_mag,abs_mag_g,size_km,vx_au_d,vy_au_d,vz_au_d,speed_km_s,gm_km3_s2,mass_kg,density_g_cm3,mean_radius_km,albedo,rot_per_hr,H
10,sun,0.000000000,0.000000000,0.000000000,0.000000000000e+00,,,,0.000000000000e+00,0.000000000000e+00,0.000000000000e+00,0.000000000,,,,,,,
199,planet,277.557739356,-28.510502730,448445301.899157405,2.229926360617e-06,,,4878.800000,2.230106068216e-02,4.980558639353e-03,3.493464109527e-04,39.569199242,22031.868550000,3.301001e+23,,2439.400000,0.106000,,
299,planet,299.153540220,-22.966657471,283301389.063438892,3.529809731276e-06,,,12103.680000,1.793761227141e-02,8.628942977631e-03,2.747939745298e-03,34.791847482,324858.592000000,4.867306e+24,5.204000,6051.840000,0.650000,,
399,planet,114.689236145,21.497587766,209707005.444979012,4.768557911921e-06,,,12742.020000,-1.613671883336e-02,-6.190775791531e-03,-2.683303179752e-03,30.284141101,,,,6371.010000,0.367000,,
499,planet,293.231057711,-23.370439685,145614944.553974271,6.867426987409e-06,,,6779.840000,1.357302177690e-02,5.834026893230e-03,2.309839697112e-03,25.890818006,42828.375662000,6.416909e+23,3.933000,3389.920000,0.150000,,
599,planet,111.665972795,22.162658788,39541561.887931734,2.528984572825e-05,,,139822.000000,-7.185897939174e-03,-2.113291670836e-03,-7.309329957256e-04,13.030566605,126686531.900000006,1.898125e+27,1.326200,69911.000000,0.520000,,
699,planet,2.727352616,-1.338143029,21678525.039463099,4.612859953247e-05,,,116464.000000,-5.043572829331e-04,5.134972996996e-03,2.142506928592e-03,9.673353518,37931206.233999997,5.683174e+26,0.687000,58232.000000,0.470000,,
799,planet,57.530397451,19.895562907,10584230.424417609,9.448018041000e-05,,,50724.000000,-3.431426440860e-03,1.632893383719e-03,7.636734427564e-04,6.711316404,5793950.610300000,8.680986e+25,1.271000,25362.000000,0.510000,,
899,planet,1.515900987,-0.805409196,6902069.093052316,1.448840900487e-04,,,49248.000000,-8.628175005847e-05,2.921176166049e-03,1.197753991793e-03,5.468589087,6835099.970000000,1.024092e+26,1.638000,24624.000000,0.410000,,
999,dwarf_planet,306.280867347,-23.258778793,5821759.103290613,1.717693882996e-04,,,2376.600000,2.717091756690e-03,1.289672227862e-03,-4.068332429967e-04,5.255008684,,,,1188.300000,,,
301,moon,114.831048063,21.461577590,209996188.240390778,4.761991197932e-06,,,,-1.569220355854e-02,-6.494127051312e-03,-2.830758124370e-03,29.810846414,,7.349000e+22,,,0.120000,,
401,moon,293.228980772,-23.370283210,145610867.423530132,6.867619276598e-06,,,26.200000,1.453129633408e-02,5.495242774840e-03,1.576276904846e-03,27.037402068,,,,13.100000,0.060000,,
402,moon,293.237499808,-23.372016139,145610706.567650169,6.867626863244e-06,,,15.600000,1.353184151294e-02,6.517624927103e-03,2.683871760492e-03,26.417817917,,,,7.800000,0.060000,,
501,moon,111.640501180,22.166270903,39555265.904474378,2.528108400067e-05,,,3642.980000,-3.776602676839e-03,6.341890023307e-03,3.354073722995e-03,14.037845155,5959.915500000,8.929649e+22,,1821.490000,0.630000,,
502,moon,111.655834973,22.165235982,39508406.996692427,2.531106860582e-05,,,3121.600000,-1.507473691066e-02,-3.062984665508e-03,-1.361260066204e-03,26.738683198,3202.712100000,4.798574e+22,,1560.800000,0.670000,,
503,moon,111.723512407,22.151710910,39580733.541631006,2.526481726136e-05,,,5262.400000,-1.427574995468e-03,-4.421115786940e-03,-1.745505474924e-03,8.593160193,9887.832800000,1.481479e+23,,2631.200000,0.430000,,
504,moon,111.531438132,22.182925670,39578913.282757707,2.526597920604e-05,,,4820.600000,-6.922785167144e-03,2.195209656682e-03,1.303349698864e-03,12.775596286,7179.283400000,1.075661e+23,,2410.300000,0.170000,,
601,moon,2.724209144,-1.337318909,21681111.928393535,4.612309568359e-05,,,397.600000,3.193565105045e-03,-2.127497114387e-03,2.513275999721e-03,7.942398098,2.503489000,3.750939e+19,1.152000,198.800000,0.600000,,
602,moon,2.722914678,-1.337278527,21681714.119932540,4.612181465305e-05,,,504.600000,3.251031708420e-03,-1.135907881631e-03,2.281121257348e-03,7.152196993,7.210367000,1.080318e+20,1.606000,252.300000,1.040000,,
603,moon,2.721558414,-1.338329826,21674609.605450872,4.613693248475e-05,,,1072.600000,2.393968264792e-03,1.098749243967e-02,1.576400246397e-03,19.661080214,41.210000000,6.174430e+20,0.956000,536.300000,0.800000,,
604,moon,2.740539656,-1.339535281,21675744.519984975,4.613451681339e-05,,,1125.000000,-5.691640008716e-03,7.727321554702e-03,2.398364734739e-03,17.128162099,73.116000000,1.095486e+21,1.469000,562.500000,0.600000,,
605,moon,2.738977590,-1.337885477,21685252.698353197,4.611428854025e-05,,,1529.000000,-2.957702178015e-03,9.321012120292e-04,2.671329223058e-03,7.086887873,153.940000000,2.306459e+21,1.233000,764.500000,0.600000,,
606,moon,2.679993743,-1.334307371,21683317.377864793,4.611840442002e-05,,,5151.000000,2.649447866461e-03,4.529405552541e-03,1.903582885140e-03,9.664990893,8978.140000000,1.345181e+23,1.880000,2575.500000,0.200000,,
608,moon,2.751984575,-1.309693618,21732493.843045119,4.601404731653e-05,,,1469.000000,-8.074870077219e-04,3.344782812306e-03,1.872217029752e-03,6.782539652,120.520000000,1.805732e+21,1.088000,734.500000,0.600000,,
701,moon,57.527415935,19.897792222,10584023.471362974,9.448202781349e-05,,,1162.200000,-1.176320318246e-03,1.749112995191e-03,-1.476989545159e-03,4.456483289,83.430000000,1.250019e+21,,581.100000,0.340000,,
702,moon,57.530712352,19.900758792,10584185.793776594,9.448057880730e-05,,,1169.400000,-8.478851460969e-04,9.422470675364e-04,1.168530367708e-03,2.985044632,85.400000000,1.279535e+21,,584.700000,0.180000,,
703,moon,57.538732793,19.897930690,10584702.363197261,9.447596783420e-05,,,1577.800000,-3.218760393965e-03,1.029346794581e-03,2.768107185177e-03,7.563591431,222.800000000,3.338178e+21,,788.900000,0.270000,,
704,moon,57.528113251,19.906714513,10583948.127068931,9.448270040576e-05,,,1522.800000,-1.653123732584e-03,1.287286446655e-03,5.737212752012e-04,3.761320715,205.340000000,3.076577e+21,,761.400000,0.240000,,
705,moon,57.530491148,19.898098330,10584185.100208690,9.448058499849e-05,,,480.000000,2.209783015112e-04,4.331067695014e-04,1.142553065998e-03,2.149964946,4.300000000,6.442623e+19,,240.000000,0.270000,,
801,moon,1.516529859,-0.801341798,6902301.860196055,1.448792041053e-04,,,2705.200000,1.795246988535e-03,4.492628025601e-03,1.844569599675e-03,8.965043994,1428.495000000,2.140292e+22,,1352.600000,0.700000,,
901,moon,306.281064455,-23.258883043,5821755.579263840,1.717694922751e-04,,,,2.676274502294e-03,1.235224724544e-03,-5.162693883865e-04,5.181298709,106.100000000,1.589680e+21,,,,,
902,moon,306.280600314,-23.259169797,5821733.244559369,1.717701512577e-04,,,36.000000,2.657744529420e-03,1.238878451186e-03,-3.764507517285e-04,5.118832142,0.001496000,2.241434e+16,,18.000000,,,
904,moon,306.281269341,-23.258364333,5821788.464596529,1.717685220068e-04,,,12.000000,2.761367960142e-03,1.322295770097e-03,-4.618174581310e-04,5.361059696,0.000060380,9.046642e+14,,6.000000,,,
20000001,asteroid,30.133251535,3.474461653,71652003.323242381,1.395634390693e-05,,,939.400000,-5.252883535138e-03,7.157626311142e-03,4.445595733732e-03,17.191868629,,,,,0.090000,9.074170,3.350000
20020000,asteroid,134.996411571,26.861568731,4662508.675660409,2.144768127125e-04,,,900.000000,-1.908759405048e-03,-1.697413388147e-03,-3.317379853837e-05,4.423075940,,,,,0.070000,6.343600,3.790000
20000004,asteroid,306.785542153,-21.692842173,93294309.915182650,1.071876731720e-05,,,522.770000,1.021329233264e-02,6.074047870649e-03,1.083610240225e-03,20.660249766,,,,,0.422800,5.342128,3.250000
20000002,asteroid,333.097926582,1.468777146,62670750.869538255,1.595640687442e-05,,,513.000000,2.753614115694e-03,7.890269338100e-03,-1.773721385471e-03,14.792036351,,,,,0.155000,7.813221,4.110000
20000010,asteroid,94.079148848,24.013223134,60650231.050192021,1.648798335446e-05,,,407.120000,-8.843238498107e-03,-8.810151829094e-04,-1.031007385979e-03,15.490688464,,,,,0.071700,13.828000,5.640000
20015789,asteroid,49.081706127,22.673726855,5209784.710062303,1.919465113536e-04,,,328.000000,-1.840434769440e-03,1.788036616587e-03,9.564941830019e-04,4.741523087,,,,,0.022000,,7.090000
20000704,asteroid,196.827970894,-25.307996407,58597991.410903484,1.706543135562e-05,,,306.313000,3.675008478609e-03,-7.228047686307e-03,-2.358589908224e-03,14.621669322,,,,,0.078000,8.727000,6.330000
20000052,asteroid,64.447404279,14.562737737,72752003.425786197,1.374532594171e-05,,,303.918000,-9.908284220717e-03,3.198654817921e-03,2.156936114010e-03,18.410350393,,,,,0.057000,5.630400,6.650000
20010199,asteroid,320.882785120,-6.079396892,11702347.253497822,8.545294190455e-05,,,302.000000,2.406667734398e-03,1.809195047811e-03,2.389499121000e-03,6.655406203,,,,,0.045000,7.004000,6.550000
20000511,asteroid,151.645184660,22.341270290,73527869.525987759,1.360028525846e-05,,,270.327000,-6.901985980847e-03,-8.314068761796e-03,-8.077887431362e-04,18.761648955,,,,,0.076000,5.129700,6.410000
20000031,asteroid,250.370893165,-41.260819580,54167917.059633747,1.846111230194e-05,,,267.080000,7.236374742322e-03,-5.502707859218e-04,-3.026236655458e-03,13.614363263,,,,,0.053000,5.530000,6.810000
20000451,asteroid,258.321879279,-20.306926090,63044490.062361412,1.586181439505e-05,,,253.900000,8.715166292583e-03,-5.681422295914e-04,-2.836407671944e-03,15.899461733,,,,,0.085000,9.727000,6.780000
20000087,asteroid,91.992368780,26.962821086,57500635.555936769,1.739111212131e-05,,,253.051000,-8.788244002605e-03,-2.555402443593e-04,1.674339565271e-03,15.496485144,,,,,0.046000,5.184000,6.930000
20000003,asteroid,269.410302004,-10.627369803,64602854.672796264,1.547919213578e-05,,,246.596000,8.519829531726e-03,1.406319846750e-03,-8.018478660179e-05,14.951975475,,,,,0.214000,7.210000,5.190000
20000065,asteroid,166.964901745,6.288420607,61032994.946458071,1.638458019105e-05,,,237.260000,-1.152131998421e-03,-8.761131037889e-03,-3.192159637466e-03,16.267837114,,,,,0.070600,6.081400,6.830000
20000088,asteroid,157.381327968,4.545182482,65087684.162076458,1.536388969547e-05,,,232.000000,-2.736703207618e-03,-7.662586229119e-03,-3.686622016949e-03,15.466858251,,,,,0.067100,6.042000,7.250000
20000015,asteroid,168.616639992,-6.117428059,69093035.065514132,1.447323885905e-05,,,231.689000,-2.349543382576e-03,-7.706667433263e-03,-4.618497598578e-03,16.079594804,,,,,0.248000,6.083000,5.430000
20095626,asteroid,297.538703388,-23.174745064,11131477.698409749,8.983533247727e-05,,,230.500000,3.966966930388e-03,1.762903788916e-03,-4.701900564260e-04,7.560289862,,,,,0.053000,5.800000,7.190000
20000624,asteroid,175.437577067,-3.039977273,40036843.247607924,2.497699416049e-05,,,225.000000,-2.383240714201e-04,-5.784911986373e-03,-5.027083638495e-03,13.276286131,,,,,0.025000,6.924000,7.330000
20000016,asteroid,83.862711181,20.492038190,76018628.949038789,1.315467029365e-05,,,222.000000,-1.056101535371e-02,2.050700085333e-03,1.082405468462e-03,18.721526092,,,,,0.120300,4.196000,6.200000
20000324,asteroid,251.916833254,-33.113130768,73228946.150540948,1.365580214611e-05,,,220.691000,9.905942847524e-03,1.121358619485e-04,1.287448778489e-03,17.297054699,,,,,0.050000,29.430000,7.190000
20000048,asteroid,228.185611505,-13.012798877,62566161.545184523,1.598308055510e-05,,,216.473000,6.804157856376e-03,-5.924587742774e-03,-1.750733432549e-03,15.912679126,,,,,0.065000,11.890000,7.120000
20000375,asteroid,337.360107910,-9.761374888,73155967.914386675,1.366942477161e-05,,,216.000000,4.576015976553e-03,7.319859268823e-03,6.384306269169e-03,18.590366580,,,,,0.037000,16.899000,7.480000
20000107,asteroid,94.347776077,13.582830974,62961593.347267106,1.588269843307e-05,,,210.370000,-9.747554736095e-03,-9.762396333343e-04,-6.927447902839e-06,16.961907856,,,,,0.059000,4.844000,7.100000
20000121,asteroid,233.584752082,-16.876809519,55295576.583631888,1.808462921962e-05,,,209.000000,7.388713318666e-03,-3.373967977724e-03,-2.662158003376e-03,14.800039879,,,,,0.048200,5.551280,7.400000
20000117,asteroid,299.362769829,-33.071629792,68490532.389524519,1.460055813718e-05,,,208.974000,8.902101856803e-03,3.074837809378e-03,2.984913435083e-03,17.106561625,,,,,0.027000,9.127000,8.150000
20000106,asteroid,308.182339807,-23.018595324,66696816.857712634,1.499321927362e-05,,,207.869000,7.144848110183e-03,6.406402527725e-03,2.509113724234e-03,17.174315001,,,,,0.044000,16.210000,7.760000
20000041,asteroid,134.098367348,6.012015124,80064541.883829117,1.248992346014e-05,,,205.495000,-5.710258425004e-03,-9.420679255714e-03,-1.212218595273e-03,19.189176343,,,,,0.059000,5.988000,7.580000
20000094,asteroid,86.857178971,31.346623096,71755973.042023331,1.393612207606e-05,,,204.890000,-1.055347411678e-02,7.191643480491e-04,5.139433785639e-04,18.336867810,,,,,0.039500,7.220000,7.710000
20000013,asteroid,189.100933527,7.275409746,83844018.510747984,1.192690925080e-05,,,202.636000,-1.987193611351e-04,-9.132377758596e-03,-6.501198489759e-03,19.412819996,,,,,0.049000,7.045000,6.910000
20000045,asteroid,87.813165389,17.716786197,71038350.356521547,1.407690346104e-05,,,202.327000,-9.733729880663e-03,-2.902560418437e-04,5.390394014526e-04,16.886836432,,,,,0.045000,5.699000,7.760000
20000019,asteroid,160.619866560,6.858727158,78581166.489458680,1.272569554098e-05,,,200.000000,-4.875491507229e-03,-8.288026676668e-03,-3.438229835876e-03,17.681491745,,,,,0.037000,7.443200,7.490000
20000007,asteroid,147.838743777,7.560958892,86708433.296140507,1.153290357104e-05,,,199.830000,-7.979755295196e-03,-6.902306933098e-03,-3.669095775257e-03,19.341279604,,,,,0.276600,7.139000,5.680000
20000334,asteroid,113.147741307,20.304786927,51142034.936306871,1.955338697894e-05,,,198.770000,-7.897315643313e-03,-3.008550410089e-03,-5.862208085593e-04,14.667659754,,,,,0.041000,7.361000,7.620000
20000024,asteroid,221.952539738,-16.271579493,67976931.961100727,1.471087280862e-05,,,198.000000,6.201459779063e-03,-7.197996205782e-03,-3.261417993555e-03,17.392835135,,,,,0.067000,8.374000,7.220000
20000154,asteroid,197.855715961,0.617844893,69917014.874660298,1.430267012676e-05,,,192.611000,2.408534977957e-03,-7.319630909379e-03,-6.968758972246e-03,17.988964869,,,,,0.044000,25.224000,7.650000
20042355,asteroid,236.215457276,-22.110055399,7799972.561039048,1.282055792087e-04,,,192.000000,1.971261891405e-03,-2.942258205244e-03,-1.411904003796e-03,6.601422942,,,,,0.050000,5.000000,7.630000
20000702,asteroid,31.382548406,33.314163346,64170622.833154902,1.558345479364e-05,,,190.980000,-5.809513563293e-03,7.332274239890e-03,1.976384937298e-03,16.555008414,,,,,0.061000,16.707200,7.470000
20000009,asteroid,282.536614199,-25.945632453,78131555.095175564,1.279892610331e-05,,,190.000000,9.636151004696e-03,2.690478820214e-03,3.092055606465e-04,17.330982637,,,,,0.118000,5.079000,6.330000
20005145,asteroid,280.700890560,-14.588632658,6767146.486680241,1.477727727585e-04,,,190.000000,2.027259362353e-03,-1.405583167877e-04,-8.361966075410e-04,3.804780145,,,,,0.044000,9.980000,7.070000
20000029,asteroid,215.131394601,-18.372639408,75566525.297442317,1.323337279389e-05,,,189.559000,6.132519047048e-03,-6.948437576707e-03,-3.883094080426e-03,17.398082401,,,,,0.216000,5.392100,5.970000
20054598,asteroid,121.285273512,34.777344901,15533809.042878907,6.437571089226e-05,,,187.500000,-4.516296152560e-03,-1.382153545150e-03,-2.106755382609e-03,8.954444202,,,,,0.050000,9.140000,7.460000
20000006,asteroid,30.600403424,-2.262483278,106326927.382984832,9.404955307305e-06,,,185.180000,-6.174206371101e-03,1.149526815077e-02,3.579291568312e-03,23.427407120,,,,,0.267900,7.274500,5.610000
20000130,asteroid,61.017793176,-2.438274327,80879927.155734703,1.236400717912e-05,,,180.652000,-9.284941095206e-03,6.645198601421e-03,2.641451648287e-03,20.291762758,,,,,0.086000,5.225000,7.460000
20000165,asteroid,317.501023514,-13.564389212,71273242.426944658,1.403051083336e-05,,,180.083000,7.383332882211e-03,5.778221693402e-03,4.686097601354e-03,18.148192057,,,,,0.047000,7.226000,7.810000
20000039,asteroid,125.608266709,13.687793027,71518070.757160112,1.398248008389e-05,,,179.484000,-8.697006476406e-03,-4.740922300939e-03,-5.351470154020e-04,17.175549852,,,,,0.269000,5.138000,5.970000
20000209,asteroid,88.125294118,30.588332909,62331210.318561167,1.604332716931e-05,,,179.008000,-9.215463830121e-03,8.318464787082e-05,6.198636174694e-05,15.957188835,,,,,0.028000,5.736600,8.300000
20000096,asteroid,358.245926888,10.924658507,59539318.080268584,1.679562400516e-05,,,177.774000,-1.086298953503e-03,6.996345543157e-03,4.862237318082e-03,14.871414948,,,,,0.048000,13.868000,7.660000
20000423,asteroid,60.428471217,19.218224982,65291421.931979112,1.531594764534e-05,,,175.859000,-8.182643566248e-03,3.424126590287e-03,3.489468833257e-03,16.504034710,,,,,0.067000,4.775000,7.380000
20000259,asteroid,304.686715271,-25.910700359,72738634.223109618,1.374785230271e-05,,,174.318000,9.414123326037e-03,5.055716802101e-03,2.916937239593e-04,18.508866681,,,,,0.043000,8.143000,7.810000
20000372,asteroid,248.071447501,-45.120921634,52373415.458425432,1.909365641417e-05,,,173.642000,6.940141556161e-03,-2.861919354533e-03,-5.902948045903e-04,13.038294810,,,,,0.059000,8.567000,7.320000
20000747,asteroid,32.651996942,-5.897828478,102892106.834257618,9.718918494019e-06,,,171.710000,-7.762139305390e-03,1.087693325151e-02,4.241493288368e-03,24.274305390,,,,,0.050300,9.414600,8.030000
20000409,asteroid,237.470496232,-20.546262009,86432351.275526896,1.156974194549e-05,,,171.012000,9.752233128021e-03,-6.159503706060e-03,-2.121479256199e-04,19.974930139,,,,,0.054000,9.022000,7.660000
20000153,asteroid,37.396954491,15.895589687,47994530.074897200,2.083570770335e-05,,,170.630000,-4.355205659058e-03,6.439126309036e-03,1.648587638519e-03,13.759146267,,,,,0.061800,5.958500,7.740000
20000790,asteroid,174.313112175,-18.677487839,59167240.667003810,1.690124448473e-05,,,170.370000,1.344396606111e-03,-8.740009552470e-03,-2.134187403008e-03,15.750540951,,,,,0.038400,10.370000,8.040000
20127546,asteroid,246.922810315,58.089301181,7314316.691799172,1.367181709703e-04,,,170.000000,-2.868906753745e-04,-4.054015924679e-03,-2.227284274082e-04,7.047467352,,,,,0.040000,,8.060000
20000241,asteroid,182.129901282,-6.919219729,61485884.091827162,1.626389560418e-05,,,168.900000,1.005138097272e-03,-8.153350488899e-03,-3.431249364930e-03,15.414916143,,,,,0.057500,15.510000,7.750000
20000047,asteroid,146.371853646,16.874485034,63192821.079754613,1.582458233251e-05,,,168.174000,-5.281609609991e-03,-6.272757019008e-03,-3.367956138085e-03,15.349148472,,,,,0.082000,13.178000,8.170000
20000488,asteroid,252.636792785,-20.605024943,66185413.156036176,1.510906939030e-05,,,168.117000,8.681877554681e-03,-3.119484158664e-03,-3.372785254697e-03,17.007265929,,,,,0.047000,32.645000,7.880000
20000532,asteroid,346.764329650,-19.877080026,64189135.422031127,1.557896041791e-05,,,167.791000,3.307839254418e-03,7.971870592735e-03,1.688759889445e-03,15.227415376,,,,,0.285000,9.405000,5.920000
20000022,asteroid,20.916471771,-2.182736715,76464376.335865095,1.307798543478e-05,,,167.536000,-3.776982140470e-03,8.447673542922e-03,5.661747009975e-03,18.783247383,,,,,0.166000,4.148300,6.790000
20000566,asteroid,24.395057789,5.858852402,69426964.326502293,1.440362558987e-05,,,167.381000,-4.296665002303e-03,8.634787826588e-03,4.301654322376e-03,18.285128674,,,,,0.039000,12.103000,8.200000
20000049,asteroid,342.102651789,-4.696435134,78527307.198619798,1.273442367597e-05,,,166.252000,1.752470955244e-03,1.022307501735e-02,4.712884791439e-03,19.725974918,,,,,0.048000,20.705000,7.990000
20002060,asteroid,23.318259281,10.252513761,11207899.691857243,8.922278281332e-05,,,166.000000,-1.854029385340e-03,2.574442260111e-03,6.914792137192e-04,5.622123646,,,,,0.150000,5.918000,5.550000
20000059,asteroid,356.486386958,-2.494095538,85189835.920840025,1.173848956499e-05,,,165.119000,2.970573244190e-04,1.124122819936e-02,2.987712141272e-03,20.145995346,,,,,0.044000,13.671000,8.090000
20000386,asteroid,76.877042714,2.586312737,81546610.709994376,1.226292535390e-05,,,165.010000,-1.078075989282e-02,3.793471525251e-03,1.114681653775e-03,19.882200964,,,,,0.069200,9.763000,7.750000
20000128,asteroid,248.865243325,-21.379752239,70191488.399033263,1.424674163219e-05,,,162.515000,9.361226309885e-03,-1.643163094429e-03,-1.860960321212e-03,16.768845824,,,,,0.067000,38.932500,7.670000
20000194,asteroid,108.511711035,7.796824501,67296484.237954587,1.485961727903e-05,,,161.667000,-8.786501523457e-03,-1.470207945792e-03,8.481566370766e-04,15.494699764,,,,,0.057000,15.679000,7.840000
20000654,asteroid,53.574460764,31.327992500,100384643.011477634,9.961683082199e-06,,,160.736000,-1.126505959642e-02,5.521852403386e-03,-1.342554514476e-03,21.846215317,,,,,0.027000,31.735000,8.600000
20000185,asteroid,18.384559798,-8.837734406,86260641.759091213,1.159277255081e-05,,,160.464000,-3.587511279314e-03,1.119648118144e-02,1.099656441814e-03,20.445908062,,,,,0.062000,21.797000,7.630000
20000146,asteroid,103.387817714,26.999534218,73193554.160206750,1.366240526879e-05,,,160.310000,-9.456828480151e-03,-3.327852574829e-03,8.686427068601e-04,17.423373025,,,,,0.036000,18.557000,8.510000
20000054,asteroid,134.504586093,17.407059377,63843210.199332714,1.566337276709e-05,,,160.120000,-5.945521964146e-03,-4.773002652908e-03,-3.991645967786e-03,14.900996735,,,,,0.059000,7.024000,7.960000
20000596,asteroid,134.902964852,30.117160188,66604570.450874329,1.501398467448e-05,,,159.726000,-6.226181511933e-03,-6.893911781847e-03,-1.996705101984e-03,16.451408424,,,,,0.040000,15.848000,8.930000
20000444,asteroid,31.392790113,9.510980193,86574646.171539277,1.155072580971e-05,,,159.331000,-5.329632838709e-03,1.040089805883e-02,2.240925744390e-03,20.604002782,,,,,0.051000,6.214000,8.070000
20000190,asteroid,283.544490013,-16.942510004,44544473.401285753,2.244947405689e-05,,,159.000000,7.041969876317e-03,1.962099113188e-03,5.468299465426e-04,12.692676454,,,,,0.066000,6.521000,7.880000
20000238,asteroid,177.696320646,-0.371021509,66231070.658174329,1.509865369928e-05,,,155.659000,-8.922222474339e-04,-9.171306372561e-03,-1.805243386232e-03,16.257985533,,,,,0.039000,8.874900,8.040000
20000120,asteroid,163.865462273,6.599341143,67865533.964678809,1.473501999587e-05,,,155.132000,-2.561628894056e-03,-8.314731727174e-03,-4.917335302646e-03,17.303907343,,,,,0.058000,46.551000,7.780000
20000085,asteroid,46.215121382,12.216059958,82986246.269104823,1.205018957909e-05,,,154.790000,-6.707354700994e-03,8.922530749807e-03,1.404205521801e-03,19.479617014,,,,,0.066600,6.875000,7.940000
20000361,asteroid,153.593773292,21.410693162,59665949.933306031,1.675997786204e-05,,,154.334000,-6.678149649066e-03,-6.147096501542e-03,-3.796822073899e-03,17.035312389,,,,,0.038000,13.835000,8.370000
20000093,asteroid,187.060845029,-3.726960966,76154693.100576356,1.313116709274e-05,,,154.155000,2.926337109824e-03,-8.572353493802e-03,-5.382434006376e-03,18.243614665,,,,,0.056000,5.982000,7.900000
20000014,asteroid,219.689434438,-8.546955426,92732094.566141158,1.078375296793e-05,,,152.000000,6.947226924666e-03,-8.776431779218e-03,-5.142013351883e-03,21.327867022,,,,,0.159000,15.028000,6.540000
20000776,asteroid,219.937341174,-2.663433117,60632864.501890518,1.649270586530e-05,,,151.711000,5.065425634439e-03,-5.221812960161e-03,-4.479030788891e-03,14.792315609,,,,,0.065000,7.668000,7.690000
20000139,asteroid,257.550393887,-33.617180609,76097198.723235548,1.314108819744e-05,,,151.116000,9.948339029968e-03,-2.964251511159e-03,-2.088557817949e-03,18.333692438,,,,,0.052000,20.991000,8.050000
20000354,asteroid,286.775603310,-12.084183771,68485055.811898470,1.460172570709e-05,,,148.970000,9.131778269662e-03,2.253803225270e-03,-1.541582622011e-03,16.503016440,,,,,0.201000,4.277000,6.170000
20000419,asteroid,325.850339838,-9.536524851,98174308.902545407,1.018596424236e-05,,,148.701000,9.125987882261e-03,8.404973979212e-03,3.708948088892e-03,22.421098383,,,,,0.034000,16.784000,8.560000
20000471,asteroid,67.178271038,17.624914635,90595392.321552023,1.103808896208e-05,,,148.128000,-1.074544862360e-02,4.051923744416e-03,5.062321463608e-03,21.730290368,,,,,0.164000,7.113000,6.330000
20000095,asteroid,201.155192774,-17.400475305,58575994.606951110,1.707183986734e-05,,,147.969000,3.219106056958e-03,-7.630272235921e-03,-1.706373947479e-03,14.640326116,,,,,0.058000,8.705000,7.970000
20000008,asteroid,241.453305171,-16.367771095,82575628.327871338,1.211011069791e-05,,,147.491000,9.287923464528e-03,-3.334751434267e-03,-2.263416724498e-03,17.530446370,,,,,0.226000,12.865000,6.610000
20000762,asteroid,356.607539901,10.382036811,61380145.251713932,1.629191322209e-05,,,147.343000,-1.146558725574e-03,7.808911436841e-03,4.466442545348e-03,15.702204289,,,,,0.040000,5.839000,8.430000
20000187,asteroid,87.291834895,33.096267441,67751024.195849657,1.475992447154e-05,,,147.294000,-9.118153302802e-03,-1.671462900012e-03,-3.586130946129e-04,16.062760745,,,,,0.044000,10.670000,8.380000
20000536,asteroid,109.168131487,36.740982367,57435356.182158150,1.741087835912e-05,,,147.066000,-8.440651221915e-03,-2.805578199869e-03,1.143115176588e-03,15.527468437,,,,,0.048000,8.791000,8.120000
20000328,asteroid,321.001651044,-25.529228373,61172101.069187596,1.634732145082e-05,,,145.680000,5.943446676497e-03,5.032101062156e-03,4.438879439904e-03,15.520484922,,,,,0.025000,10.992000,9.010000
20000356,asteroid,155.161537097,13.700269429,83540186.808762118,1.197028685475e-05,,,145.503000,-7.522113231449e-03,-7.353991720490e-03,-4.647628329909e-03,19.912794788,,,,,0.065000,31.701000,8.370000
20000089,asteroid,5.601792047,17.880056457,98424777.123638019,1.016004332673e-05,,,145.483000,-2.602557053238e-03,1.074025159289e-02,6.653368331721e-03,22.334693736,,,,,0.189000,11.387000,6.380000
20000076,asteroid,25.294640191,10.378029304,65952874.843654871,1.516234132887e-05,,,145.423000,-5.893508397805e-03,7.686965993740e-03,2.931987905130e-03,17.522774379,,,,,0.058000,9.973000,8.000000
20000168,asteroid,18.318662868,8.276548266,66085897.374390855,1.513182145859e-05,,,145.366000,-3.469956479045e-03,8.987827230294e-03,3.005273254989e-03,17.474277553,,,,,0.056000,47.009000,8.270000
20000196,asteroid,83.633322085,24.819123833,65354027.937725909,1.530127570642e-05,,,144.626000,-9.497410476892e-03,4.090247730591e-04,1.474213200741e-03,16.656345833,,,,,0.342000,8.334000,6.720000
20000268,asteroid,30.519243014,9.818782018,59426196.747529171,1.682759548366e-05,,,144.585000,-5.001322320432e-03,6.459969342054e-03,2.832172325201e-03,14.971408661,,,,,0.041000,7.800000,8.610000
20000156,asteroid,132.406018713,8.165332071,80034155.422950029,1.249466549269e-05,,,143.346000,-6.271699654111e-03,-8.224395923790e-03,-3.796756709503e-03,19.076715450,,,,,0.030000,22.132000,8.810000
20000011,asteroid,150.678509705,13.874113260,76451613.728015468,1.308016863526e-05,,,142.887000,-5.150513663803e-03,-8.059513652269e-03,-2.689395412410e-03,17.203084474,,,,,0.191000,13.720400,6.730000
20000144,asteroid,207.179959336,-7.353487613,63776995.223847643,1.567963489798e-05,,,142.380000,4.571212867019e-03,-6.302263234048e-03,-3.295740674312e-03,14.638381186,,,,,0.059700,13.819000,8.070000
20000211,asteroid,256.410823513,-23.233856546,58613554.155354440,1.706090023733e-05,,,141.125000,8.217254981515e-03,-1.879790156860e-03,-1.970290805536e-04,14.599344954,,,,,0.062000,18.365000,7.960000
20000617,asteroid,48.833718053,21.322849477,43254895.514418982,2.311877044453e-05,,,140.362000,-5.511415006585e-03,3.578813558092e-03,4.907679655791e-03,14.200999164,,,,,0.047000,102.800000,8.230000
20000349,asteroid,276.663571982,-30.702751564,69898605.933431163,1.430643696889e-05,,,139.770000,9.765071385490e-03,1.989661033194e-03,3.007999650344e-04,17.263054553,,,,,0.384000,4.701000,6.040000
20000018,asteroid,241.480294229,-10.535477224,79327395.828641444,1.260598548023e-05,,,139.594000,9.409505106816e-03,-2.773852598313e-03,-1.573246590016e-03,17.202365642,,,,,0.181000,11.570000,6.350000
20000489,asteroid,351.023893040,-4.682432003,62411769.787688896,1.602261886503e-05,,,139.390000,1.588458004547e-03,8.945806324502e-03,1.619873594020e-03,15.979633822,,,,,0.042700,9.020000,8.600000
20000420,asteroid,157.924207317,2.076496710,61086958.169984773,1.637010631987e-05,,,138.699000,-3.563211420962e-03,-8.040339375050e-03,-3.371080845477e-03,16.307687310,,,,,0.044000,10.987000,8.320000
20000476,asteroid,270.950682939,-26.356933243,83919309.673554510,1.191620860431e-05,,,138.493000,1.116642533674e-02,-5.726966958231e-04,2.024393027257e-03,19.674348569,,,,,0.035000,27.330000,8.670000
20000051,asteroid,223.813018585,-8.915151097,91564885.394437343,1.092121718596e-05,,,138.159000,7.836600679097e-03,-8.466320207303e-03,-2.131598090410e-03,20.313066004,,,,,0.100000,7.783000,7.730000
20000069,asteroid,183.165966983,-1.594606079,75347398.552080035,1.327185834172e-05,,,138.130000,-9.608520797936e-04,-1.039979131372e-02,-2.776805824842e-03,18.711717665,,,,,0.140200,5.655000,7.210000
20000804,asteroid,218.006258288,-28.685189464,71359691.354275569,1.401351352594e-05,,,137.952000,8.120587126085e-03,-4.873781675421e-03,-3.279228231878e-03,17.353570601,,,,,0.054000,14.845000,8.000000
20000426,asteroid,17.023291552,27.741385902,65937895.220346786,1.516578587561e-05,,,137.562000,-4.889171139085e-03,7.034477684897e-03,3.646257379876e-03,16.120510677,,,,,0.040000,67.520000,8.550000
20000104,asteroid,59.602198720,21.490547557,78128281.534049511,1.279946237604e-05,,,136.553000,-1.020131807674e-02,4.446815711396e-03,2.489156594083e-03,19.744451579,,,,,0.052000,8.984000,8.530000
20000212,asteroid,330.321724043,-10.879719298,66868377.466034822,1.495475197537e-05,,,136.120000,4.220523368753e-03,7.865249731921e-03,4.154185559207e-03,17.046913926,,,,,0.046500,10.283000,8.480000
20000020,asteroid,161.632642765,7.231732764,94275962.228188232,1.060715771407e-05,,,135.680000,-5.341618215802e-03,-1.004873549624e-02,-4.255802669204e-03,21.037152585,,,,,0.241000,8.098000,6.540000
20000690,asteroid,291.529673999,-14.925785146,70354389.433421463,1.421375422420e-05,,,134.650000,8.800270899211e-03,4.372825620252e-03,3.380896692556e-03,17.993563551,,,,,0.060400,8.640000,8.140000
20000469,asteroid,218.151285413,-26.454359587,75319386.279540464,1.327679432077e-05,,,133.718000,7.127570227242e-03,-7.415210788788e-03,-4.150740873756e-03,19.204054332,,,,,0.035000,17.572700,8.660000
20000034,asteroid,102.241805590,17.492683364,82721976.961394742,1.208868594215e-05,,,132.992000,-1.083454175011e-02,-2.966104990645e-03,-1.042774039502e-03,19.533446358,,,,,0.023000,12.150000,8.760000
20000147,asteroid,334.851648299,-8.374009714,67156362.021044105,1.489062197393e-05,,,132.930000,4.342392321259e-03,8.171064237394e-03,3.569098837816e-03,17.172100465,,,,,0.049200,7.852800,8.730000
20000036,asteroid,183.221518210,-3.649907020,63817154.377339356,1.566976794495e-05,,,132.842000,-1.485114589940e-03,-6.362609029165e-03,-5.709918683339e-03,15.023970837,,,,,0.029000,9.930000,8.570000
20000098,asteroid,89.672452266,38.937106971,86463578.486104995,1.156556341420e-05,,,132.788000,-1.161398387845e-02,-1.135032796003e-03,-1.345444117538e-03,20.338769888,,,,,0.029000,16.479000,8.960000
20000283,asteroid,53.110707517,26.682812064,74478632.427483082,1.342666973610e-05,,,132.385000,-8.326015866445e-03,6.469894625330e-03,2.332343912396e-03,18.698283269,,,,,0.023000,6.896000,8.780000
20000705,asteroid,37.770766821,33.680424049,72828237.393244907,1.373093783117e-05,,,132.261000,-8.092447844172e-03,4.185201594322e-03,4.968290449086e-03,17.967778556,,,,,0.031000,53.680000,8.470000
20000046,asteroid,295.848855767,-19.121260000,90539459.250870392,1.104490802435e-05,,,131.471000,1.007419480624e-02,5.981615394357e-03,2.314890966453e-03,20.678252212,,,,,0.046000,21.040000,8.510000
20000618,asteroid,6.245928630,-14.733834660,69133437.908757240,1.446478043403e-05,,,131.292000,-3.659356664640e-05,9.813241612533e-03,3.052094905551e-03,17.794148582,,,,,0.050000,14.791000,8.550000
20000911,asteroid,171.328163348,-2.711988854,38136160.922924466,2.622183187293e-05,,,131.038000,-1.002918280548e-03,-5.133301556609e-03,-5.107822237719e-03,12.658178487,,,,,0.072000,6.592000,7.860000
20000247,asteroid,183.561440087,-3.991827470,67453993.099767148,1.482491923823e-05,,,130.935000,-1.172191077741e-03,-6.090643298950e-03,-6.858614657159e-03,16.011114076,,,,,0.064000,12.093000,8.160000
20000171,asteroid,46.419795990,15.343546527,64445087.128425032,1.551708663233e-05,,,130.808000,-7.852402424701e-03,4.783673125554e-03,2.401267831208e-03,16.454292188,,,,,0.076000,6.665350,8.630000
20000588,asteroid,184.620143909,-10.902968468,39579363.854522452,2.526569157795e-05,,,130.099000,1.278409344662e-04,-6.470894056555e-03,-3.864095247481e-03,13.051560994,,,,,0.043000,7.306000,8.220000
20000360,asteroid,326.830396557,-15.867932966,68966178.936891109,1.449986087985e-05,,,129.125000,4.237476305044e-03,8.846988908371e-03,1.781744175246e-03,17.262549160,,,,,0.043000,6.183000,8.500000
20000350,asteroid,174.869476014,28.489659951,66658094.470000327,1.500192899229e-05,,,128.729000,-3.673737276806e-03,-8.866626366317e-03,-1.980636672470e-03,16.967952820,,,,,0.048000,9.178000,8.460000
20000137,asteroid,84.827538118,11.375571949,58693836.828951813,1.703756397651e-05,,,128.678000,-8.265949951884e-03,2.317009874530e-03,-2.893318447609e-04,14.872214050,,,,,0.065000,25.676000,8.350000
20000308,asteroid,36.863711190,11.818689745,74408176.072871670,1.343938331482e-05,,,128.578000,-6.092065905996e-03,7.838942987086e-03,2.697536634430e-03,17.812895885,,,,,0.047000,12.031000,8.180000
20000200,asteroid,104.252262726,27.404470051,83147518.387091681,1.202681714858e-05,,,128.301000,-1.130659031433e-02,-8.613005829300e-04,-1.389245386327e-03,19.780394034,,,,,0.053000,37.394000,8.450000
20000070,asteroid,204.380781609,-5.198024588,79313815.306098655,1.260814394240e-05,,,127.911000,5.915949069848e-03,-7.110825552829e-03,-5.365531630592e-03,18.515356423,,,,,0.038000,15.805200,8.170000
20000145,asteroid,38.264143505,6.527135527,79905508.212376878,1.251478180130e-05,,,127.783000,-7.556724140676e-03,6.138889800753e-03,4.866350376288e-03,18.845968245,,,,,0.061000,15.071000,8.410000
20000381,asteroid,123.061307988,19.125197036,59283495.098820202,1.686810128743e-05,,,127.639000,-7.217451373894e-03,-5.144075886981e-03,-1.207614399524e-04,15.347360748,,,,,0.064000,6.572000,8.380000
20000279,asteroid,204.997174256,-8.593266646,47854141.764112189,2.089683281605e-05,,,126.590000,3.324431070599e-03,-6.830347155521e-03,-3.205932785039e-03,14.276225360,,,,,0.041200,23.896000,8.580000
20000772,asteroid,330.701282094,-41.836212638,67119897.357295796,1.489871169911e-05,,,126.473000,6.614234495776e-03,6.965072761313e-03,1.296608113447e-03,16.781875008,,,,,0.028000,17.258000,8.440000
20000092,asteroid,216.050579550,-4.713189261,61724143.606929131,1.620111582865e-05,,,126.420000,5.872747459659e-03,-6.127172261662e-03,-3.490189273787e-03,15.889154381,,,,,0.250900,15.941000,6.710000
20000111,asteroid,21.850721431,14.392661550,80633270.072001711,1.240182866337e-05,,,126.344000,-5.654751671508e-03,8.443592246843e-03,3.734891117741e-03,18.746159263,,,,,0.062000,22.072000,8.210000
20003451,asteroid,75.387360937,-1.156286880,38386571.259947084,2.605077679973e-05,,,126.288000,-6.919930823276e-03,2.302225163604e-03,-1.924849599945e-05,12.627301608,,,,,0.044000,7.702000,8.450000
20000780,asteroid,237.517641665,-0.545051690,63536038.823282003,1.573909891961e-05,,,126.263000,8.085085276924e-03,-4.171310555664e-03,-2.127252932040e-03,16.177185780,,,,,0.028000,19.891000,8.980000
20000173,asteroid,216.332151082,-0.645621703,63025728.352063209,1.586653619319e-05,,,125.821000,5.480687360565e-03,-6.241368381021e-03,-1.979031754847e-03,14.784368411,,,,,0.096000,6.150000,7.920000
20000388,asteroid,265.038554711,-29.810677160,71349711.960232049,1.401547353909e-05,,,125.754000,1.030434511298e-02,-2.578087042794e-04,-1.263873331535e-05,17.847125479,,,,,0.042000,9.516000,8.690000
20000159,asteroid,231.989627595,-12.629299262,63186863.973032236,1.582607423636e-05,,,125.236000,6.876704749300e-03,-5.687616277805e-03,-2.540964054388e-03,16.065693908,,,,,0.064000,24.476000,8.280000
20000303,asteroid,298.867479428,-25.998290905,64570494.157528214,1.548694977555e-05,,,124.923000,8.344478757677e-03,3.812475757341e-03,2.531311803286e-03,16.478233561,,,,,0.034000,12.497000,9.080000
20000203,asteroid,133.898686734,19.322457071,76140238.216371194,1.313365998617e-05,,,124.592000,-8.343975641248e-03,-5.667287586805e-03,-2.941264000961e-03,18.191927798,,,,,0.036000,24.052000,8.930000
20000344,asteroid,357.454676148,-18.220572192,100441575.175283641,9.956036613871e-06,,,124.181000,5.711087133504e-03,1.037481095767e-02,5.827782469060e-03,22.853673663,,,,,0.067000,10.747000,8.290000
20000712,asteroid,355.817811736,9.051376993,92069196.324974328,1.086139599254e-05,,,124.125000,-1.258841851495e-03,1.177996829066e-02,2.991058328882e-03,21.156302991,,,,,0.039000,11.742600,8.580000
20000357,asteroid,70.915875342,8.240189128,70062559.380103588,1.427295846523e-05,,,124.107000,-9.469453038410e-03,3.374096349563e-03,2.453021303357e-03,17.916385515,,,,,0.037000,35.983000,8.990000
20000227,asteroid,167.898281222,1.191481390,73336342.807601750,1.363580404634e-05,,,123.891000,-2.325904357265e-04,-9.253000541147e-03,-5.556524242164e-03,18.692283801,,,,,0.065000,26.468000,9.130000
20000068,asteroid,69.053489949,25.728556908,78586796.119625583,1.272478392525e-05,,,122.509000,-9.503525308354e-03,4.171700641719e-03,3.382292470229e-03,18.900656261,,,,,0.228000,14.848000,6.900000
20000127,asteroid,221.553262819,-18.074896408,74240901.755975708,1.346966397697e-05,,,122.000000,6.709851770389e-03,-6.441788353198e-03,-4.373366637811e-03,17.796570336,,,,,0.042000,12.798800,8.550000
20000216,asteroid,245.031940635,-14.633964158,61890283.714464039,1.615762507429e-05,,,122.000000,8.111075124852e-03,-2.365396167539e-03,5.682047304264e-04,14.662024680,,,,,0.116400,5.385000,7.040000
20000694,asteroid,206.378005022,-16.716005291,67644025.955088213,1.478327148452e-05,,,121.891000,6.383492996798e-03,-6.519310268084e-03,-1.064027832980e-04,15.799172271,,,,,0.026000,5.925000,9.270000
20000056,asteroid,65.219877339,14.923522874,71774260.085108459,1.393257135377e-05,,,121.333000,-7.737718005939e-03,5.520700460754e-03,1.284623958779e-03,16.607611233,,,,,0.057000,18.147000,8.530000
20000250,asteroid,30.856493462,14.972527461,70702196.051025495,1.414383224077e-05,,,120.995000,-6.723811746169e-03,6.141661774023e-03,5.072580510447e-03,18.048785030,,,,,0.112000,5.054500,7.680000
20000028,asteroid,221.803440533,-6.487854490,75177634.888107851,1.330182841597e-05,,,120.900000,5.721740531203e-03,-8.246017895175e-03,-2.902681650328e-03,18.090259589,,,,,0.176300,15.706000,7.230000
20000078,asteroid,301.612731873,-25.368589531,65532759.156770110,1.525954366743e-05,,,120.600000,7.763957772627e-03,2.999417464194e-03,2.433948787849e-03,15.014801163,,,,,0.070600,7.299100,8.300000
20000514,asteroid,345.343204893,-2.159918641,69815845.324276760,1.432339600495e-05,,,120.093000,2.300947411319e-03,9.022508875521e-03,4.062604441240e-03,17.589827332,,,,,0.030000,21.851000,9.200000
20000150,asteroid,90.066261152,21.460909948,70257891.123525858,1.423327663282e-05,,,119.128000,-1.004594316135e-02,1.210106285019e-03,2.934948800548e-04,17.527224675,,,,,0.052000,8.134700,8.580000
20000410,asteroid,78.657385939,19.665881325,61362605.861088634,1.629656997070e-05,,,118.929000,-7.822108562799e-03,1.306393511187e-03,2.153617825889e-03,14.228542578,,,,,0.043000,32.500000,8.440000
20000490,asteroid,275.896155662,-14.114561575,64866123.297336921,1.541636757628e-05,,,118.803000,9.469294097270e-03,1.763222652515e-03,3.902438381121e-04,16.691169824,,,,,0.059000,7.930000,8.660000
20003317,asteroid,63.904195193,-6.256551588,36676097.911632024,2.726571410103e-05,,,118.790000,-5.502277298860e-03,3.752670142389e-03,2.068924805062e-03,12.075349117,,,,,0.055000,7.081200,8.410000
20000074,asteroid,116.140336093,17.170660078,74397271.003913060,1.344135324463e-05,,,118.710000,-1.015040926006e-02,-1.822575049038e-03,-8.713181471873e-04,17.919681835,,,,,0.043100,17.268000,8.930000
20001867,asteroid,51.969612140,38.976927290,39056539.541196361,2.560390684242e-05,,,118.220000,-5.481489460029e-03,4.933782557712e-03,-2.251548579393e-04,12.775245625,,,,,0.060000,58.660000,8.320000
20001172,asteroid,60.900295635,21.987330954,37512375.494795978,2.665786921809e-05,,,118.020000,-5.770791399138e-03,4.207894541257e-03,-3.783859021628e-04,12.383437609,,,,,0.059000,8.705000,8.190000
20136204,asteroid,166.255975712,10.331034097,11084560.804511799,9.021557260013e-05,,,118.000000,-2.161497831590e-03,-2.929802167013e-03,-1.977220902370e-03,7.173585970,,,,,0.046000,8.240000,8.720000
20000141,asteroid,3.145340397,11.203373031,98108947.246061400,1.019275028497e-05,,,117.916000,-2.260655247956e-03,1.102328601261e-02,6.625087129759e-03,22.609616114,,,,,0.067000,19.870000,8.380000
20001437,asteroid,191.787087601,-25.447224179,38761411.486184880,2.579885410923e-05,,,117.786000,2.669214882832e-03,-5.791023926541e-03,-3.734433801623e-03,12.794828957,,,,,0.061000,24.490000,8.150000
20000081,asteroid,195.148501862,-8.873085347,62531309.501240365,1.599198878092e-05,,,117.727000,1.393080062378e-03,-7.338891073923e-03,-4.454946978564e-03,15.059349878,,,,,0.045000,10.943000,8.690000
20000508,asteroid,155.915707203,23.861796501,64722818.846146278,1.545050135065e-05,,,117.241000,-5.008735195748e-03,-7.272074114541e-03,-3.769304436443e-03,16.623621971,,,,,0.065000,52.800000,8.380000
20000791,asteroid,30.769615476,-4.541083263,75926011.262626484,1.317071690413e-05,,,116.865000,-3.796351596199e-03,9.947522846874e-03,3.122309332406e-03,19.211706376,,,,,0.026000,11.174000,9.330000
20001093,asteroid,312.995489665,-42.118704083,90120397.019667894,1.109626713897e-05,,,116.730000,1.006477059069e-02,7.810609219776e-03,1.362643323827e-03,22.184416670,,,,,0.038100,19.670000,9.040000
20000909,asteroid,152.844733345,12.738725781,54856643.426769756,1.822933263015e-05,,,116.440000,-4.504880172743e-03,-7.318098905342e-03,-1.524313912064e-04,14.881642592,,,,,0.034300,8.715500,8.760000
20000393,asteroid,126.027875801,4.126944648,55707240.123436756,1.795098801851e-05,,,116.191000,-5.695391197615e-03,-4.285772727492e-03,-1.609248227870e-03,12.652082061,,,,,0.022000,38.455000,8.380000
20000063,asteroid,359.184907077,2.050039875,88190147.853146240,1.133913508871e-05,,,116.044000,1.379530684095e-03,9.873172372268e-03,5.484145662962e-03,19.700486006,,,,,0.125000,9.298000,7.130000
20000090,asteroid,164.573280936,8.964551214,57379355.076983728,1.742787102885e-05,,,115.974000,-1.771902051665e-03,-7.508138422168e-03,-3.303723931049e-03,14.530458736,,,,,0.058000,16.509000,8.430000
20000181,asteroid,9.299357203,-9.931158233,67575690.120365396,1.479822104989e-05,,,115.383000,-3.277532256183e-03,9.192828730139e-03,1.974618104683e-03,17.240775238,,,,,0.101000,52.230000,8.070000
20000012,asteroid,58.818370580,19.533989896,83934538.575081751,1.191404655314e-05,,,115.087000,-7.906100517963e-03,7.046584325097e-03,1.372078859031e-03,18.490416890,,,,,0.163000,8.659900,7.290000
20000505,asteroid,317.844134998,-23.214082852,73444983.930858701,1.361563372308e-05,,,115.000000,5.303798110726e-03,8.136421399184e-03,2.505709278822e-03,17.367315341,,,,,0.040000,8.178900,8.750000
20000276,asteroid,224.226049413,-11.071451277,65129703.311036944,1.535397751199e-05,,,114.723000,6.158351294670e-03,-7.325276552948e-03,6.018665628107e-04,16.602785187,,,,,0.051000,6.315000,8.570000
20001143,asteroid,166.064773163,3.160093079,41233336.606791086,2.425222119510e-05,,,114.624000,-2.513544625464e-03,-6.911256474912e-03,-2.760680389246e-03,13.601001663,,,,,0.050000,10.114000,8.390000
20000751,asteroid,109.910963145,29.841692444,83484957.386686057,1.197820579063e-05,,,113.699000,-1.058274711633e-02,-2.900833316273e-03,1.785192305756e-03,19.249274819,,,,,0.027000,23.678000,8.940000
20002241,asteroid,24.971362082,25.234070443,37454927.841181211,2.669875654921e-05,,,113.682000,-3.595280423714e-03,5.957642413633e-03,1.344109339818e-03,12.270908553,,,,,0.048000,7.689000,8.520000
20000129,asteroid,352.144945213,-10.722856421,71728782.227330282,1.394140495555e-05,,,113.000000,3.832066361571e-03,9.203565029001e-03,1.802287332717e-03,17.541510597,,,,,0.151000,4.957200,7.010000
20000206,asteroid,106.373114040,20.156799096,78271207.814157233,1.277609005823e-05,,,113.000000,-1.044314772180e-02,-2.697949104996e-03,-5.784520328222e-04,18.702368550,,,,,0.057000,11.122000,8.930000
20762135,asteroid,99.297913684,38.140443420,7205757.294748504,1.387779186969e-04,,,112.700000,-1.311591233765e-03,-5.368714150513e-04,3.624354679434e-03,6.738114905,,,,,0.074000,263.800000,8.280000
20000545,asteroid,128.188990757,24.397512368,54841095.955725387,1.823450065271e-05,,,112.631000,-6.663155936005e-03,-3.425035795262e-03,-2.980543121094e-03,13.960756395,,,,,0.041000,7.200000,8.810000
20000057,asteroid,257.379008013,-9.833661152,59839092.435831890,1.671148340146e-05,,,112.590000,8.681495537155e-03,-1.516583484280e-03,5.102874877759e-04,15.284830186,,,,,0.214900,25.324000,6.940000
20000659,asteroid,162.090745078,8.485962535,35784083.744509190,2.794538508069e-05,,,112.320000,-2.192436733125e-03,-5.619763635481e-03,-3.007300070473e-03,11.670632506,,,,,0.035000,15.980000,8.700000
20003793,asteroid,182.849076382,-7.374279098,40365693.125080101,2.477351242059e-05,,,112.046000,-2.331245576560e-04,-7.673183331070e-03,-5.350604610339e-04,13.324162720,,,,,0.042000,5.621000,8.800000
20000517,asteroid,325.671166320,-11.102717838,66813345.107070401,1.496706980316e-05,,,111.890000,4.248473871343e-03,8.087721907346e-03,3.803128528405e-03,17.133949775,,,,,0.026000,9.274700,9.640000
20003063,asteroid,177.616552593,-11.772714558,41140750.160946362,2.430680034000e-05,,,111.655000,9.706925702645e-05,-6.977231698330e-03,-3.566946745542e-03,13.568954943,,,,,0.056000,8.637000,8.540000
20000230,asteroid,334.614544399,-0.455720660,90805866.245848775,1.101250438262e-05,,,111.332000,4.302423729896e-03,1.007091148592e-02,4.049279620995e-03,20.216623308,,,,,0.164000,24.005500,7.500000
20000788,asteroid,311.113123086,-7.256274446,67996394.583319545,1.470666211242e-05,,,111.295000,8.396295198826e-03,5.408535464144e-03,7.799927245416e-04,17.345569843,,,,,0.041000,37.137000,8.780000
20000040,asteroid,106.295458275,23.395478335,90344214.457957998,1.106877740871e-05,,,111.251000,-1.105442356540e-02,-2.551280836729e-03,-1.977013933820e-04,19.646382269,,,,,0.220000,8.910000,6.560000
20000042,asteroid,98.871151948,25.244717004,74461990.626620665,1.342967051491e-05,,,110.997000,-9.510201488792e-03,-2.451885473304e-04,1.442222721296e-03,16.660183147,,,,,0.139000,13.590000,7.700000
20000083,asteroid,350.591633271,-7.475050303,79226164.254555941,1.262209283270e-05,,,110.503000,2.532799679644e-03,8.854462404713e-03,4.561318233218e-03,17.794643009,,,,,0.050000,10.111000,8.730000
20000602,asteroid,172.317182927,-3.193709828,54806125.642574541,1.824613559662e-05,,,110.444000,-1.512922972949e-03,-6.030368018454e-03,-4.745774521212e-03,13.542676860,,,,,0.067000,35.195000,8.660000
20310071,asteroid,250.889863327,-31.506690678,9164843.993852966,1.091126047176e-04,,,110.060000,2.600465101143e-03,-2.015392179343e-03,-2.356736844677e-03,7.007253722,,,,,0.121000,8.988000,7.830000
20000086,asteroid,137.110855565,20.159262404,67422763.944614232,1.483178590574e-05,,,109.929000,-8.454051886010e-03,-4.969754825588e-03,-1.411809290573e-03,17.154767354,,,,,0.056000,16.634000,8.710000
20000140,asteroid,162.805802967,10.068419061,65341113.631002530,1.530429991823e-05,,,109.790000,-1.657863298859e-03,-8.106129823016e-03,-3.262253055235e-03,15.399276369,,,,,0.067600,34.445000,8.450000
20000895,asteroid,203.902389519,-32.200870203,59742153.885522753,1.673859971497e-05,,,109.568000,3.220021809473e-03,-8.164653875099e-03,-1.420231960583e-03,15.394118972,,,,,0.071000,9.347000,8.310000
20000266,asteroid,99.212400064,13.879190319,78949805.418902948,1.266627567597e-05,,,109.494000,-1.079782927305e-02,3.683247843885e-04,-2.086990461180e-03,19.052659412,,,,,0.027000,13.018000,8.720000
20000405,asteroid,50.852851854,23.026294284,67006096.295488678,1.492401520587e-05,,,108.894000,-7.660868735571e-03,4.366302996490e-03,-4.855968642880e-05,15.267863241,,,,,0.018000,9.950000,8.800000
20001583,asteroid,187.455496878,-18.389459474,38496445.404433541,2.597642430345e-05,,,108.842000,6.577097441109e-04,-7.252072172617e-03,5.551966323466e-05,12.608550876,,,,,0.054000,15.759000,8.560000
20000037,asteroid,251.367763285,-25.158677352,66462408.068758458,1.504609942760e-05,,,108.350000,8.528151820902e-03,-2.168594355742e-03,-1.144596179847e-03,15.364401575,,,,,0.182600,7.333500,7.340000
20000786,asteroid,112.885267155,27.067214208,62241595.865116760,1.606642609497e-05,,,108.309000,-7.813081457896e-03,-4.982072492896e-03,3.641920529220e-05,16.044413263,,,,,0.052000,29.434000,8.870000
20000134,asteroid,37.762965422,25.248151823,89880048.408516839,1.112593971306e-05,,,108.000000,-8.725927610253e-03,6.928739450434e-03,4.275609851692e-03,20.663911478,,,,,0.036400,17.196000,8.970000
20000663,asteroid,244.613231664,-17.029656332,73981813.283913314,1.351683549797e-05,,,107.795000,8.871730381536e-03,-6.002704317817e-03,9.760215712053e-04,18.623641589,,,,,0.031000,10.251000,9.160000
20000023,asteroid,314.499640446,-26.577533373,63732910.825092986,1.569048058615e-05,,,107.530000,6.346773066010e-03,5.250177240972e-03,1.567172412801e-03,14.517614462,,,,,0.253600,12.312000,7.130000
20000521,asteroid,10.261913685,-7.011799821,99058829.092714921,1.009501130953e-05,,,107.227000,-3.328562773170e-03,1.152589328492e-02,5.694228041002e-03,22.993184788,,,,,0.073000,28.479000,8.580000
20000176,asteroid,88.140381857,2.311627469,72578669.890571550,1.377815274801e-05,,,106.976000,-1.048372197934e-02,1.859938376609e-03,-1.358555360229e-03,18.585031348,,,,,0.065000,11.287700,8.440000
20000062,asteroid,344.064916440,-8.247375237,73399891.649353236,1.362399831293e-05,,,106.921000,1.887425511291e-03,9.845405497256e-03,3.943209375971e-03,18.651839778,,,,,0.048000,9.221300,8.900000
20000005,asteroid,298.931574777,-18.541213697,68702843.786646441,1.455543824511e-05,,,106.699000,8.386198318673e-03,3.393937690794e-03,6.668371174575e-04,15.706881567,,,,,0.274000,16.806000,6.970000
20000058,asteroid,321.558999516,-13.141255084,74564005.643343911,1.341129666214e-05,,,106.517000,6.894698662209e-03,7.202071556381e-03,2.220419667138e-03,17.686047020,,,,,0.044000,9.895000,9.020000
20000506,asteroid,205.643383436,-28.674515210,64739243.916610293,1.544658138560e-05,,,105.940000,4.321559103239e-03,-7.333187154326e-03,-4.003939217368e-03,16.287021805,,,,,0.045400,13.546000,8.980000
20000229,asteroid,217.719414597,-15.326602229,57658951.061450802,1.734336094554e-05,,,105.912000,6.569439127310e-03,-5.366803122064e-03,-2.657037585224e-03,15.391468519,,,,,0.035000,6.600000,9.330000
20001269,asteroid,91.613443797,21.546144905,55665882.362541616,1.796432496097e-05,,,104.893000,-9.124972044528e-03,-1.015176863692e-03,-6.326377264257e-05,15.897348217,,,,,0.048000,60.450000,8.770000
20000739,asteroid,118.056069227,13.781430009,81512928.355991468,1.226799257699e-05,,,104.517000,-8.914508131674e-03,-6.687074255322e-03,1.300134752126e-03,19.425970984,,,,,0.051000,23.920000,8.860000
20000748,asteroid,294.323266272,-20.506395020,45185768.864854500,2.213086166556e-05,,,103.714000,6.464280859964e-03,3.202603290559e-03,1.653094367051e-03,12.814689248,,,,,0.041000,11.905000,9.080000
20000091,asteroid,120.647548290,22.500345179,87846918.315730408,1.138343859037e-05,,,103.402000,-1.064244650637e-02,-4.501992646997e-03,-2.070148141983e-03,20.326382855,,,,,0.048000,6.025000,9.120000
20000035,asteroid,151.168908600,15.390209868,79665647.406013921,1.255246185227e-05,,,103.055000,-4.387890104171e-03,-8.962851492737e-03,-5.524860448149e-03,19.750023856,,,,,0.066000,31.900000,8.690000
20000275,asteroid,121.058535899,19.129306069,83703881.450415894,1.194687728540e-05,,,103.000000,-9.327764824992e-03,-6.571210273426e-03,-1.812921697393e-03,20.003736436,,,,,0.049000,14.933000,9.040000
20000424,asteroid,78.450161339,20.179314924,83525086.505491391,1.197245093466e-05,,,102.565000,-1.118570848398e-02,1.530739755046e-03,2.344851604246e-03,19.965249087,,,,,0.027000,20.063000,9.730000
20000814,asteroid,246.812682875,-13.289083570,55275258.886239685,1.809127664256e-05,,,102.229000,7.374547804743e-03,-7.425744241937e-05,-3.258236171816e-03,13.960049657,,,,,0.054000,36.081000,8.740000
20000431,asteroid,112.351121071,21.642382780,59326526.790622324,1.685586623888e-05,,,101.900000,-8.506303881759e-03,-1.882579886807e-03,-5.217283779100e-04,15.111711813,,,,,0.055000,13.530000,9.090000
20000481,asteroid,228.596001158,-15.099662174,65106204.034181416,1.535951933974e-05,,,101.829000,6.584896445033e-03,-4.724195305329e-03,-3.624932147581e-03,15.371886625,,,,,0.032000,14.412000,8.790000
20000260,asteroid,255.356360263,-16.307789880,60522527.330249958,1.652277332279e-05,,,101.539000,9.284261597293e-03,-1.161748194508e-03,-6.431621538363e-04,16.238889571,,,,,0.044000,8.290000,9.280000
20000522,asteroid,333.476249425,-13.604543445,61311389.863846295,1.631018318490e-05,,,101.220000,4.350543493668e-03,8.186558933181e-03,2.895354213311e-03,16.816542384,,,,,0.038800,8.129000,9.020000
20000884,asteroid,58.693780745,28.135214472,36226968.703144312,2.760374482873e-05,,,101.093000,-5.758219986578e-03,3.590742261168e-03,1.048820152086e-03,11.889266343,,,,,0.044000,6.860500,8.640000
20055576,asteroid,309.610341195,-20.633436906,8325302.613288017,1.201157539191e-04,,,100.900000,3.318417259789e-03,4.101638526467e-04,9.172845143818e-04,6.003322759,,,,,0.180000,9.760000,7.500000
20000494,asteroid,350.150998557,-10.245080300,69059216.226349577,1.448032651750e-05,,,100.786000,2.931813891449e-03,8.421645745055e-03,4.417204775884e-03,17.230505328,,,,,0.065000,40.420000,9.280000
20001021,asteroid,284.003997547,-19.372964946,70472656.984781474,1.418990063360e-05,,,100.765000,8.173285752720e-03,5.195716224430e-03,-6.330785858776e-04,16.804843907,,,,,0.045000,12.155000,9.010000
20000097,asteroid,227.218363940,-6.364377799,62884959.530063853,1.590205364642e-05,,,100.717000,5.399649837546e-03,-6.112600995566e-03,-1.736793647405e-03,14.438373601,,,,,0.128000,35.150000,7.790000
20000387,asteroid,177.167410752,15.063412138,72481483.116586223,1.379662717982e-05,,,100.510000,1.317369142640e-03,-9.611880842713e-03,-2.389700923117e-03,17.300224691,,,,,0.190000,24.144000,7.490000
20001208,asteroid,52.626156230,24.238658050,40695829.231505446,2.457254266307e-05,,,100.477000,-5.229573870708e-03,1.820155167810e-03,5.458353976063e-03,13.462568033,,,,,0.041000,56.170000,9.050000
20000164,asteroid,256.152703773,-23.056212389,81841108.670053750,1.221879830626e-05,,,100.254000,1.006576344451e-02,3.216751132149e-03,-3.280085551239e-03,19.157929710,,,,,0.029000,13.660000,8.770000
20000233,asteroid,184.083587075,-6.656320201,70824187.266786784,1.411947017808e-05,,,99.672000,1.315054998947e-03,-9.082260326074e-03,-2.774731893164e-03,16.599963449,,,,,0.094000,19.694000,8.430000
20001173,asteroid,30.449485393,19.276725024,41815016.303486682,2.391485376311e-05,,,99.549000,-3.720538369960e-03,6.575222002095e-03,2.597232914707e-03,13.832332114,,,,,0.050000,11.595000,8.920000
20000192,asteroid,273.418085064,-29.796591633,87118272.200444937,1.147864821859e-05,,,98.776000,1.075594918685e-02,2.690738723305e-03,1.977809052060e-03,19.500405037,,,,,0.327000,13.625000,7.200000
20000373,asteroid,19.132321844,13.667475825,75324611.589003071,1.327587330229e-05,,,98.695000,-3.725090697897e-03,8.039345570536e-03,6.540754898796e-03,19.068745096,,,,,0.040000,12.986900,9.130000
20000733,asteroid,36.734786364,34.069125779,59056365.572359897,1.693297564637e-05,,,98.493000,-7.006266355743e-03,4.735017686922e-03,3.284382525665e-03,15.707217709,,,,,0.044000,11.374000,9.320000
20000021,asteroid,212.285061969,-10.654041950,80576097.419773638,1.241062836278e-05,,,98.000000,7.091964877315e-03,-6.880141077098e-03,-3.462914514381e-03,18.128616353,,,,,0.190000,8.165500,7.490000
20000362,asteroid,202.532794889,-8.960752730,77133708.040966421,1.296450054584e-05,,,98.000000,3.938930942002e-03,-8.079375382596e-03,-5.074739200692e-03,17.872162679,,,,,0.052000,16.920000,9.120000
20000713,asteroid,296.893361877,-10.802289012,67011035.348629147,1.492291523027e-05,,,97.968000,8.502301375191e-03,5.227000673360e-03,2.387049631718e-03,17.768212308,,,,,0.048000,9.914300,9.080000
20000148,asteroid,213.436113161,10.718056908,62816723.389172480,1.591932762562e-05,,,97.750000,4.210052748629e-03,-7.337705365214e-03,-1.359973685075e-03,14.835664622,,,,,0.164000,20.664000,7.580000
20002207,asteroid,55.733933517,12.899013447,40284632.560148194,2.482336157608e-05,,,97.658000,-6.418445281878e-03,3.873844167539e-03,1.475678536434e-03,13.229592008,,,,,0.051000,7.964500,8.910000
20000053,asteroid,350.121000647,-6.629760438,76611617.337479427,1.305285066095e-05,,,97.262000,-2.237198421716e-05,9.755148990081e-03,3.412355233993e-03,17.894219031,,,,,0.028000,9.036000,8.890000
20000335,asteroid,86.113164445,18.878244395,72179316.480535671,1.385438445195e-05,,,97.109000,-9.258135654621e-03,1.101451223866e-03,8.384772507614e-04,16.208259349,,,,,0.049000,12.054000,9.100000
20000162,asteroid,8.168227282,0.429788435,60382169.664067589,1.656118032133e-05,,,97.021000,-2.187928905197e-03,7.309003939762e-03,4.106943092049e-03,15.002406875,,,,,0.051000,11.868600,9.100000
20000363,asteroid,214.922345748,-10.936870569,71106794.046481222,1.406335376823e-05,,,97.000000,6.109566870332e-03,-6.630247696139e-03,-3.872230980225e-03,16.989568038,,,,,0.059000,8.401000,9.040000
20001180,asteroid,176.196397665,9.449070242,48905507.609549277,2.044759473685e-05,,,97.000000,1.514403708630e-04,-7.430862322603e-03,-3.278655733216e-03,14.065380934,,,,,0.058000,14.894000,9.410000
20000769,asteroid,253.827419094,-27.107544782,77670841.768891230,1.287484437178e-05,,,96.720000,1.120247083643e-02,-1.123122010097e-03,-1.653654749742e-03,19.702984477,,,,,0.052000,35.080000,9.160000
20001268,asteroid,289.755058710,-26.184535070,46897604.264548145,2.132305083985e-05,,,96.710000,7.409940208326e-03,2.009837111188e-03,1.161777891931e-03,13.444891887,,,,,0.043000,17.572000,9.120000
20000674,asteroid,226.326595510,-14.933246516,64443825.020190798,1.551739052868e-05,,,96.171000,5.442399362717e-03,-5.691986011042e-03,-4.657714625935e-03,15.841904799,,,,,0.206000,30.982000,7.430000
20000412,asteroid,223.656163602,-3.682847444,77710172.910487011,1.286832807787e-05,,,96.056000,6.929404518708e-03,-7.066114768391e-03,-4.231895890345e-03,18.636747638,,,,,0.044000,19.635000,9.140000
20000027,asteroid,359.965246966,-1.732927526,89985854.968840718,1.111285768576e-05,,,96.000000,-1.811423398871e-03,1.040436908498e-02,4.536809710840e-03,19.901572549,,,,,0.215000,10.408200,7.030000
20002363,asteroid,61.102872478,3.982935024,38116025.382264055,2.623568407175e-05,,,95.976000,-5.981516430065e-03,3.603691562724e-03,-2.033828209514e-03,12.593487852,,,,,0.044000,20.099000,9.000000
20000225,asteroid,272.479817086,-3.172184722,80353687.309130862,1.244497960813e-05,,,95.934000,1.179590737171e-02,1.594320144072e-03,1.334024671157e-03,20.738842509,,,,,0.062000,7.355600,8.780000
20000554,asteroid,147.062534585,11.708653575,90766122.510145530,1.101732642472e-05,,,95.870000,-7.952568820747e-03,-7.579250462332e-03,-3.891207507321e-03,20.179450453,,,,,0.049600,13.712800,9.290000
20001390,asteroid,75.270220751,38.167480364,60674568.213011585,1.648136986306e-05,,,95.849000,-8.988136423161e-03,6.928451429684e-04,2.590968394604e-03,16.240635764,,,,,0.033000,26.490000,9.160000
20004063,asteroid,193.614271091,13.959449765,38249347.352593444,2.614423694035e-05,,,95.619000,2.897579935010e-04,-6.966724356064e-03,-2.045207417835e-03,12.581638143,,,,,0.070000,8.846000,8.710000
20000466,asteroid,210.409472031,-31.613219251,67212899.618194014,1.487809640234e-05,,,95.495000,5.827614448496e-03,-8.019928939475e-03,-2.508028855586e-03,17.705833852,,,,,0.092000,8.834000,8.410000
20000221,asteroid,335.525647457,-12.454261685,76164897.061167568,1.312940788454e-05,,,95.469000,4.842863432742e-03,9.642822521727e-03,1.966497932058e-03,18.991206032,,,,,0.166000,10.443000,7.720000
20000143,asteroid,109.246983273,30.649257299,72438698.915486470,1.380477583076e-05,,,95.377000,-9.380234628834e-03,-2.420392576058e-03,-2.635643871749e-03,17.383147198,,,,,0.044000,22.005000,9.330000
20000586,asteroid,353.123680427,-1.516185613,65345374.884919621,1.530330190562e-05,,,95.203000,6.435219829515e-04,8.756126794846e-03,3.615888762582e-03,16.440502105,,,,,0.040000,13.670000,9.520000
20000709,asteroid,161.261320384,2.490011505,63465894.518058315,1.575649421778e-05,,,95.173000,-2.527146970866e-03,-6.637269974669e-03,-5.483245074416e-03,15.535500793,,,,,0.034000,52.400000,9.160000
20000407,asteroid,242.918001280,-26.852972270,75426121.851765200,1.325800631730e-05,,,95.070000,9.444089738864e-03,-3.757174414900e-03,-6.115358126444e-04,17.630377327,,,,,0.054800,22.627000,9.150000
20000404,asteroid,8.240975147,-11.809553769,68497416.168829143,1.459909082607e-05,,,94.970000,6.351463030926e-04,8.405049344787e-03,3.363734744857e-03,15.713672114,,,,,0.037000,8.887000,9.100000
20000105,asteroid,10.376312211,3.340940819,80396007.338169917,1.243842863730e-05,,,94.864000,-2.286278155611e-04,1.028342299394e-02,3.801503945183e-04,17.821862047,,,,,0.032000,37.150000,8.750000
20000026,asteroid,175.987485544,4.759779633,80970929.993151098,1.235011133112e-05,,,94.800000,-2.216080729686e-04,-9.890133015533e-03,-4.796611046596e-03,19.035894963,,,,,0.196600,13.110000,7.480000
20002357,asteroid,49.927545562,16.159100528,37892002.200346872,2.639079335826e-05,,,94.625000,-5.583590951641e-03,4.275431367846e-03,1.625519270258e-03,12.497486355,,,,,0.052000,14.449000,8.980000
20000191,asteroid,315.500944388,-11.827526699,73707287.141148180,1.356717956645e-05,,,94.536000,6.839823735183e-03,7.808064529720e-03,1.253610568979e-03,18.103505265,,,,,0.046000,17.604000,9.090000
20000175,asteroid,227.338836859,-19.301531138,62796606.588063970,1.592442735895e-05,,,94.532000,8.361411143306e-03,-3.657652184798e-03,-2.008967870808e-03,16.180329136,,,,,0.094000,8.324000,8.620000
20000754,asteroid,22.264103559,-0.461085891,68586141.694177270,1.458020491164e-05,,,94.522000,-4.209214801175e-03,8.941345046594e-03,-1.698713030330e-04,17.113766738,,,,,0.042000,11.732000,9.290000
20000635,asteroid,12.414802269,3.255560260,70107645.392649606,1.426377956925e-05,,,94.415000,-2.760893257440e-03,9.737514721087e-03,2.122077010068e-03,17.905719661,,,,,0.034000,11.790000,9.290000
20000286,asteroid,286.717647956,-10.229146175,64996941.817583986,1.538533924883e-05,,,94.300000,9.102113741240e-03,3.155807713085e-03,-1.039926982691e-03,16.777186427,,,,,0.050800,15.365000,9.020000
20000114,asteroid,34.912301216,9.816061257,73068041.422577739,1.368587388591e-05,,,94.178000,-6.837322042641e-03,6.796016247396e-03,2.469060076759e-03,17.230480920,,,,,0.089000,10.743100,8.460000
20000589,asteroid,23.169732234,4.595409780,68370382.961235732,1.462621615805e-05,,,93.617000,-4.180209646255e-03,8.948368915302e-03,2.044604680912e-03,17.463514104,,,,,0.041000,24.932000,9.310000
20000567,asteroid,143.351136024,24.098738743,69326529.865900666,1.442449235429e-05,,,93.410000,-6.329100908274e-03,-7.447500710435e-03,-3.028640833399e-03,17.716403966,,,,,0.043900,7.717000,9.150000
20000195,asteroid,217.250080499,-18.828330781,71493861.644375801,1.398721480418e-05,,,93.109000,6.349681899399e-03,-6.748147162701e-03,-4.057020390206e-03,17.513869046,,,,,0.051000,16.521000,9.230000
20000326,asteroid,171.594943981,23.750615649,86044697.153648287,1.162186669347e-05,,,93.000000,-2.084498178025e-03,-8.039142021117e-03,-7.088048643547e-03,18.904889939,,,,,0.036800,14.445000,9.370000
20000030,asteroid,0.400284712,2.014704649,97990841.384173974,1.020503534692e-05,,,92.787000,-1.048347785666e-03,1.132133168140e-02,5.176401195996e-03,21.630512626,,,,,0.192000,13.686000,7.570000
20000038,asteroid,284.705422857,-24.222838330,65352592.432681382,1.530161180721e-05,,,92.255000,8.638181979742e-03,1.390029292984e-03,1.751647177450e-03,15.449664020,,,,,0.055000,12.838000,8.490000
20000978,asteroid,284.402284455,-2.407164324,75146470.108257607,1.330734495658e-05,,,92.105000,9.803835556056e-03,4.483836694765e-03,2.666521316064e-03,19.228552708,,,,,0.027000,10.099000,9.640000
20001177,asteroid,251.562500893,-22.027676637,61106994.660260513,1.636473869415e-05,,,91.980000,8.517237260609e-03,-3.650579021758e-03,1.050509150305e-03,16.147506234,,,,,0.039800,30.510000,9.340000
20000528,asteroid,352.481073784,-15.578961368,61479101.066851169,1.626569000924e-05,,,91.966000,2.150636971499e-03,8.007535261036e-03,4.530165555966e-03,16.359130058,,,,,0.046000,7.337000,9.230000
20000773,asteroid,138.749837394,17.959792545,67121491.022978246,1.489835795897e-05,,,91.672000,-6.200567002042e-03,-4.966948248105e-03,-5.097037340385e-03,16.343466399,,,,,0.048000,6.751400,9.130000
20000957,asteroid,331.030043247,3.591507211,67744702.866889507,1.476130173550e-05,,,91.548000,3.675196888052e-03,8.420083617488e-03,2.938605269688e-03,16.701180770,,,,,0.025000,85.050000,9.870000
20004709,asteroid,57.956474488,25.824066389,39228821.959347345,2.549146138103e-05,,,91.433000,-5.752891784843e-03,4.624610841519e-03,-1.401395039265e-03,13.008611330,,,,,0.077000,12.275000,8.610000
20000491,asteroid,222.086297450,-1.984204783,59674066.733697020,1.675769818844e-05,,,91.176000,5.899467996751e-03,-6.575908933805e-03,-6.891549742030e-04,15.342821479,,,,,0.037000,14.836000,9.010000
20000740,asteroid,225.478007652,-6.534146222,72159252.448119476,1.385823669278e-05,,,90.900000,6.688210508130e-03,-7.214582228703e-03,-3.662100422870e-03,18.175624224,,,,,0.055200,64.453000,9.160000
20000595,asteroid,171.543387660,15.739218867,61197926.447509900,1.634042292034e-05,,,90.647000,-2.133185675114e-03,-6.982175763027e-03,-5.476165495127e-03,15.801822642,,,,,0.145000,11.801000,7.960000
20000377,asteroid,3.660306164,4.638636888,81427005.956771836,1.228093785655e-05,,,90.346000,-1.468893248156e-03,1.052892357775e-02,3.259455444230e-03,19.252673368,,,,,0.060000,11.664000,9.110000
20000345,asteroid,251.676268416,-16.057439460,83667646.726232156,1.195205123041e-05,,,90.243000,1.004118562295e-02,-3.462109361032e-03,1.103883235714e-05,18.390299524,,,,,0.052000,12.371000,9.050000
20000358,asteroid,226.319591791,-14.349635706,62693348.459307492,1.595065544551e-05,,,90.116000,6.223403505703e-03,-5.800468863751e-03,-2.158255198713e-03,15.196851339,,,,,0.050000,50.600000,9.130000
20002797,asteroid,195.179689900,15.278436619,42075614.217188165,2.376673564022e-05,,,89.430000,-9.813049753378e-06,-6.763992870410e-03,-4.137341848933e-03,13.728748820,,,,,0.073000,10.145000,8.790000
20001467,asteroid,338.114901159,-4.054417538,69118608.689651340,1.446788381534e-05,,,89.160000,3.757155771979e-03,6.767014768580e-03,7.146054010264e-03,18.239958581,,,,,0.083000,9.760000,8.770000
20000758,asteroid,208.895515067,-5.999641192,57635746.286880881,1.735034357016e-05,,,88.985000,3.465329381663e-03,-7.097156045507e-03,-3.203631828343e-03,14.757192354,,,,,0.121000,12.725300,8.360000
20000455,asteroid,240.736982287,-17.742637873,77487865.000034630,1.290524651827e-05,,,88.792000,1.011617254332e-02,-9.161718276012e-04,-2.784116676185e-03,18.236081472,,,,,0.033000,11.839000,8.920000
20000414,asteroid,45.536570163,8.147226841,63239244.899159625,1.581296553421e-05,,,88.760000,-7.121495744222e-03,5.914815348841e-03,3.353118572313e-03,17.047961859,,,,,0.027000,11.005000,9.630000
20000552,asteroid,308.177581070,-13.676651229,69414070.203163028,1.440630115873e-05,,,88.697000,8.497641036351e-03,4.736148873566e-03,3.256823711850e-03,17.763085648,,,,,0.036000,17.156000,9.630000
20000952,asteroid,103.221576746,32.838222509,74556895.130748093,1.341257570137e-05,,,88.692000,-1.070014456948e-02,5.982402632616e-05,7.358112391621e-04,18.570880803,,,,,0.047000,7.500000,9.500000
20000124,asteroid,321.022955059,-12.916110824,81055774.396826044,1.233718396304e-05,,,88.648000,7.724601804292e-03,7.258590266205e-03,2.773035106507e-03,18.970820388,,,,,0.128000,9.906000,8.060000
20000667,asteroid,207.968409070,9.654792741,63383639.416593879,1.577694195544e-05,,,88.630000,2.655733796473e-03,-9.033228686008e-03,-6.044330742828e-04,16.336135306,,,,,0.062000,12.687000,9.400000
20002920,asteroid,171.562517571,-14.957710399,40054233.497627117,2.496614995914e-05,,,88.574000,-8.887353564233e-04,-7.346754003923e-03,-1.527544096870e-03,13.083449252,,,,,0.068000,10.212000,8.840000
20001028,asteroid,176.988679962,10.931995633,61227569.626497947,1.633251174430e-05,,,88.526000,-2.181552331346e-03,-8.259258066390e-03,-3.989758780992e-03,16.324680595,,,,,0.038000,11.680000,9.340000
20000240,asteroid,195.302244060,-4.276444877,68041575.872270748,1.469689652511e-05,,,87.928000,1.066355874952e-03,-8.397957499412e-03,-3.525124635269e-03,15.877497779,,,,,0.031000,10.565000,9.150000
20000445,asteroid,103.359141061,26.775176409,67813834.950642467,1.474625348541e-05,,,87.812000,-9.508395307609e-03,1.560472527582e-03,-3.039045739809e-03,17.493752095,,,,,0.044000,19.959000,9.290000
20000401,asteroid,343.138097043,-12.542000211,63578366.310636550,1.572862056748e-05,,,87.803000,3.416329451864e-03,8.087890561186e-03,4.111523022238e-03,16.786195177,,,,,0.052000,6.049000,9.440000
20015436,asteroid,165.007015620,-11.122068080,39466843.451109350,2.533772434167e-05,,,87.646000,-1.608575314566e-03,-6.797237066203e-03,-2.771624494923e-03,13.011509163,,,,,0.053000,8.970000,9.110000
20000570,asteroid,310.918769802,-16.262637845,62796114.297142699,1.592455219869e-05,,,87.486000,6.801273556612e-03,6.325336602792e-03,2.730135044095e-03,16.762151499,,,,,0.069000,8.117000,8.880000
20003596,asteroid,185.936278381,-8.193767080,38237443.791938871,2.615237580842e-05,,,87.380000,8.057443204967e-04,-4.942106195228e-03,-5.255969329228e-03,12.569333323,,,,,0.048000,6.540000,9.260000
20002893,asteroid,45.766048685,3.418178152,38756116.578278184,2.580237878014e-05,,,86.884000,-4.599517006926e-03,4.926164021178e-03,2.858756485875e-03,12.675770383,,,,,0.048000,8.945000,9.000000
20000886,asteroid,135.877105799,33.368262582,58471072.584903419,1.710247402334e-05,,,86.793000,-7.647723389907e-03,-3.980088261600e-03,-2.069713775176e-04,14.931906756,,,,,0.078000,9.001000,9.410000
20000365,asteroid,266.862200563,-10.738528863,67292409.598635077,1.486051704738e-05,,,86.773000,9.330560482902e-03,6.208929250625e-04,3.052689704214e-04,16.199817377,,,,,0.050000,12.705000,9.190000
20000210,asteroid,233.429479092,-21.381076787,67607526.459547147,1.479125257745e-05,,,86.650000,7.790883803641e-03,-4.188671935534e-03,-2.650638008203e-03,15.988457021,,,,,0.043600,6.672000,9.380000
20032532,asteroid,186.401143649,-9.023730562,19265508.289338190,5.190623496570e-05,,,86.500000,1.641030922331e-03,-4.974180967834e-03,-1.772329313260e-04,9.074365292,,,,,0.059000,8.335000,9.170000
20000346,asteroid,217.784447069,-7.388665270,67181861.782735586,1.488497004197e-05,,,86.447000,5.825596756111e-03,-6.287203934860e-03,-3.664395300946e-03,16.140140970,,,,,0.332000,28.523000,7.320000
20000366,asteroid,138.374462081,22.010536834,61888728.635470204,1.615803106718e-05,,,86.368000,-6.642475608082e-03,-5.054469855287e-03,-3.722781449919e-03,15.824535068,,,,,0.091000,12.736500,8.660000
20000721,asteroid,38.104989738,15.329256374,65830417.591484182,1.519054620321e-05,,,86.309000,-6.493912779865e-03,6.579523140673e-03,4.472634859192e-03,17.781437109,,,,,0.047000,7.982000,9.410000
20000202,asteroid,50.150388872,9.268777652,68471503.394226789,1.460461579531e-05,,,86.150000,-8.288243886503e-03,5.028199799792e-03,2.454254850302e-03,17.314667651,,,,,0.256200,23.670000,7.670000
20000110,asteroid,7.505463305,-1.776375369,81307083.407384858,1.229905142446e-05,,,86.090000,-7.712737111063e-04,9.932746108306e-03,5.073959218558e-03,19.358227195,,,,,0.180800,10.927000,7.840000
20000893,asteroid,306.286539063,-13.253086900,73541495.560239702,1.359776534842e-05,,,85.992000,7.737666543449e-03,7.363297076927e-03,-1.255085015752e-04,18.495442659,,,,,0.039000,12.597000,9.620000
20000061,asteroid,7.807664997,16.423249287,81207083.522078663,1.231419670093e-05,,,85.937000,-2.458731679589e-03,8.897297432190e-03,6.975066618282e-03,20.032500464,,,,,0.203000,11.450000,7.740000
20000201,asteroid,127.548739498,15.917078521,67440355.140629038,1.482791717088e-05,,,85.877000,-7.936780534556e-03,-4.349269143712e-03,-1.093987070318e-03,15.784338402,,,,,0.040000,3.747400,8.570000
20000385,asteroid,336.088973314,-12.983880351,64906042.145287849,1.540688612258e-05,,,85.837000,4.498634405264e-03,6.159166504370e-03,4.913159132554e-03,15.708825359,,,,,0.242000,62.350000,7.810000
20000100,asteroid,273.317812268,-19.794126114,77802553.390944123,1.285304860080e-05,,,85.734000,1.112758223716e-02,1.873274914859e-03,-3.932999543353e-04,19.549898252,,,,,0.205000,27.066000,7.750000
20000449,asteroid,4.706702688,-1.283912068,73939297.003484234,1.352460789494e-05,,,85.590000,-2.074861427194e-03,8.730431436207e-03,3.947929872998e-03,16.974603880,,,,,0.039300,36.516000,9.900000
20000579,asteroid,51.513007621,12.978098537,67947455.306394428,1.471725461227e-05,,,85.570000,-7.120561195414e-03,5.448244150747e-03,4.040638870461e-03,17.027583401,,,,,0.174800,16.290000,8.020000
20004086,asteroid,196.523610351,9.571796946,36132816.814317673,2.767567237115e-05,,,85.495000,2.384826824828e-04,-5.514781271430e-03,-4.144123565158e-03,11.951247910,,,,,0.050000,10.212100,9.280000
20000924,asteroid,59.631461690,11.332750367,79069945.620469496,1.264703032426e-05,,,85.490000,-9.080899470576e-03,6.140019156548e-03,2.452660832583e-03,19.449287143,,,,,0.043200,19.437000,9.600000
20000416,asteroid,155.065855743,24.133674943,71795078.300080925,1.392853136562e-05,,,85.470000,-3.358751287015e-03,-8.434657292791e-03,-4.191036891431e-03,17.313654488,,,,,0.168900,5.372000,7.720000
20000795,asteroid,135.909155847,35.472153373,76981222.601253599,1.299018080266e-05,,,85.263000,-7.934866464644e-03,-5.782464277112e-03,-4.115375553836e-03,18.432926753,,,,,0.027000,51.400000,10.060000
20000447,asteroid,194.356888223,-1.730178072,66186590.131721698,1.510880071038e-05,,,85.224000,2.147322203434e-03,-8.341662248210e-03,-4.068902501118e-03,16.494367957,,,,,0.061000,9.651000,9.060000
20000664,asteroid,152.640547261,8.316540254,60104828.901045404,1.663759831421e-05,,,85.214000,-2.340188838294e-03,-8.317245124180e-03,-2.166128493629e-03,15.423107925,,,,,0.040000,19.306000,9.940000
20000318,asteroid,140.885919385,11.138066049,68952909.751256183,1.450265120946e-05,,,85.000000,-7.054076943889e-03,-7.333932569864e-03,-1.306689356320e-03,17.763600022,,,,,0.054000,42.650000,9.490000
20000017,asteroid,102.807850351,20.669708483,74433838.494131148,1.343474984269e-05,,,84.899000,-9.331834645039e-03,-2.608897492746e-03,-1.674276940365e-04,16.779729998,,,,,0.193000,12.270480,7.920000
20000530,asteroid,284.863035654,-19.072771255,78257951.998482227,1.277825415134e-05,,,84.850000,1.059955721692e-02,4.410873171053e-03,1.379867897659e-04,19.879767926,,,,,0.047200,19.961000,9.320000
20000055,asteroid,186.552893392,-2.376689214,65432754.106932841,1.528286580091e-05,,,84.794000,8.524227803482e-04,-7.683250441224e-03,-4.548147098703e-03,15.529594955,,,,,0.204000,4.804000,7.840000
20000379,asteroid,14.966954878,5.649143276,78990732.309776217,1.265971299112e-05,,,84.787000,-2.493980392747e-03,1.042924108663e-02,4.179359598102e-03,19.927259519,,,,,0.046000,14.141000,9.110000
20000050,asteroid,10.725319232,3.666877574,108729768.878622502,9.197113268183e-06,,,84.074000,-2.897947727186e-03,1.296142911175e-02,4.894190467106e-03,24.507904312,,,,,0.050000,14.315000,9.430000
20004060,asteroid,171.936416522,4.343725529,44191436.444504224,2.262881862317e-05,,,84.043000,-2.173866821409e-03,-8.030469515086e-03,-9.454821470738e-04,14.497585811,,,,,0.043000,11.486000,9.390000
20001404,asteroid,162.115996892,4.458206193,36826840.305792689,2.715410802818e-05,,,83.990000,-2.617715275911e-03,-4.794953335702e-03,-4.450663333494e-03,12.200618777,,,,,0.048000,29.411000,9.290000
20000680,asteroid,173.007084913,18.178100600,62012537.977706842,1.612577121677e-05,,,83.920000,1.118364023622e-04,-7.242154631862e-03,-5.569873114221e-03,15.820323828,,,,,0.047400,11.089000,9.540000
20000103,asteroid,146.706947332,14.207853568,70599092.186040923,1.416448808385e-05,,,83.908000,-5.643604307926e-03,-7.489443905003e-03,-2.262453802114e-03,16.703016607,,,,,0.217000,23.740000,7.740000
20000415,asteroid,68.813379510,15.037995848,105656802.938288301,9.464605895600e-06,,,83.560000,-1.298501431848e-02,4.377625071001e-03,3.058017362809e-03,24.309904846,,,,,0.063000,20.730000,9.450000
20001902,asteroid,170.842604396,17.041879909,43285934.353897750,2.310219277755e-05,,,83.430000,-1.308669959135e-03,-6.112768987994e-03,-3.235693371237e-03,12.187817206,,,,,0.040000,20.977000,9.330000
20000071,asteroid,318.380422318,-16.056415181,76588617.170876086,1.305677053509e-05,,,83.420000,8.005980443877e-03,3.492911289449e-03,6.002645897369e-03,18.350821406,,,,,0.305200,35.864000,7.240000
20000976,asteroid,247.636897665,-20.999373260,70557408.334645405,1.417285616922e-05,,,83.195000,9.421525199590e-03,-4.560069770697e-03,-4.429295934899e-04,18.139484240,,,,,0.052000,9.701000,9.430000
20000806,asteroid,293.101351620,-34.903222140,61741667.534819365,1.619651752094e-05,,,83.103000,8.770212529803e-03,2.820657700209e-03,7.650113569684e-05,15.951838646,,,,,0.023000,16.852000,10.330000
20000683,asteroid,354.226864383,17.316913581,62541352.358283900,1.598942079588e-05,,,83.040000,-1.142671637788e-04,8.646578496053e-03,3.105056297953e-03,15.908475344,,,,,0.053000,8.630000,8.830000
20000348,asteroid,64.751343251,17.353812073,73865296.794276342,1.353815720507e-05,,,82.820000,-9.680353689581e-03,2.977727899218e-03,3.107190685762e-03,18.342882851,,,,,0.044800,7.381200,9.590000
20000912,asteroid,307.506557193,-37.847077476,55894326.419444561,1.789090349700e-05,,,82.675000,7.039255971041e-03,3.767082297631e-03,1.449212030739e-03,14.049601253,,,,,0.039000,1332.000000,9.410000
20000907,asteroid,14.601380388,-5.148135643,69242817.521109939,1.444193110275e-05,,,82.660000,-2.730942596749e-03,6.873707539751e-03,6.181854830920e-03,16.690492391,,,,,0.032000,22.467000,9.920000
20000102,asteroid,114.433878253,16.338581206,73762435.207381502,1.355703614161e-05,,,82.595000,-9.891465318831e-03,-1.355653527307e-03,-9.484727136791e-04,17.364577078,,,,,0.051000,23.613000,9.460000
20000109,asteroid,174.400053925,3.822135714,74329214.232342362,1.345366031819e-05,,,82.588000,-4.162727126082e-03,-7.942013421645e-03,-4.792949660672e-03,17.604432805,,,,,0.036000,13.191000,8.980000
20001015,asteroid,49.283881360,8.938233177,70679019.176146045,1.414847024840e-05,,,82.350000,-7.881062593260e-03,6.135678793417e-03,3.266114084532e-03,18.194736602,,,,,0.048000,11.230000,9.440000
20001171,asteroid,346.769055390,-7.962015477,72190953.817447796,1.385215109540e-05,,,82.229000,1.022910437510e-03,9.879137122682e-03,3.905993308531e-03,18.478828987,,,,,0.029000,10.980000,10.030000
20000693,asteroid,14.033726237,12.916309154,69649634.546662316,1.435757712885e-05,,,82.114000,-2.947380997961e-03,7.616089157709e-03,5.709778216409e-03,17.253290689,,,,,0.055000,11.475000,9.520000
20000213,asteroid,141.496723686,17.163315990,67121958.847860292,1.489825412078e-05,,,82.096000,-5.416286686799e-03,-7.194496365126e-03,-2.010469163261e-03,15.976283277,,,,,0.092000,12.042000,9.100000
20004348,asteroid,38.621206254,15.007889488,43484206.743246906,2.299685506291e-05,,,82.032000,-5.170945444245e-03,6.266567199759e-03,1.469999080979e-03,14.295736287,,,,,0.033000,9.908000,9.650000
20120061,asteroid,329.321584987,-31.225985905,9159850.397009149,1.091720886977e-04,,,82.000000,2.993691888966e-03,1.705581658275e-03,-2.971330019750e-04,5.987809324,,,,,0.072000,10.000000,9.080000
20000498,asteroid,206.345438474,-1.188464429,69175956.624335617,1.445588971658e-05,,,81.830000,5.341071810960e-03,-6.682699078769e-03,-3.691589851140e-03,16.132620919,,,,,0.069400,41.850000,8.860000
20000454,asteroid,25.447865063,9.968429028,70636505.939091191,1.415698563661e-05,,,81.743000,-4.267037546184e-03,7.304199718394e-03,4.295508000716e-03,16.426984645,,,,,0.055000,8.378000,9.400000
20001303,asteroid,176.217483423,22.910886645,70484482.821829855,1.418751986204e-05,,,81.685000,-2.347389627929e-03,-9.267821170925e-03,-4.394731053218e-03,18.218711722,,,,,0.024000,8.328100,9.460000
20000503,asteroid,257.029613518,-23.722269982,66579456.784288757,1.501964792593e-05,,,81.680000,8.604898529263e-03,-2.246160323279e-03,-1.837037363055e-03,15.723327138,,,,,0.058500,38.871000,9.290000
20000696,asteroid,224.057499049,-29.508751737,52171568.425207354,1.916752802695e-05,,,81.580000,5.855760399837e-03,-4.540850347540e-03,-1.260890690285e-03,13.014647902,,,,,0.022000,26.896400,9.480000
20000163,asteroid,245.402219819,-16.641806341,75761745.253338203,1.319927354704e-05,,,81.579000,8.281225191595e-03,-4.529720720503e-03,-1.803374046844e-03,16.639040610,,,,,0.033000,16.136000,9.770000
20000613,asteroid,348.786902276,-5.852743969,71946651.608448043,1.389918749023e-05,,,81.344000,1.701489385481e-03,8.648110006396e-03,5.236953169005e-03,17.751490590,,,,,0.028000,12.906000,9.850000
20000160,asteroid,238.326379115,-23.356510449,70968431.984661207,1.409077208041e-05,,,81.240000,8.560030379121e-03,-4.119546117822e-03,-2.213806402731e-03,16.889091787,,,,,0.062500,11.033000,9.060000
20000551,asteroid,316.443006332,-16.956937990,65930547.967909582,1.516747593978e-05,,,81.113000,6.084686966813e-03,6.628067633616e-03,2.923165556570e-03,16.380313128,,,,,0.040000,17.416000,9.790000
20000329,asteroid,313.273727394,-5.816837875,83817976.471860990,1.193061491213e-05,,,81.057000,8.234005543542e-03,7.239957651254e-03,8.991869148376e-04,19.047943184,,,,,0.039000,22.778000,9.620000
20005144,asteroid,52.613173356,28.169293488,36727652.395243794,2.722744130876e-05,,,80.958000,-4.668082244521e-03,4.640823540085e-03,2.229787140228e-03,12.033336726,,,,,0.074000,5.958000,9.180000
20000850,asteroid,242.527336478,-7.408403574,78838560.922870114,1.268414831897e-05,,,80.900000,9.843227260041e-03,-4.227591874820e-03,-3.565429754306e-03,19.548902619,,,,,0.039000,11.191300,9.690000
20000032,asteroid,83.670757163,19.490151660,77575464.456175953,1.289067370734e-05,,,80.760000,-1.038033314649e-02,4.857853245020e-04,-5.166057111439e-04,18.014989656,,,,,0.256400,9.448000,7.750000
20000849,asteroid,240.216826845,-15.932597615,77369202.759282544,1.292503947742e-05,,,80.756000,1.015837479287e-02,-4.625448984993e-03,1.831304145177e-03,19.584685132,,,,,0.186000,4.116000,8.140000
20000478,asteroid,280.990288157,-13.247777479,63435220.290254690,1.576411330211e-05,,,80.738000,8.885522657565e-03,1.017814805510e-03,1.999400301793e-03,15.867747362,,,,,0.174000,16.110000,7.930000
20000779,asteroid,36.421565340,27.907524984,88025359.717671633,1.136036255015e-05,,,80.572000,-6.063367489250e-03,9.712855414726e-03,3.225774878061e-03,20.597031602,,,,,0.157000,11.186000,7.960000
20004833,asteroid,168.765525066,36.408350376,37155562.901375949,2.691387027709e-05,,,80.165000,-2.182058707501e-03,-6.716718498050e-03,-3.299817303632e-04,12.241360104,,,,,0.076000,14.250000,9.040000
20000697,asteroid,34.589446337,20.385928055,80358364.623539671,1.244425523945e-05,,,80.140000,-6.164379789150e-03,7.195058962618e-03,6.173283853133e-03,19.579851438,,,,,0.038700,16.538000,9.570000
20001512,asteroid,239.229522153,-25.669630094,60594001.881916590,1.650328364099e-05,,,79.872000,8.885870273854e-03,-3.823729952969e-03,-2.391766612913e-03,17.253873882,,,,,0.039000,132.300000,9.530000
20000940,asteroid,4.136139377,-4.337029812,73513175.460062817,1.360300373017e-05,,,79.852000,-2.587162075096e-05,9.971887277389e-03,4.857665654652e-03,19.205604646,,,,,0.041000,15.570000,9.390000
20000115,asteroid,341.439234663,-0.827018226,97950012.336840734,1.020928916845e-05,,,79.830000,1.590977497802e-03,1.053946242164e-02,6.564627132376e-03,21.674755872,,,,,0.274700,7.241000,7.750000
20000559,asteroid,209.012344957,-1.985951330,80521782.270213082,1.241899982596e-05,,,79.820000,5.460357791522e-03,-8.702561483581e-03,-4.040859244626e-03,19.115050344,,,,,0.050000,10.059000,9.550000
20000223,asteroid,320.953503964,-17.297825178,60266186.620070145,1.659305252387e-05,,,79.806000,5.514436429945e-03,6.270102482418e-03,2.738654342144e-03,15.215498674,,,,,0.020000,20.283000,9.870000
20001754,asteroid,36.385312622,4.160980410,48975420.338691965,2.041840566318e-05,,,79.520000,-3.741357615437e-03,6.959786599693e-03,1.693121193248e-03,13.991954624,,,,,0.034500,7.741600,9.910000
20000691,asteroid,170.480611898,17.885639394,63662990.579519428,1.570771323962e-05,,,79.451000,-3.246948018173e-03,-8.125047068519e-03,-2.782868251736e-03,15.897698580,,,,,0.053000,12.891000,9.310000
20000535,asteroid,56.550730872,16.760655203,80206386.487773493,1.246783509132e-05,,,79.299000,-9.163967957536e-03,4.541017638900e-03,3.214565541727e-03,18.562362532,,,,,0.054000,10.248200,9.570000
20000135,asteroid,197.335905344,-8.821927460,78394596.414783761,1.275598122489e-05,,,79.240000,5.136901274488e-03,-7.916111107626e-03,-3.735463521238e-03,17.572901459,,,,,0.143600,8.403000,8.320000
20001241,asteroid,19.176117812,31.922300902,63192912.922339745,1.582455933356e-05,,,79.190000,-4.376614225696e-03,6.839593824976e-03,4.749802226916e-03,16.288161227,,,,,0.047000,8.609200,9.710000
20000084,asteroid,57.098358255,29.521637822,96684816.981771424,1.034288558656e-05,,,79.160000,-9.306016065324e-03,7.304668851421e-03,3.492757500737e-03,21.358029055,,,,,0.052700,23.562000,9.320000
20001107,asteroid,203.455992945,-2.195659944,63980465.262671575,1.562977067914e-05,,,79.079000,2.586582791763e-03,-8.450590848145e-03,-3.556039416275e-03,16.494188316,,,,,0.066000,8.561600,9.540000
20000639,asteroid,170.211821881,-4.718838551,61642434.908163369,1.622259084168e-05,,,78.509000,-9.762820494354e-04,-7.934638846681e-03,-3.841175253824e-03,15.356982413,,,,,0.123000,6.193000,8.350000
20248835,asteroid,99.978572174,23.780479068,10128030.584919496,9.873587876887e-05,,,78.440000,-3.105850062336e-03,2.056338720700e-03,-1.363538324865e-03,6.868030463,,,,,0.046000,,9.420000
20000676,asteroid,111.021761580,13.696874455,62513070.133275181,1.599665474545e-05,,,78.369000,-8.741795659435e-03,-2.504856706444e-03,4.552442154292e-04,15.764868932,,,,,0.049000,16.743000,9.650000
20001323,asteroid,221.314389024,-15.669838878,73354180.572410598,1.363248818536e-05,,,78.295000,6.430568223437e-03,-5.988892215114e-03,-6.430006079520e-03,18.853332197,,,,,0.018000,19.500000,9.830000
20000598,asteroid,209.564447032,-0.323044071,59799403.999036163,1.672257469349e-05,,,78.237000,3.723654576756e-03,-6.174844276066e-03,-3.513744682421e-03,13.888475714,,,,,0.044000,10.890300,9.660000
20000583,asteroid,111.967975374,17.321630307,75027180.658437803,1.332850296684e-05,,,78.236000,-9.829638255910e-03,-3.998337599643e-03,-3.086890630105e-03,19.135331012,,,,,0.072000,9.213500,9.340000
20000866,asteroid,39.098093386,8.121119475,68728628.354231939,1.454997755587e-05,,,78.061000,-6.029849253620e-03,7.057312163435e-03,4.036540863579e-03,17.526106747,,,,,0.046000,11.600000,9.680000
20000972,asteroid,210.550607894,-20.569955759,55721657.861222833,1.794634327806e-05,,,77.827000,5.210370462708e-03,-5.703747798448e-03,-1.843399633652e-03,13.751607084,,,,,0.049000,18.472000,9.670000
20000236,asteroid,282.256016494,-15.279557959,79385044.179256111,1.259683118324e-05,,,77.708000,1.024717462019e-02,3.936778977709e-03,1.256540510540e-03,19.130969191,,,,,0.156000,12.338000,8.190000
20002223,asteroid,53.147154489,15.135635670,38728112.183573671,2.582103654472e-05,,,77.480000,-5.838595150294e-03,4.553207772113e-03,-1.812198344757e-04,12.823741989,,,,,0.051000,22.741000,9.110000
20000499,asteroid,273.595013863,-22.780782150,43050971.710453935,2.322827941552e-05,,,77.328000,6.965278218885e-03,9.343010264213e-04,6.637327723561e-04,12.222240890,,,,,0.052000,13.480000,9.590000
20000464,asteroid,312.030910893,-22.516664827,86486201.479776263,1.156253810307e-05,,,77.056000,8.027177627399e-03,8.644004549501e-03,1.854147207298e-03,20.675672361,,,,,0.045000,12.879000,9.710000
20000205,asteroid,238.789294028,-15.138291657,72242372.279787377,1.384229183570e-05,,,76.983000,8.744740599826e-03,-4.911575003763e-03,-3.665655200486e-04,17.377515979,,,,,0.061000,14.911000,9.430000
20004489,asteroid,159.577070952,30.291795594,41418232.885910973,2.414395618361e-05,,,76.595000,-3.809441450190e-03,-6.714639727017e-03,-1.401591853387e-03,13.585338550,,,,,0.069000,12.582000,9.040000
20000411,asteroid,66.693847441,11.461816670,65281638.143016838,1.531824305342e-05,,,76.530000,-7.909017630941e-03,3.533375910241e-03,3.381296094024e-03,16.100730309,,,,,0.083100,11.344000,9.560000
20002260,asteroid,179.642894896,19.519258547,38792692.879563160,2.577805060104e-05,,,76.435000,-1.277302344883e-03,-6.768657927621e-03,-2.640610992726e-03,12.772831378,,,,,0.057000,8.180000,9.380000
20001212,asteroid,63.993743025,13.606076215,57222468.837169126,1.747565283919e-05,,,76.387000,-9.083910715673e-03,2.241424536183e-03,1.317474271549e-03,16.359945169,,,,,0.046000,32.780000,9.610000
20000914,asteroid,153.516062477,-16.120552238,72883849.069049686,1.372046088088e-05,,,76.190000,-1.531351802568e-03,-8.667474681974e-03,-3.346027589256e-03,16.303857311,,,,,0.095000,8.681130,9.120000
20005254,asteroid,181.617711502,25.758941974,38476383.120520882,2.598996888215e-05,,,76.147000,-2.067930658616e-03,-6.504952207388e-03,-2.670876505268e-03,12.691037875,,,,,0.070000,28.720000,9.180000
20000199,asteroid,229.041811087,-7.736484869,76966686.545472562,1.299263414970e-05,,,76.129000,8.744970831468e-03,-5.148655194031e-03,-4.926514398711e-03,19.532008055,,,,,0.107000,5.220100,8.440000
20000675,asteroid,187.015236456,-13.164853912,66321112.102461763,1.507815487857e-05,,,76.000000,2.905585647632e-04,-8.465518552781e-03,-3.405973920144e-03,15.807554881,,,,,,7.717000,8.140000
20000245,asteroid,64.573371938,21.887291593,80775836.617624104,1.237993986659e-05,,,75.949000,-1.018355240034e-02,4.718504252939e-03,3.193798082381e-03,20.204652275,,,,,0.228000,14.380000,7.960000
20001115,asteroid,7.840732957,-12.259002039,61515927.148022920,1.625595266725e-05,,,75.907000,-1.488625414042e-03,7.618059816982e-03,4.550206097924e-03,15.578803122,,,,,0.044000,6.718000,9.970000
20000927,asteroid,266.929517348,-37.842927260,64959856.827527121,1.539412259875e-05,,,75.892000,9.623033889919e-03,-8.417324456201e-04,-1.052380051082e-03,16.824451109,,,,,0.046000,12.986000,9.350000
20000325,asteroid,279.165719141,-31.042111241,58276318.393321022,1.715962894654e-05,,,75.720000,8.396753555288e-03,1.653864668375e-03,1.422315560366e-03,15.021195901,,,,,0.106800,6.737000,8.930000
20003708,asteroid,54.254169381,30.303624351,42954842.932292640,2.328026205511e-05,,,75.661000,-6.178006420526e-03,5.171225665469e-03,1.239164182508e-03,14.113748843,,,,,0.059000,6.553000,9.290000
20001114,asteroid,4.192543321,3.850019466,70768374.947506383,1.413060566590e-05,,,75.631000,-1.329100525918e-03,1.002530672765e-02,2.263970775448e-03,17.943678477,,,,,0.031000,20.710000,10.130000
20000784,asteroid,21.805883244,11.360856051,59303874.487964727,1.686230467459e-05,,,75.596000,-1.824750656568e-03,6.831713408897e-03,4.963068030711e-03,14.958230615,,,,,0.086000,13.169000,9.300000
20000601,asteroid,132.974947305,7.569908994,59794747.628047675,1.672387692345e-05,,,75.535000,-6.683669373853e-03,-5.687623481872e-03,-4.024046553031e-04,15.211459451,,,,,0.043000,13.590000,9.670000
20000108,asteroid,224.447714575,-20.623508582,67746560.421443358,1.476089699284e-05,,,75.498000,7.369714540319e-03,-6.218469762460e-03,-3.139468910924e-03,17.558570831,,,,,0.148000,14.256000,7.960000
20001266,asteroid,130.292907600,22.532252667,59099915.547754526,1.692049795218e-05,,,75.470000,-6.858781073236e-03,-3.789869377194e-03,-4.496939635927e-03,15.643446983,,,,,0.053000,15.605000,9.500000
20001031,asteroid,295.176296905,-3.904002276,65414374.836662054,1.528715977944e-05,,,75.400000,8.618019269314e-03,3.359418609361e-03,2.243655931614e-03,16.479789463,,,,,0.035000,24.904000,9.490000
20000072,asteroid,306.214002398,-13.749868293,103544191.736120299,9.657712163599e-06,,,74.966000,1.047529655856e-02,6.977993589656e-03,2.844457430414e-03,22.342850156,,,,,0.083000,8.097000,9.060000
20000331,asteroid,12.314537868,4.272680908,75059610.287099466,1.332274436511e-05,,,74.920000,-2.139272581006e-03,9.251882930020e-03,5.233666182419e-03,18.773742365,,,,,0.044700,25.315000,9.930000
20001469,asteroid,267.654674265,-10.240977004,63774960.540568255,1.568013514276e-05,,,74.780000,9.390851764852e-03,3.141955465034e-05,3.401255563112e-04,16.270606805,,,,,0.038000,22.215000,9.940000
20000980,asteroid,333.729214910,2.472778480,93475319.310213596,1.069801106195e-05,,,74.679000,3.933582437194e-03,1.009269226460e-02,6.551260460961e-03,21.918802101,,,,,0.229000,20.117000,7.890000
20000892,asteroid,44.522205122,0.438299998,68354397.284729809,1.462963671283e-05,,,74.481000,-7.747385647638e-03,6.641630429580e-03,4.530771411816e-04,17.686178405,,,,,0.055000,16.693000,9.830000
20000501,asteroid,96.568920737,43.979272972,64850862.924056582,1.541999527703e-05,,,74.457000,-9.601423483681e-03,5.302505922984e-04,2.807066934309e-04,16.656875283,,,,,0.052000,13.174300,9.480000
20000389,asteroid,271.783953298,-24.905716312,80197989.157563210,1.246914056704e-05,,,74.378000,1.069043956595e-02,-9.905161312512e-04,1.183064985021e-03,18.701838968,,,,,0.225000,8.497300,7.970000
20000576,asteroid,110.410843624,24.090857985,60883906.797650918,1.642470157711e-05,,,74.378000,-8.458879690611e-03,-7.830331554464e-04,-1.928989398171e-03,15.083243813,,,,,0.055000,20.372000,9.500000
20000746,asteroid,37.031668574,27.080018773,68490911.761999592,1.460047726441e-05,,,74.274000,-5.217184807077e-03,6.475101584753e-03,5.679138322895e-03,17.435226136,,,,,0.032000,7.787000,9.950000
20002674,asteroid,46.024709980,15.883165121,37150105.481406026,2.691782397497e-05,,,74.267000,-5.284972056359e-03,4.334049160302e-03,1.715395822445e-03,12.201242857,,,,,0.067000,8.480000,9.100000
20000634,asteroid,18.857618955,-3.866124053,81598889.468207493,1.225506874563e-05,,,74.017000,-2.750933790176e-03,1.087505167145e-02,3.353622820304e-03,20.272185584,,,,,0.043000,11.755400,9.910000
20000983,asteroid,83.343997964,19.861832995,60439565.981928535,1.654545302822e-05,,,73.870000,-8.649506774909e-03,1.287940832631e-03,-1.844726644182e-03,15.474592210,,,,,0.047700,16.633000,9.540000
20000369,asteroid,190.414427704,9.362678707,70912399.962165266,1.410190602114e-05,,,73.767000,1.000276734878e-03,-8.709101193934e-03,-3.853683710826e-03,16.580439646,,,,,0.127000,4.778000,8.630000
20003564,asteroid,159.696881667,21.619835971,40223006.888652250,2.486139344998e-05,,,73.730000,-3.388151647082e-03,-5.636987464800e-03,-3.893000265328e-03,13.232981043,,,,,0.062000,40.590000,9.450000
20000231,asteroid,219.308919504,-19.620494602,81672860.051349223,1.224396940883e-05,,,73.545000,8.557574954974e-03,-6.853104032228e-03,-3.568864834901e-03,19.963173244,,,,,0.068000,14.245000,9.690000
20000465,asteroid,116.695661327,21.610725339,64164736.480172560,1.558488439065e-05,,,73.340000,-7.615316723452e-03,-4.755615458606e-03,-2.893639158674e-03,16.332886101,,,,,0.043300,10.936000,9.850000
20000626,asteroid,49.744982913,44.095362365,101912452.902960584,9.812343550912e-06,,,73.236000,-1.086920080142e-02,6.188504078158e-03,4.584820056381e-03,23.065298206,,,,,0.032000,19.353000,9.210000
20000636,asteroid,133.554907067,25.646473668,61592571.420682937,1.623572416176e-05,,,73.147000,-7.198789197082e-03,-4.436504048270e-03,-1.912708592025e-03,15.011200368,,,,,0.048000,14.603000,9.710000
20000805,asteroid,313.140544838,-8.457123878,78836607.627242580,1.268446258784e-05,,,73.095000,8.778042817505e-03,7.504813994042e-03,5.041171536625e-04,20.015401601,,,,,0.039000,9.510000,9.840000
20001345,asteroid,76.303925671,12.794748124,61640247.025079101,1.622316665268e-05,,,72.976000,-9.931355591227e-03,1.085016358702e-03,1.678918871443e-03,17.540593792,,,,,0.043000,11.420000,9.830000
20000569,asteroid,277.348378895,-23.807187339,66140734.306359351,1.511927574569e-05,,,72.950000,8.739107959647e-03,1.256503952994e-03,7.459304957579e-04,15.341452358,,,,,0.029700,11.595000,10.040000
20000781,asteroid,216.435824011,5.107863040,66595092.776194364,1.501612143346e-05,,,72.927000,6.412942085461e-03,-7.154740275434e-03,-2.591023109566e-03,17.230347655,,,,,0.048000,19.040000,9.470000
20001001,asteroid,311.219986121,-10.458717441,64598956.709334202,1.548012616519e-05,,,72.711000,6.376227072463e-03,6.291344480331e-03,3.603289228413e-03,16.717391084,,,,,0.041000,20.990000,9.840000
20000257,asteroid,339.691738394,-11.831893414,67037270.767645709,1.491707506211e-05,,,72.660000,2.866395223898e-03,8.504458335713e-03,4.115033021749e-03,17.094620820,,,,,0.054500,15.709500,9.680000
20004834,asteroid,184.392882781,29.276324236,39330277.354958080,2.542570424752e-05,,,72.331000,-2.157185536807e-03,-6.645015274231e-03,-2.669402838753e-03,12.949559658,,,,,0.085000,18.192000,9.150000
20000333,asteroid,47.002432234,20.860871217,76602687.049687088,1.305437235317e-05,,,72.199000,-8.038590418788e-03,6.956685525035e-03,3.497163164308e-03,19.377203693,,,,,0.047000,9.862000,9.580000
20000133,asteroid,111.359192490,25.592093583,61311911.858745769,1.631004432391e-05,,,72.175000,-8.100091194845e-03,-2.902806235922e-03,-2.372644294572e-03,15.454375236,,,,,0.279000,12.708000,8.040000
20007641,asteroid,153.739187883,-25.728057187,41016880.911526784,2.438020585127e-05,,,71.839000,-2.652361413512e-03,-6.994125088669e-03,-2.219665244587e-03,13.509771232,,,,,0.065000,27.770000,9.480000
20000066,asteroid,260.243134065,-26.064718455,68378359.166488558,1.462451003782e-05,,,71.820000,9.174502207066e-03,-3.928079371060e-04,-2.662546122483e-04,15.906489817,,,,,0.016000,9.735090,9.480000
20000777,asteroid,270.417306576,-26.297527730,66052645.604707703,1.513943901633e-05,,,71.749000,9.584978935292e-03,-1.894593688847e-03,1.446290799726e-03,17.101418134,,,,,0.042000,12.838000,9.770000
20000116,asteroid,194.215689553,-3.146160192,84371281.864502132,1.185237414795e-05,,,71.700000,2.009474411407e-03,-1.032968103925e-02,-4.944914184995e-03,20.132046624,,,,,0.256000,12.028000,7.780000
20001004,asteroid,133.465724737,16.313154875,57934442.873518899,1.726088921202e-05,,,71.600000,-7.150212002069e-03,-5.019674122342e-03,-1.723726296765e-03,15.418124133,,,,,0.034800,9.038000,9.780000
20000043,asteroid,84.147412080,23.337487053,80785501.685125127,1.237845874743e-05,,,71.340000,-9.746113666774e-03,1.590287356407e-03,3.907314052502e-05,17.098280670,,,,,0.234000,5.762180,7.940000
20000760,asteroid,350.086005231,0.348141464,53087531.961516604,1.883681465405e-05,,,71.290000,1.063750767738e-03,6.167323876691e-03,4.373749293815e-03,13.220115997,,,,,0.227600,10.720000,7.870000
20000568,asteroid,209.838045115,-23.360129067,62800292.103745036,1.592349281351e-05,,,71.224000,3.962922670619e-03,-7.786451272457e-03,-1.075955277304e-03,15.241862126,,,,,0.056000,13.209000,9.690000
20000313,asteroid,262.041092538,-11.610758272,79355344.220989734,1.260154574108e-05,,,71.183000,9.725461063714e-03,-2.835276756632e-03,-7.145201619989e-04,17.583788253,,,,,0.044000,8.392000,9.170000
20001262,asteroid,118.137277638,19.097375160,68381486.910716459,1.462384111807e-05,,,71.011000,-8.664116144479e-03,-4.750879921439e-03,3.672968120702e-04,17.120656719,,,,,0.028000,17.570000,10.290000
20001118,asteroid,40.613047161,30.411618649,63360725.181276917,1.578264764393e-05,,,70.954000,-6.742183076091e-03,6.042563867303e-03,2.765790220245e-03,16.391255357,,,,,0.056000,25.310000,9.990000
20000718,asteroid,114.951317472,28.169485780,67214372.582721353,1.487777035736e-05,,,70.911000,-8.216283132811e-03,-4.976905295905e-03,-2.042969699573e-03,17.004512335,,,,,0.042000,17.447000,9.710000
20000122,asteroid,172.423199250,3.081062453,65186982.920444526,1.534048601728e-05,,,70.676000,-1.508105886997e-03,-8.956165699442e-03,-3.579985244328e-03,16.903096894,,,,,0.297000,10.685000,7.670000
20000044,asteroid,121.687539373,19.473486579,100092013.418573558,9.990807116829e-06,,,70.640000,-1.120489080367e-02,-6.042563120210e-03,-1.734000031487e-03,22.245609137,,,,,0.482000,6.422000,6.750000
20000538,asteroid,177.151869448,5.251011088,56044642.027170107,1.784291885592e-05,,,70.640000,-9.743079443463e-04,-7.734550605070e-03,-2.493203555173e-03,14.171380615,,,,,0.065000,46.728000,9.580000
20000943,asteroid,57.314787576,9.655789705,76678929.066487864,1.304139236390e-05,,,70.572000,-1.008414083207e-02,3.549929748884e-03,3.268946660114e-03,19.356565348,,,,,0.044000,15.660000,9.750000
20000439,asteroid,2.785031323,7.162346995,66778502.357242890,1.497487911080e-05,,,70.421000,-1.229423817275e-03,9.744923980374e-03,7.964204632373e-04,17.062478136,,,,,0.027000,37.460000,9.820000
20000599,asteroid,202.637691143,-2.489920137,63906383.857820570,1.564788898437e-05,,,70.249000,4.789256287214e-03,-5.331623225796e-03,-5.021618032503e-03,15.151961829,,,,,0.115000,9.566000,8.690000
20003540,asteroid,183.402680042,10.861064936,43493696.256204188,2.299183757824e-05,,,70.225000,-1.220958156224e-03,-6.000278172957e-03,-5.592869856035e-03,14.359015518,,,,,0.062000,8.945000,9.360000
20000593,asteroid,191.555159964,12.417936833,83766472.891330779,1.193795041719e-05,,,70.145000,-1.395436260757e-03,-1.023203844485e-02,-4.900799997480e-03,19.791672115,,,,,0.070000,9.896800,9.340000
20000179,asteroid,19.916319738,14.676318880,77041157.819413111,1.298007491455e-05,,,69.946000,-3.892639451191e-03,9.798613995049e-03,3.215360268634e-03,19.085651641,,,,,0.198000,11.173000,8.270000
20728840,asteroid,107.038537587,14.105580244,9786201.933902526,1.021846888869e-04,,,69.900000,-3.239949383108e-03,-2.176170710756e-04,1.285763907737e-03,6.047177891,,,,,0.078000,,9.400000
20001243,asteroid,299.369221987,-9.692988458,69728172.830501378,1.434140548084e-05,,,69.883000,8.706552971200e-03,4.217442106853e-03,3.312086944578e-03,17.705007842,,,,,0.040000,25.960000,9.660000
20000605,asteroid,23.765418058,26.135699125,77803059.152778447,1.285296504905e-05,,,69.860000,-5.604745233845e-03,7.515408521311e-03,6.061100324110e-03,19.329718568,,,,,0.039700,15.851000,10.040000
20000322,asteroid,358.040171260,7.456205250,97899869.168176785,1.021451824703e-05,,,69.855000,-4.706780320443e-04,1.235254154093e-02,4.667933951011e-03,22.878594787,,,,,0.089000,17.584500,9.150000
20000112,asteroid,324.868178678,-14.049480676,96656661.025319830,1.034589845534e-05,,,69.818000,7.242043318635e-03,9.085651248518e-03,4.555333806616e-03,21.608367396,,,,,0.042000,31.466000,9.760000
20000429,asteroid,203.563429102,-12.263190673,70405269.657096535,1.420348228010e-05,,,69.620000,4.011673927349e-03,-8.282721947472e-03,-1.942587333827e-03,16.285882368,,,,,0.043000,13.577000,9.990000
20002892,asteroid,309.651411814,-24.667103875,61843476.403716266,1.616985425386e-05,,,69.492000,6.130499149135e-03,4.722791229815e-03,4.932869196145e-03,15.889923370,,,,,0.030000,14.000000,10.280000
20000578,asteroid,147.733015472,18.961593257,65005041.363369480,1.538342225505e-05,,,69.290000,-4.409059750541e-03,-6.864839792336e-03,-3.513019694036e-03,15.380477638,,,,,0.076900,10.061000,9.550000
20001085,asteroid,116.801265977,18.358395036,62306099.194842391,1.604979308483e-05,,,69.281000,-8.302716237431e-03,-4.085065818672e-03,-6.977588034487e-04,16.067110325,,,,,0.067000,18.111000,9.810000
20000368,asteroid,142.233410910,6.716059936,55692516.073645018,1.795573392083e-05,,,69.277000,-4.850306427502e-03,-5.838374537754e-03,-2.399756687485e-03,13.783410226,,,,,0.038000,9.823000,9.940000
20001567,asteroid,90.655078987,34.534648683,66563203.413694724,1.502331541625e-05,,,69.242000,-9.641767829493e-03,-1.982830925990e-03,1.428684232229e-03,17.222247174,,,,,0.059000,16.374400,9.750000
20000177,asteroid,113.306263976,22.864438406,80449836.710299015,1.243010602496e-05,,,69.049000,-1.101747706407e-02,-1.467771293532e-03,-7.441068688925e-04,19.287904469,,,,,0.022000,13.856000,9.630000
20011395,asteroid,159.563153177,-11.199856667,37120167.610973634,2.693953353013e-05,,,68.977000,-2.200687206608e-03,-6.652149040542e-03,-8.434512047417e-04,12.219414957,,,,,0.045000,13.704000,9.940000
20004035,asteroid,160.565656609,-4.129722702,39238267.791583434,2.548532481891e-05,,,68.733000,-2.603950597239e-03,-6.632190313795e-03,-2.391058075275e-03,13.012870472,,,,,0.054000,13.467000,9.540000
20000080,asteroid,93.476162153,16.297860938,91816269.058282256,1.089131599723e-05,,,68.563000,-1.143456208985e-02,1.876531750365e-03,-5.679698158954e-04,20.087374788,,,,,0.206000,14.030000,8.050000
20005264,asteroid,182.753875889,27.885267124,42769101.229386590,2.338136578173e-05,,,68.472000,-5.439822557650e-04,-8.094230922215e-03,-2.913099835439e-04,14.055479066,,,,,0.072000,9.525000,9.460000
20001330,asteroid,72.523178446,6.415728115,65454681.337977447,1.527774606122e-05,,,68.417000,-9.417246203001e-03,2.051632541477e-03,1.259820069787e-03,16.829980335,,,,,0.032000,9.670000,10.220000
20000539,asteroid,236.494172686,-23.846384124,67661015.978364140,1.477955933029e-05,,,68.356000,8.652113556758e-03,-3.329778546551e-03,-3.526965479686e-04,16.063486549,,,,,0.052000,13.903000,10.190000
20000648,asteroid,306.229453564,-16.844922714,53989055.134904101,1.852227266251e-05,,,68.270000,6.123335814264e-03,3.899991047761e-03,3.101073704467e-03,13.668843386,,,,,0.050900,9.263000,9.570000
20001256,asteroid,18.183085459,10.369261112,56524882.408551887,1.769132384517e-05,,,68.245000,-2.824597274519e-03,8.302425906151e-03,3.027401749682e-03,16.063756977,,,,,0.052000,52.000000,9.820000
20001796,asteroid,117.113239261,-0.206683129,61126825.561094277,1.635942960919e-05,,,68.167000,-8.082953769107e-03,-4.682206457391e-03,-4.320923189742e-04,16.191103008,,,,,0.044000,22.226000,9.880000
20001868,asteroid,160.200100524,-2.268988752,35500508.915107548,2.816861026954e-05,,,68.163000,-2.587320044914e-03,-6.195787401956e-03,-1.040255619003e-03,11.764244345,,,,,0.055000,10.492000,9.470000
20009799,asteroid,153.483858969,-21.842151158,38203151.057322897,2.617585126681e-05,,,68.033000,-1.935704234100e-03,-6.254247701600e-03,-3.121854007394e-03,12.558558256,,,,,0.060000,21.520000,9.640000
20000735,asteroid,106.823252553,37.464717671,74140433.861929685,1.348791675353e-05,,,67.976000,-9.976581145147e-03,-4.394896172973e-04,2.162771266519e-03,17.691634353,,,,,0.059000,20.625000,9.900000
20000425,asteroid,223.365368267,-15.451532136,74953057.233575597,1.334168394071e-05,,,67.925000,7.288728671504e-03,-6.757284413976e-03,-3.709331656051e-03,18.368594600,,,,,0.042000,17.505000,9.760000
20004068,asteroid,162.737858176,2.440042323,43145950.590380505,2.317714608942e-05,,,67.625000,-2.668174148359e-03,-7.642940264108e-03,-7.529451815229e-04,14.077139737,,,,,0.061000,14.301000,9.630000
20000607,asteroid,287.683417805,-22.201075950,74773592.451178059,1.337370543823e-05,,,67.520000,1.012717422085e-02,1.287168142967e-03,2.566314550148e-03,18.225787897,,,,,0.039000,8.521000,9.910000
20000380,asteroid,148.886869505,17.653967073,69221025.185007825,1.444647774758e-05,,,67.508000,-5.514571251072e-03,-7.208024261724e-03,-2.400740447525e-03,16.254466811,,,,,0.066000,13.690000,9.620000
20001911,asteroid,269.810238411,-23.863409705,44567296.176365480,2.243797775038e-05,,,67.476000,7.299728836674e-03,-5.039300652301e-04,-1.312355869183e-06,12.669247070,,,,,0.035000,11.915000,10.030000
20000300,asteroid,191.683926822,-4.621213405,60878929.448432758,1.642604443048e-05,,,67.373000,2.079123578050e-03,-8.060905628466e-03,-3.603713529458e-03,15.706490146,,,,,0.052000,6.842300,9.760000
20000099,asteroid,347.280420137,-18.612675196,76894675.240471974,1.300480165724e-05,,,67.354000,5.469775498471e-03,7.856816233682e-03,4.227106736753e-03,18.119713310,,,,,0.065000,18.127000,9.470000
20000734,asteroid,138.112845130,20.711809810,68952812.100535184,1.450267174806e-05,,,67.318000,-7.920904442559e-03,-5.614334453593e-03,-3.095152186306e-03,17.643999316,,,,,0.051000,7.110000,9.950000
20342842,asteroid,299.161602569,27.465742494,12927626.621489707,7.735371923085e-05,,,67.100000,7.936359889392e-04,-2.134263982874e-03,-2.523634453564e-03,5.885341671,,,,,0.062000,,9.460000
20001712,asteroid,261.791500282,-14.895962223,77072711.296813399,1.297476088714e-05,,,66.892000,1.069911551423e-02,-2.487041467662e-03,2.636983587568e-03,19.559342245,,,,,0.029000,11.527000,10.050000
20000483,asteroid,3.654654876,-1.661142734,63120872.499609768,1.584262004626e-05,,,66.858000,-3.932215473282e-04,9.687765880845e-03,8.241105104542e-04,16.848292966,,,,,0.184000,12.727000,8.410000
20000861,asteroid,332.645011164,-16.098078494,72393279.891686693,1.381343684795e-05,,,66.850000,5.694712787484e-03,8.683180055370e-03,2.388190388215e-03,18.448818680,,,,,0.057100,10.950000,9.780000
20001306,asteroid,0.746312140,16.667434619,70471192.332493991,1.419019555227e-05,,,66.780000,-1.987384081438e-03,9.489638758299e-03,3.745058587288e-03,17.996193230,,,,,0.035000,7.525000,9.990000
20000256,asteroid,149.200170725,4.725657285,69323614.054069743,1.442509906105e-05,,,66.634000,-4.631626462685e-03,-8.734401770717e-03,-1.612931461420e-03,17.344262141,,,,,0.050000,16.664000,9.920000
20001086,asteroid,166.854104527,0.416032599,66925021.172013246,1.494209463796e-05,,,66.270000,-2.408992410733e-03,-8.278751551681e-03,-4.913260371132e-03,17.182569656,,,,,0.076700,18.061000,9.680000
20023135,asteroid,177.749790203,-17.067192829,40906827.881373264,2.444579674816e-05,,,66.230000,2.540603820480e-04,-7.409951329143e-03,-2.513030549549e-03,13.554912846,,,,,0.044000,8.690000,10.010000
20001264,asteroid,281.270364110,-4.185320982,84829506.351019666,1.178835104689e-05,,,66.040000,1.095449542554e-02,1.336967649110e-03,4.277960121467e-03,20.493413355,,,,,0.041000,32.740000,9.630000
20008405,asteroid,94.855462465,40.980048002,7939391.247554983,1.259542411779e-04,,,66.000000,-2.286301699305e-03,7.669871403360e-04,7.622928429829e-04,4.379091943,,,,,0.130000,8.935100,9.210000
20000304,asteroid,207.138957563,1.128769024,78671447.874738038,1.271109185117e-05,,,65.990000,6.255837997984e-03,-7.758241294966e-03,-1.796628838256e-03,17.534255073,,,,,0.047000,18.360000,10.030000
20000546,asteroid,4.309623487,-3.520506668,74505336.151113823,1.342185743544e-05,,,65.945000,-1.174719312583e-03,7.823227914006e-03,6.101637513809e-03,17.298357876,,,,,0.054000,10.770000,9.720000
20002456,asteroid,175.329372994,-5.823813622,39119510.160389110,2.556269227043e-05,,,65.916000,-5.689982444862e-04,-5.976863045136e-03,-4.310170387454e-03,12.796885744,,,,,0.071000,7.250000,9.240000
20000271,asteroid,207.965167838,-14.619845840,62222403.510354891,1.607138174651e-05,,,65.901000,4.640012445776e-03,-6.888446555454e-03,-3.322101826820e-03,15.488244048,,,,,0.045000,18.787000,9.860000
20000101,asteroid,304.096230132,-26.937595234,91217380.126344487,1.096282307840e-05,,,65.840000,1.007364287284e-02,5.360551299900e-03,4.120556196064e-03,21.006558851,,,,,0.189800,23.080000,8.390000
20000906,asteroid,307.052658194,-31.103865184,76960468.558378801,1.299368388384e-05,,,65.752000,8.980661053772e-03,5.736705294010e-03,2.244213310539e-03,18.856078021,,,,,0.065000,15.368000,9.380000
20001032,asteroid,26.644536487,3.152964397,62444022.216356121,1.601434315898e-05,,,65.658000,-2.783924620090e-03,7.692077580639e-03,4.203863624669e-03,15.924768994,,,,,0.042000,113.000000,10.300000
20000524,asteroid,306.741376640,-22.487771760,77297174.813101456,1.293708343698e-05,,,65.527000,7.885842232870e-03,5.601992821927e-03,3.996870111807e-03,18.121976990,,,,,0.048000,14.198000,9.840000
20000977,asteroid,158.694489639,24.810105100,67524813.282129616,1.480937082820e-05,,,65.471000,-4.698523876516e-03,-8.274935460194e-03,-2.882490020247e-03,17.215543000,,,,,0.051000,15.405000,9.890000
20000859,asteroid,356.554334015,-11.726461412,67567762.519037068,1.479995729795e-05,,,65.417000,6.752749247676e-04,8.362890196518e-03,5.631077040520e-03,17.495680136,,,,,0.031000,23.200000,9.740000
20000217,asteroid,263.352814578,-12.952626251,93880469.350830525,1.065184278386e-05,,,65.392000,1.281220912047e-02,1.376494810800e-03,-3.937213597238e-04,22.321860488,,,,,0.049000,25.272000,9.910000
20000252,asteroid,14.330288295,7.255899140,69737863.693299413,1.433941258077e-05,,,65.344000,-2.625712032174e-03,9.716956898858e-03,2.266877840900e-03,17.864435464,,,,,0.047000,10.864000,9.940000
20003709,asteroid,158.696470921,-0.778794247,39979285.319338962,2.501295338354e-05,,,65.297000,-3.165175347209e-03,-6.899443489250e-03,-6.049905694480e-04,13.184866917,,,,,0.087000,10.039000,9.190000
20000382,asteroid,110.658304448,25.187586218,62806791.019016430,1.592184513451e-05,,,65.209000,-8.159958583229e-03,-3.426228062586e-03,-2.739085564037e-03,16.040669978,,,,,0.129000,4.113000,8.780000
20000516,asteroid,340.316607144,-5.596477020,74299946.854531497,1.345895982884e-05,,,65.144000,5.803626965024e-03,6.431324246177e-03,5.256332843048e-03,17.544455993,,,,,0.202000,7.484200,8.350000
20000441,asteroid,85.244686575,21.648026325,80017207.645117611,1.249731188365e-05,,,65.131000,-1.101599934978e-02,1.208154042712e-03,-1.155474552493e-03,19.292112376,,,,,0.204000,10.446000,8.650000
20000643,asteroid,117.080825009,11.149220329,64935746.546754181,1.539983835067e-05,,,64.997000,-8.593052900739e-03,-3.638855350760e-03,-3.374908176079e-03,17.181761155,,,,,0.058000,14.161000,9.880000
20001749,asteroid,176.736095234,-0.463560732,41223501.722748041,2.425800716120e-05,,,64.898000,-1.173163737187e-03,-6.703851480633e-03,-3.793863581527e-03,13.491075546,,,,,0.073000,11.413000,9.470000
20001315,asteroid,16.560991782,11.640725960,62113638.738955565,1.609952371657e-05,,,64.863000,-2.477627736196e-03,8.502474074082e-03,2.741088107039e-03,16.051666559,,,,,0.040000,9.578000,10.210000
20000174,asteroid,190.955543951,-14.639499725,78786078.535436779,1.269259771002e-05,,,64.849000,4.453316586980e-03,-8.705443530490e-03,-5.187630793199e-03,19.165928072,,,,,0.169000,5.744000,8.400000
20000756,asteroid,13.213834925,10.380811212,56620304.060912386,1.766150882772e-05,,,64.837000,-1.590944194304e-03,8.190170097986e-03,4.962237292526e-04,14.471522835,,,,,0.057000,7.834000,10.000000
20000258,asteroid,225.315018492,-12.215238457,70228429.785907745,1.423924759600e-05,,,64.780000,7.713770644633e-03,-5.367687543455e-03,-1.083186273054e-04,16.272568138,,,,,0.167600,10.041000,8.260000
20001424,asteroid,352.921810450,-11.130035235,68452809.400252908,1.460860421598e-05,,,64.691000,2.055153302258e-03,8.730367372390e-03,4.817669784505e-03,17.627974871,,,,,0.030000,93.730000,9.990000
20000337,asteroid,116.596337634,28.245955762,99678387.061638921,1.003226506245e-05,,,64.549000,-1.187426207409e-02,-3.833159557802e-03,-2.483663783786e-03,22.028309327,,,,,0.135000,4.653000,8.960000
20000604,asteroid,262.996753119,-27.487258959,58350984.652911678,1.713767138547e-05,,,64.536000,8.573969123388e-03,3.888791080759e-04,5.199540485762e-05,14.860991955,,,,,0.090000,5.559600,9.570000
20000342,asteroid,192.217774987,-10.113472733,80238381.107565850,1.246286360962e-05,,,64.266000,1.347256840856e-03,-1.010452654120e-02,-3.326057996921e-03,18.566128310,,,,,0.035000,6.319000,10.240000
20000818,asteroid,274.555954160,-29.695110093,65758616.720340364,1.520713253828e-05,,,64.255000,9.327133987080e-03,2.544939677794e-03,-1.400749688875e-03,16.914680273,,,,,0.100000,16.350000,9.240000
20001042,asteroid,15.934992370,-8.307923888,69551953.346553385,1.437774141320e-05,,,63.920000,-1.078827587536e-03,8.128052367300e-03,6.391737805928e-03,18.000774919,,,,,0.054000,540.000000,9.950000
20000679,asteroid,178.281606804,23.466307758,64092245.936052315,1.560251143325e-05,,,63.909000,-2.418602322671e-03,-7.922698865260e-03,-9.070144449256e-04,14.428497932,,,,,0.110000,8.452000,9.140000
20003548,asteroid,195.466596948,-2.430310482,37911554.444936924,2.637718275183e-05,,,63.885000,1.255679648120e-03,-6.135358337942e-03,-3.581663772201e-03,12.491434363,,,,,0.052000,8.711000,9.790000
20000485,asteroid,260.296994426,-10.324592775,64366221.231066838,1.553609922835e-05,,,63.880000,8.470548772582e-03,-2.319723358034e-03,7.102223094079e-05,15.206918976,,,,,0.207200,17.590000,8.240000
20004543,asteroid,191.980710956,-17.947080046,37126894.967813857,2.693465211316e-05,,,63.836000,1.982440672834e-03,-5.624712806602e-03,-3.673777629891e-03,12.128123762,,,,,0.057000,38.866000,9.750000
20012444,asteroid,38.167147070,11.137099473,38161354.856840245,2.620452035184e-05,,,63.835000,-3.794009306509e-03,6.037902309126e-03,-1.441078073771e-03,12.596568866,,,,,0.052000,15.637000,9.930000
3568420,asteroid,127.378303430,62.617450368,8729192.020207789,1.145581398238e-04,,,63.700000,-4.906391628123e-04,3.286487971094e-03,2.295704502360e-04,5.767189435,,,,,0.083000,,9.510000
20000949,asteroid,247.498051206,-31.951403425,83004223.351215884,1.204757974505e-05,,,63.494000,1.060811910688e-02,-4.936167327454e-03,-1.576944380181e-03,20.441803542,,,,,0.058000,16.430000,9.790000
20000079,asteroid,198.775636838,-8.463480666,72737213.235456765,1.374812087951e-05,,,63.479000,2.325556622574e-03,-8.584453877905e-03,-2.919281443467e-03,16.207699956,,,,,0.287000,5.978000,7.780000
20000336,asteroid,147.968943517,6.955971047,88177115.152223036,1.134081102873e-05,,,63.356000,-5.064494907115e-03,-9.044407959272e-03,-3.761776859129e-03,19.093297419,,,,,0.054000,13.695800,9.950000
20004836,asteroid,197.672595212,12.422668058,41221304.783319339,2.425930002111e-05,,,63.277000,5.179328342477e-04,-6.944154534679e-03,-3.621708426710e-03,13.590150396,,,,,0.070000,9.818000,9.550000
20016070,asteroid,64.878897468,34.504626926,37243951.548865527,2.684999733951e-05,,,63.191000,-6.087862990621e-03,3.503926869224e-03,4.073705637222e-04,12.182559105,,,,,0.058000,20.240000,9.790000
20001167,asteroid,11.027071465,7.880708279,61600994.162585557,1.623350424119e-05,,,63.120000,-1.523060164390e-03,8.877155136785e-03,2.989231885122e-03,16.431434416,,,,,0.050900,34.818000,9.830000
20001240,asteroid,224.976119945,-27.615251839,68405136.392850101,1.461878526573e-05,,,63.035000,8.356076959010e-03,-4.493627529105e-03,-1.738325029655e-03,16.701019503,,,,,0.056000,11.290700,10.120000
20000264,asteroid,278.468908269,-30.989450076,71308310.314463183,1.402361093104e-05,,,62.969000,9.520777024498e-03,2.867295081471e-03,1.416134831645e-04,17.217911025,,,,,0.187000,9.227600,8.310000
20000928,asteroid,174.042350346,14.918629271,76191119.247726858,1.312488922428e-05,,,62.817000,-2.080157358972e-03,-1.080941285923e-02,-1.781860245866e-03,19.307528441,,,,,0.053000,14.130000,9.960000
20000738,asteroid,247.885461630,-18.704762898,69698629.940494999,1.434748431718e-05,,,62.790000,9.252700071216e-03,-3.661379115837e-03,-1.866106398025e-03,17.529707923,,,,,0.039800,17.890000,10.020000
20000640,asteroid,353.272325393,9.413249036,65365295.850035034,1.529863801572e-05,,,62.667000,1.381048578281e-03,9.160922392726e-03,2.842208487816e-03,16.778874829,,,,,0.055000,7.768000,9.330000
20000656,asteroid,137.081184205,16.036964379,74674898.443182454,1.339138078321e-05,,,62.604000,-7.506352045907e-03,-7.373913345469e-03,-3.123584013382e-03,19.004795214,,,,,0.045000,7.035000,10.050000
20001746,asteroid,307.184112691,-21.686236364,59188510.217459261,1.689517097704e-05,,,62.524000,6.950742707671e-03,5.574771588776e-03,3.947274272346e-03,16.873655551,,,,,0.048000,19.724000,9.970000
20015440,asteroid,159.616278253,25.589435747,38748825.996343940,2.580723349126e-05,,,62.519000,-2.629493747846e-03,-6.944224583683e-03,2.517588862533e-04,12.864138779,,,,,0.072000,21.430000,9.600000
20000184,asteroid,176.073667156,1.164848131,68603215.777462825,1.457657616581e-05,,,62.483000,-5.980508648114e-04,-9.271470170046e-03,-4.215940263340e-03,17.665270687,,,,,0.215000,6.441600,8.380000
20000172,asteroid,357.376357947,3.903744291,96635219.187700003,1.034819404774e-05,,,62.430000,6.351082666918e-04,1.041142375216e-02,6.642032213120e-03,21.411177250,,,,,0.138200,27.417000,8.710000
20000075,asteroid,147.762300477,16.042145734,59933697.567325577,1.668510438350e-05,,,62.377000,-5.213209261130e-03,-5.128751773151e-03,-2.784974629447e-03,13.549435711,,,,,0.117000,5.357000,9.230000
20001048,asteroid,209.963075596,-5.537924313,90706522.498587936,1.102456551584e-05,,,62.218000,6.431232074927e-03,-7.931682403875e-03,-6.898517383182e-03,21.337132139,,,,,0.057000,10.460000,9.670000
20000442,asteroid,280.958154736,-19.606097665,91583687.296592817,1.091897508736e-05,,,62.171000,1.156892785035e-02,1.629166971420e-03,-3.556670062093e-04,20.238114231,,,,,0.044000,11.871000,9.960000
20004715,asteroid,48.764490243,33.872889705,41154084.658508979,2.429892459759e-05,,,62.097000,-6.290215520803e-03,3.334747744731e-03,3.087207860863e-03,13.436172682,,,,,0.060000,8.812900,9.810000
20001735,asteroid,318.843883703,-29.757694322,74487795.610844761,1.342501804221e-05,,,61.865000,8.628091941255e-03,5.452264302636e-03,3.914742349227e-03,18.927315238,,,,,0.051000,12.599000,10.180000
20001109,asteroid,124.481881534,17.236689753,58920585.061982572,1.697199712033e-05,,,61.817000,-7.123392435028e-03,-4.534500313250e-03,-2.510605267556e-03,15.253294695,,,,,0.044000,8.277000,10.040000
20000792,asteroid,176.331198854,-7.786120919,87015741.572005302,1.149217350716e-05,,,61.804000,-1.101388862232e-03,-1.067879865488e-02,-4.644456111194e-03,20.252921799,,,,,0.024000,9.170000,10.150000
20034746,asteroid,43.926951335,-7.117912582,39722411.595916197,2.517470515569e-05,,,61.684000,-3.763304161755e-03,5.042171255761e-03,4.111422537401e-03,13.013570665,,,,,0.061000,19.633000,9.860000
20038050,asteroid,157.412637231,-19.250304463,39609313.609692857,2.524658745299e-05,,,61.603000,-2.776885813635e-03,-6.755351044125e-03,-1.813275168188e-03,13.030156553,,,,,0.056000,18.854000,9.890000
20000581,asteroid,29.877947128,-10.809778658,63755525.730491586,1.568491497078e-05,,,61.481000,-3.868134144700e-03,7.650563990796e-03,4.154478028462e-03,16.494639639,,,,,0.031000,24.994000,10.020000
20000077,asteroid,192.112701789,-5.759935832,71802729.835692167,1.392704709540e-05,,,61.390000,1.207020570361e-03,-8.706820049570e-03,-4.221346225392e-03,16.883735434,,,,,0.177000,9.003200,8.590000
20000307,asteroid,212.416826526,-7.038231659,63630504.601961792,1.571573267029e-05,,,61.313000,4.156650991691e-03,-7.196156585716e-03,-3.421987939677e-03,15.561204606,,,,,0.043000,11.857000,10.060000
20000834,asteroid,111.551867085,18.172506092,54157283.186939605,1.846473717207e-05,,,61.278000,-7.269212765084e-03,-3.007591030395e-03,-1.075970409863e-03,13.747894892,,,,,0.071000,13.875000,9.420000
20001005,asteroid,72.087045952,41.602953360,73285693.341486156,1.364522807119e-05,,,61.132000,-1.036578711786e-02,2.641629247317e-03,1.528827558409e-03,18.709756075,,,,,0.070000,8.789300,10.100000
20000025,asteroid,71.483313755,8.804841273,77212974.820147052,1.295119119979e-05,,,61.054000,-8.230731044375e-03,5.382777291175e-03,-1.245737548248e-03,17.164238851,,,,,0.350000,9.934100,7.870000
20001356,asteroid,163.535898648,15.603951474,63934524.210096903,1.564100167093e-05,,,60.895000,-3.619822465741e-03,-7.929418571961e-03,-3.380274021956e-03,16.187505259,,,,,0.052000,12.422000,10.280000
20000971,asteroid,182.259781521,14.063419764,81038131.932009324,1.233986983855e-05,,,60.867000,-2.416016106206e-03,-9.931915993443e-03,-3.989217702560e-03,18.998267392,,,,,0.046000,9.614000,10.080000
20001071,asteroid,54.187172420,19.768346490,82121913.196138009,1.217701781511e-05,,,60.862000,-9.740276114861e-03,4.924095397455e-03,3.287912453160e-03,19.736334328,,,,,0.036000,5.816900,10.660000
20000965,asteroid,253.103680444,-35.255926824,51383038.579738468,1.946167505155e-05,,,60.857000,6.776354092368e-03,-6.731327914512e-04,-2.746911391226e-03,12.713846534,,,,,0.029000,26.752000,10.190000
20000392,asteroid,304.695679910,-4.994853455,74989908.656359777,1.333512759140e-05,,,60.750000,7.787823883922e-03,6.833531149397e-03,2.297363534580e-03,18.375091536,,,,,0.173000,13.058000,9.730000
20005130,asteroid,15.338953256,18.000154366,40172056.694198355,2.489292513979e-05,,,60.711000,-2.390709402593e-03,7.103344616034e-03,1.421632736991e-03,13.208421155,,,,,0.069000,14.768000,9.810000
20000314,asteroid,4.314522898,-1.359188357,78725637.337408319,1.270234238580e-05,,,60.689000,-7.418450999838e-04,1.125364503489e-02,2.238827969756e-03,19.908532206,,,,,0.043000,20.465000,10.150000
20000218,asteroid,96.014460575,8.655391065,71695809.029969618,1.394781666502e-05,,,60.620000,-9.556896015310e-03,-1.871963951693e-03,1.408147259901e-04,16.863566441,,,,,0.174600,6.337000,8.680000
20000671,asteroid,208.261950296,-16.099526355,64627749.243038535,1.547322956025e-05,,,60.604000,4.619682003151e-03,-7.057248869149e-03,-4.320326816740e-03,16.408826269,,,,,0.028000,8.332000,10.330000
20001041,asteroid,99.978194382,31.939609269,74379770.622848988,1.344451578199e-05,,,60.571000,-1.057567690633e-02,-1.523895181377e-03,1.717961557381e-03,18.738058395,,,,,0.047000,7.978000,10.310000
20000510,asteroid,289.747394043,-12.582096031,97741813.104060501,1.023103591229e-05,,,60.450000,1.212906979065e-02,4.060084931551e-03,1.861606743943e-03,22.379654191,,,,,0.062000,19.400000,9.740000
20001051,asteroid,131.928539352,-0.161447117,58697943.289287224,1.703637204240e-05,,,60.439000,-6.752058107428e-03,-5.548305705674e-03,-1.515220014205e-05,15.131606812,,,,,0.053000,13.710000,10.190000
20000468,asteroid,253.037707462,-22.873009148,66195227.894263759,1.510682917502e-05,,,60.238000,9.748370627402e-03,-6.693279632864e-04,-3.255940516977e-04,16.928011839,,,,,0.057000,16.330000,9.800000
20000752,asteroid,269.320682694,-23.889959739,78371846.581895560,1.275968403979e-05,,,60.171000,1.017238749741e-02,9.380261984924e-05,-1.116841340279e-03,17.719631555,,,,,0.045000,27.367000,10.250000
20000541,asteroid,204.411412703,-15.701619255,75413729.736912906,1.326018489589e-05,,,60.147000,5.368365492021e-03,-8.551573968252e-03,-3.043571958064e-03,18.259449580,,,,,0.055000,29.368000,10.260000
20000479,asteroid,267.265229183,-16.882220737,66599937.796701856,1.501502903880e-05,,,60.088000,8.956305173979e-03,1.359617080471e-03,-5.680741319919e-04,15.715932040,,,,,0.071000,9.454000,9.780000
20001351,asteroid,6.355473119,2.274750570,66583868.277825780,1.501865280382e-05,,,60.010000,-1.745041698272e-03,8.168536024713e-03,5.352637006223e-03,17.177314956,,,,,0.035000,74.070000,10.170000
20005027,asteroid,175.375509237,36.330291148,38826675.204956837,2.575548884166e-05,,,59.786000,-2.670300583893e-03,-6.638290653053e-03,-2.077149009809e-03,12.900452225,,,,,0.071000,11.376000,9.770000
20001030,asteroid,20.438082223,4.959966962,58975631.036753692,1.695615599902e-05,,,59.717000,-3.241796325620e-03,7.911097209529e-03,1.109669044444e-03,14.927333933,,,,,0.031000,6.334000,10.460000
20000287,asteroid,251.531652004,-12.809222119,89735885.227187470,1.114381384290e-05,,,59.615000,1.086537654979e-02,-3.068653488346e-03,-2.059792057935e-03,19.871496841,,,,,0.238000,7.605000,8.260000
20000638,asteroid,341.440280946,-14.627772395,74023054.049744263,1.350930480831e-05,,,59.594000,5.297608691968e-03,8.336333804786e-03,2.563354323484e-03,17.668488766,,,,,0.060000,9.876800,10.090000
20006090,asteroid,156.114767050,7.293371390,38276498.094656259,2.612569199844e-05,,,59.568000,-3.141045893006e-03,-4.621970180428e-03,-4.761094447420e-03,12.711393168,,,,,0.087000,18.476000,9.520000
20001628,asteroid,216.678670440,-2.725745662,67391130.305447891,1.483874799944e-05,,,59.345000,5.359469435251e-03,-8.133432765125e-03,-5.467033277189e-04,16.891737030,,,,,0.047000,9.418000,10.220000
20005648,asteroid,57.187540689,14.588157103,42869046.143991776,2.332685445440e-05,,,59.295000,-5.496158761001e-03,3.615304954524e-03,4.707288062091e-03,14.006271377,,,,,0.073000,37.560000,9.810000
20001189,asteroid,346.217734950,4.394008116,78563696.962194905,1.272852524342e-05,,,59.246000,1.626879153933e-03,9.939070533399e-03,4.803998857805e-03,19.320316932,,,,,0.042000,19.308000,9.980000
20007119,asteroid,159.250672536,-9.360238444,38825011.688731596,2.575659237445e-05,,,59.150000,-2.217497217429e-03,-5.721977902409e-03,-3.996657480885e-03,12.680081073,,,,,0.067000,400.000000,9.790000
20000487,asteroid,62.632602092,12.842503598,83881059.100672081,1.192164251050e-05,,,59.046000,-9.832838508721e-03,4.695748972361e-03,3.331399404033e-03,19.728960573,,,,,0.328000,13.340000,8.430000
20060558,asteroid,126.245472417,15.922771973,14862733.417919734,6.728237477464e-05,,,59.000000,-3.787811440658e-03,-8.512567903661e-04,-2.596979634564e-04,6.737035289,,,,,0.077000,26.802000,9.200000
20000932,asteroid,215.178656808,-17.498722039,78882470.492540643,1.267708774530e-05,,,58.978000,6.034120516685e-03,-6.911249781460e-03,-4.455075662622e-03,17.659474780,,,,,0.051000,78.440000,10.040000
20000152,asteroid,34.059290173,12.792740075,68702977.161995739,1.455540998816e-05,,,58.964000,-6.382425102023e-03,6.110235955701e-03,4.969958651953e-03,17.552807338,,,,,0.257000,6.246000,8.370000
20000438,asteroid,96.096433913,28.662840562,75881108.697843820,1.317851066175e-05,,,58.871000,-9.984364935245e-03,-1.467099016831e-03,3.135306035608e-04,17.481560651,,,,,0.061000,8.831000,10.180000
20000954,asteroid,222.207165395,-15.164386034,68171054.642763421,1.466898238908e-05,,,58.771000,8.150268424875e-03,-5.422679109443e-03,-2.277891844470e-03,17.402744704,,,,,0.060000,7.207000,10.160000
20002906,asteroid,339.505358113,-38.481116889,69930350.997850791,1.429994252468e-05,,,58.678000,4.084869181592e-03,9.304214942550e-03,1.996816513073e-03,17.930558386,,,,,0.051000,12.993700,10.490000
20000820,asteroid,133.701426190,18.758542158,62487564.840841934,1.600318403425e-05,,,58.650000,-6.955459395494e-03,-5.845537468237e-03,-1.517353283517e-03,15.949253791,,,,,0.020400,12.420000,10.370000
20000744,asteroid,135.541789738,15.636721621,71578528.938141793,1.397066990388e-05,,,58.636000,-7.186415668774e-03,-7.589376227696e-03,-1.745675924428e-03,18.347772390,,,,,0.031000,17.470000,10.360000
20000436,asteroid,98.695497030,41.096733972,66858022.507274829,1.495706816472e-05,,,58.609000,-9.945219042937e-03,-7.488692503569e-05,-7.122879124131e-04,17.264312962,,,,,0.060000,16.133000,10.030000
20001038,asteroid,4.989397440,-6.119312065,66624703.634137392,1.500944762909e-05,,,58.300000,-3.159644400822e-04,9.481253727016e-03,5.171258206960e-03,18.707420984,,,,,0.024400,68.980000,10.640000
20000064,asteroid,348.104880191,-4.224888801,70329058.815824211,1.421887363257e-05,,,58.292000,1.279019349897e-03,8.628816492140e-03,3.913739329369e-03,16.554187088,,,,,0.483000,8.752000,7.730000
20000874,asteroid,13.116607662,4.897658555,60600442.943647563,1.650152955037e-05,,,58.287000,-2.075886370153e-03,8.510313599216e-03,1.808397033647e-03,15.487108726,,,,,0.054000,14.297000,10.250000
20000764,asteroid,284.817564947,-18.401887624,60951618.827161804,1.640645514003e-05,,,58.280000,8.485080714041e-03,2.118980198318e-03,2.409057181635e-03,15.706730902,,,,,0.084000,24.968000,9.680000
20001023,asteroid,297.572040051,-11.065898119,65307821.373001143,1.531210165913e-05,,,58.270000,8.172005932897e-03,4.987176570499e-03,1.565853412830e-03,16.796515357,,,,,0.064900,17.560000,10.150000
20002193,asteroid,329.351258913,-24.395965158,69044439.432329699,1.448342557665e-05,,,58.265000,6.679742757751e-03,6.810386042723e-03,3.438650953371e-03,17.557402771,,,,,0.036000,4.754100,10.790000
20000224,asteroid,355.003706212,-1.949626598,78732905.583921835,1.270116976610e-05,,,58.236000,1.452235571174e-03,9.222185406517e-03,5.183489660375e-03,18.489028998,,,,,0.166000,9.401000,8.680000
20000838,asteroid,75.571879789,19.787899182,74229635.725785747,1.347170830387e-05,,,58.095000,-9.720011229460e-03,4.045320774145e-03,-2.939024787507e-04,18.236245352,,,,,0.048000,11.690000,10.280000
20000903,asteroid,135.017185646,11.774141399,63133950.607959263,1.583933826999e-05,,,58.065000,-7.116710104151e-03,-6.204747962311e-03,-8.314886836027e-04,16.411236512,,,,,0.054000,19.720000,10.130000
20001062,asteroid,130.486277944,21.496529289,72375225.929005921,1.381688260263e-05,,,58.031000,-8.629355244142e-03,-5.036478770373e-03,-3.071289882566e-03,18.098877143,,,,,0.060000,33.800000,9.840000
20281371,asteroid,131.393928626,-8.820475410,13788076.247235203,7.252643385987e-05,,,58.000000,-3.551395227936e-03,-1.708909835719e-03,-1.998884820575e-03,7.651456734,,,,,0.120000,,9.430000
20002760,asteroid,281.989026818,-35.902962921,47768800.833428092,2.093416586879e-05,,,57.900000,7.912495729416e-03,3.510812110877e-04,5.649132636242e-04,13.748462213,,,,,0.050800,26.247000,10.120000
20000207,asteroid,162.952167722,10.334101832,91592686.636071205,1.091790225538e-05,,,57.880000,-3.632377151085e-03,-9.834941162015e-03,-4.828515938725e-03,19.985752405,,,,,0.058000,30.098000,10.260000
20001574,asteroid,8.833577684,16.173589082,57040725.815581441,1.753133372168e-05,,,57.785000,-2.180200173155e-03,8.416961016535e-03,2.095208760887e-03,15.485498441,,,,,0.042000,16.360000,10.010000
20001282,asteroid,242.786149055,-38.920686595,59793532.920799278,1.672421666946e-05,,,57.702000,8.196218046582e-03,-3.054957174688e-03,-4.870868539936e-04,15.168590373,,,,,0.053000,13.623000,10.260000
20004805,asteroid,29.909442669,23.585960133,43343563.652504906,2.307147626386e-05,,,57.647000,-4.444712440176e-03,6.582503307228e-03,2.065145159109e-03,14.209517085,,,,,0.058000,12.372000,10.120000
20000082,asteroid,110.766462081,24.901550794,93871425.124658644,1.065286905650e-05,,,57.621000,-1.167010910854e-02,-4.694214227166e-03,-2.014137511287e-03,22.057145719,,,,,0.167000,12.999000,8.260000
20001309,asteroid,201.154888530,-9.457969592,61787264.112959281,1.618456512610e-05,,,57.570000,2.315877128248e-03,-8.699367128803e-03,-2.010790166386e-03,15.971274756,,,,,0.043000,13.880000,10.380000
20014268,asteroid,153.233900010,-1.622655130,39159302.093754642,2.553671660455e-05,,,57.540000,-3.357816688057e-03,-5.453644795043e-03,-3.789028534282e-03,12.884402145,,,,,0.036900,7.510000,10.540000
20000235,asteroid,70.201201670,23.129891229,67835294.695220381,1.474158849745e-05,,,57.517000,-8.934255650100e-03,2.288768248962e-03,2.627374255766e-03,16.604163681,,,,,0.177000,17.610000,8.980000
20000925,asteroid,68.645644756,37.892982686,79055125.856960341,1.264940115091e-05,,,57.505000,-1.000398654753e-02,3.921379279239e-03,-1.325995664848e-03,18.745787330,,,,,0.248000,7.880000,8.510000
20000293,asteroid,248.264238506,-24.528862769,71428079.688670039,1.400009638168e-05,,,57.486000,8.794764120147e-03,-2.694848934372e-03,-4.117681188421e-03,17.449561962,,,,,0.056000,8.173000,10.230000
20000611,asteroid,104.604938236,9.306510838,78652547.733521000,1.271414631587e-05,,,57.468000,-1.097219837312e-02,-2.292292839447e-03,-8.318048726414e-04,19.461424109,,,,,0.124000,6.977000,9.480000
20002196,asteroid,325.477766783,-3.829951618,56763250.976415828,1.761703184364e-05,,,57.384000,5.001101870795e-03,6.824879006115e-03,2.280858227541e-03,15.172967542,,,,,0.043000,9.070600,10.280000
20016974,asteroid,158.001629770,-6.712158858,37819752.002487384,2.644120987187e-05,,,57.341000,-2.550950978165e-03,-6.240891889957e-03,-2.428072092373e-03,12.407627009,,,,,0.065000,78.900000,9.930000
20000119,asteroid,222.122945629,-14.101918466,74763934.523809895,1.337543303960e-05,,,57.300000,7.240783598791e-03,-6.630332703375e-03,-1.863542651677e-03,17.302708164,,,,,0.230600,11.484000,8.340000
20004867,asteroid,40.981845815,43.849869385,39214543.493013576,2.550074311532e-05,,,57.251000,-6.044054894085e-03,3.651029548554e-03,2.335993472993e-03,12.877835421,,,,,0.071000,11.235000,9.930000
20031824,asteroid,221.171800198,-12.061866481,13974016.731584108,7.156138562077e-05,,,57.000000,3.318794209939e-03,-1.669195488894e-03,-1.065929542923e-03,6.691764699,,,,,0.050000,26.820000,10.260000
20000255,asteroid,89.949837814,32.639108257,76870028.217472985,1.300897141823e-05,,,56.939000,-1.058502793895e-02,-8.883204548304e-04,-8.483534025526e-05,18.392532317,,,,,0.038000,19.499000,10.530000
20002895,asteroid,51.281941912,-9.463634026,41405911.538161546,2.415114081182e-05,,,56.706000,-5.660425255998e-03,4.995469452871e-03,2.308518697326e-03,13.669123893,,,,,0.060000,7.516000,10.050000
20001144,asteroid,200.813680280,-1.427811773,50916400.396085538,1.964003724185e-05,,,56.337000,2.950887754786e-03,-7.356543740659e-03,-2.107780778230e-03,14.201030059,,,,,0.061000,648.000000,9.980000
20001529,asteroid,130.437912869,22.470107526,53331942.239016362,1.875048906935e-05,,,56.319000,-7.919831417054e-03,-4.021163126741e-03,-2.674473745849e-04,15.386116580,,,,,0.054000,14.320000,9.940000
20000067,asteroid,144.263314432,8.770805794,72281969.580004662,1.383470879129e-05,,,56.309000,-5.095018136453e-03,-7.261841523048e-03,-2.552656354391e-03,15.982913522,,,,,0.228000,15.853000,8.380000
20001049,asteroid,164.566349211,6.392743929,60782011.369391456,1.645223607233e-05,,,56.296000,-3.278180084672e-03,-6.342414802064e-03,-5.260413711128e-03,15.354873438,,,,,0.008000,8.470000,10.600000
20000480,asteroid,248.505649939,-17.156267052,74890467.022342891,1.335283434274e-05,,,56.220000,8.930812645736e-03,-4.365815194410e-03,2.036417164648e-03,17.569531285,,,,,0.248500,16.190000,8.220000
20000316,asteroid,270.822135854,-22.157902443,57550118.407498725,1.737615886242e-05,,,56.067000,8.486875990809e-03,3.953376135390e-04,-1.512555304311e-04,14.712924868,,,,,0.061000,8.605000,10.150000
20001035,asteroid,79.154299162,40.838330058,62483650.143038929,1.600418665860e-05,,,56.063000,-8.751977817136e-03,2.170496241161e-03,2.030249623312e-03,16.003577752,,,,,0.038000,9.081000,10.530000
20000267,asteroid,249.129890456,-21.743614276,82441917.592101470,1.212975182052e-05,,,55.998000,1.080428470483e-02,-2.661359975908e-03,-2.453862682704e-03,19.729253348,,,,,0.051000,7.648000,10.230000
20000891,asteroid,330.667677734,-21.280877819,72605977.070001170,1.377297077121e-05,,,55.747000,5.299187841903e-03,8.583383524240e-03,1.769291016488e-03,17.732540463,,,,,0.065000,11.892000,9.970000
20001154,asteroid,73.952713694,22.036577828,57568093.822430380,1.737073322394e-05,,,55.715000,-8.407895661350e-03,2.116166021153e-03,1.666982338795e-03,15.286881132,,,,,0.036000,18.115400,10.540000
20000402,asteroid,169.234782921,12.267143144,90162305.763086423,1.109110943355e-05,,,55.421000,-3.153481270047e-03,-1.122488330363e-02,-2.665902818223e-03,20.708794673,,,,,0.164000,10.664000,9.110000
20000222,asteroid,131.934513702,19.551501898,60270548.560552873,1.659185164036e-05,,,55.350000,-6.310937171262e-03,-5.812989462964e-03,-2.310995501262e-03,15.385577235,,,,,0.128000,7.837100,9.620000
20000778,asteroid,333.294492436,-8.146912634,59559532.112394817,1.678992370378e-05,,,55.317000,1.902882081972e-03,6.957375274490e-03,5.075532078874e-03,15.270924830,,,,,0.079000,11.659000,9.880000
20000921,asteroid,231.901959337,-10.873046343,76903405.173552975,1.300332537608e-05,,,55.312000,9.556962783356e-03,-5.984469501189e-03,2.534014517303e-04,19.528931582,,,,,0.048000,15.570000,9.980000
20001585,asteroid,240.523969501,6.015160203,53837196.334132731,1.857451851307e-05,,,55.271000,6.252787253846e-03,-3.511597260373e-03,-1.434027341821e-03,12.662751036,,,,,0.031000,12.798000,10.310000
20000686,asteroid,284.747636544,-12.116982221,101682559.261853769,9.834528234334e-06,,,55.258000,1.180084627923e-02,4.413146511626e-03,4.330751650441e-03,23.067479181,,,,,0.078000,6.312700,9.630000
20001558,asteroid,306.618885199,-21.637846410,63385819.272424921,1.577639938205e-05,,,54.977000,7.590781434497e-03,5.664746051935e-03,6.301022352146e-04,16.435743049,,,,,0.049000,6.257000,10.460000
20004708,asteroid,18.532682750,15.242141625,41929520.587788224,2.384954528412e-05,,,54.964000,-3.104466972533e-03,6.827304019704e-03,2.742912310204e-03,13.827107215,,,,,0.064000,7.517000,10.050000
20001202,asteroid,1.524549008,-2.092516136,62009500.252497666,1.612656118705e-05,,,54.930000,-1.458119340829e-05,9.188428590807e-03,4.401467366772e-03,17.640507427,,,,,0.033700,9.558000,10.040000
20021601,asteroid,195.071955455,-24.890474479,39427664.805505812,2.536290203675e-05,,,54.909000,2.395957184801e-03,-6.916971705446e-03,-1.780964340927e-03,13.044311615,,,,,0.064000,12.650000,10.000000
20000417,asteroid,83.909950567,17.303596224,72722881.157463118,1.375083033131e-05,,,54.874000,-1.013593322773e-02,-2.059278065214e-04,-4.727666409725e-04,17.572628451,,,,,0.072000,7.034000,9.670000
20000142,asteroid,178.082415553,-1.431142445,94960089.444778562,1.053073987026e-05,,,54.812000,7.975919286644e-04,-1.116052863515e-02,-4.994425715048e-03,21.215670026,,,,,0.047000,9.764000,10.540000
20000558,asteroid,279.184029761,-17.235945385,68297081.499001965,1.464191409137e-05,,,54.811000,9.557760532682e-03,1.656106492386e-03,-3.686714696839e-04,16.807567655,,,,,0.131000,11.387000,9.030000
20001731,asteroid,203.254650558,-4.760993653,58857632.098324835,1.699015003406e-05,,,54.784000,4.020747793395e-03,-7.249012210927e-03,-2.583327187647e-03,15.033609693,,,,,0.058000,12.500000,10.520000
20000232,asteroid,161.591237513,8.678426519,93363924.572667241,1.071077511552e-05,,,54.730000,-2.975315882734e-03,-1.142041250845e-02,-3.572469743157e-03,21.349702989,,,,,0.031000,21.905000,10.590000
20000198,asteroid,264.300636637,-23.896025708,87570200.906636596,1.141940968100e-05,,,54.323000,1.119136875093e-02,6.756684261308e-04,2.285900094773e-03,19.812028052,,,,,0.268000,10.379000,8.490000
20000609,asteroid,5.354515739,0.750231303,66827716.979619719,1.496385100669e-05,,,54.170000,-5.306233131961e-04,9.218127735215e-03,3.255040656275e-03,16.951548687,,,,,0.060200,35.375000,10.410000
20001819,asteroid,250.528891592,-2.621175038,81405816.655934438,1.228413448914e-05,,,54.165000,1.077535825701e-02,-2.012751114164e-03,-4.362751495690e-03,20.427750452,,,,,0.050000,9.800400,10.320000
20012929,asteroid,58.841986696,-8.393018472,39293600.121689938,2.544943697964e-05,,,54.077000,-6.038619046726e-03,3.547633619478e-03,-2.716717339653e-03,13.006822852,,,,,0.066000,9.272000,10.060000
20000584,asteroid,29.351795903,22.528075565,110888237.208908454,9.018089070314e-06,,,54.010000,-6.829495904980e-03,1.140901914655e-02,4.086266388630e-03,24.085635391,,,,,0.198700,5.068000,8.470000
20017492,asteroid,77.209242004,16.739291100,38151684.582091637,2.621116238913e-05,,,53.975000,-6.046260251040e-03,6.129058499480e-04,3.964664876782e-03,12.563683248,,,,,0.066000,17.699000,10.040000
20005652,asteroid,174.260240224,0.508188668,37333439.581307508,2.678563805572e-05,,,53.921000,-1.017654992980e-03,-6.415267865181e-03,-2.868507260395e-03,12.294516166,,,,,0.061000,8.374000,10.210000
20001436,asteroid,80.552690438,22.927117359,62369098.747628964,1.603358105344e-05,,,53.769000,-8.795919846783e-03,2.389449593340e-03,-1.375086071323e-03,15.960288590,,,,,0.028000,8.870000,10.290000
20000934,asteroid,18.346716996,20.970139260,95617285.339740530,1.045836008047e-05,,,53.714000,-5.855920360530e-03,9.861186977658e-03,5.930237202812e-03,22.355416152,,,,,0.047000,8.166000,10.190000
20003754,asteroid,93.738008464,20.912065964,68245814.039800793,1.465291335549e-05,,,53.699000,-9.890642582783e-03,-1.974879423274e-03,7.314892029729e-04,17.509132933,,,,,0.061000,11.180000,10.510000
20001328,asteroid,162.422781062,2.077976634,54892825.019556753,1.821731710189e-05,,,53.697000,-3.456566408875e-03,-7.298371938912e-03,-2.788420575202e-03,14.792496931,,,,,0.046000,17.124300,10.030000
20002759,asteroid,175.869957727,3.384260588,42488736.716553688,2.353564914559e-05,,,53.676000,-5.575079473024e-04,-8.039512589613e-03,-2.119455735214e-04,13.958323621,,,,,0.067000,479.000000,10.050000
20001072,asteroid,232.682216022,-21.695906745,52681127.885885410,1.898212965687e-05,,,53.675000,6.097325479952e-03,-3.662564329735e-03,-2.694515241727e-03,13.169566767,,,,,0.032000,10.080000,10.770000
20000403,asteroid,131.613745347,9.198104487,81284075.949772879,1.230253267095e-05,,,53.574000,-8.320264189915e-03,-6.735302629248e-03,-3.655765633643e-03,19.585809323,,,,,0.173000,12.283000,9.030000
20000446,asteroid,67.365254373,26.869098127,72129682.285550430,1.386391799206e-05,,,53.562000,-8.858831235922e-03,3.351603163106e-03,3.331951521142e-03,17.384898902,,,,,0.317000,15.741300,8.860000
20001520,asteroid,13.823829946,19.274426618,73221355.715926051,1.365721776417e-05,,,53.435000,-3.231054379861e-03,9.908201250384e-03,2.509815674092e-03,18.560647059,,,,,0.062000,18.635000,10.560000
20000492,asteroid,156.089049476,11.617198911,56236896.005771726,1.778192025210e-05,,,53.418000,-3.863696885719e-03,-6.541688092973e-03,-2.903313229574e-03,14.082510638,,,,,0.069000,6.488000,9.990000
20001625,asteroid,175.098733176,-8.648396681,75165846.546352372,1.330391455624e-05,,,53.317000,2.343061542415e-03,-9.038393378992e-03,-5.944551152148e-03,19.165293912,,,,,0.023000,13.959000,10.450000
20000563,asteroid,220.672231392,-8.225976331,62832337.516850449,1.591537159877e-05,,,53.290000,4.641638075192e-03,-6.029599362504e-03,-3.641729736248e-03,14.606259126,,,,,0.247700,5.690000,8.410000
20005258,asteroid,159.400894004,2.285660148,42738932.908650711,2.339787009043e-05,,,53.275000,-3.087133361337e-03,-6.835746683690e-03,-2.971728616411e-03,13.969004464,,,,,0.052000,19.850000,10.350000
20012126,asteroid,50.718473987,20.426993619,37340535.847673401,2.678054766218e-05,,,53.202000,-4.756918728564e-03,4.767063031277e-03,2.240105966736e-03,12.288616545,,,,,0.045000,,10.130000
20001165,asteroid,5.829588527,6.380029364,74585496.334433079,1.340743239833e-05,,,53.187000,6.051183353637e-04,1.067373389775e-02,2.263687806256e-03,18.921190937,,,,,0.048000,10.797000,10.710000
20002311,asteroid,166.162311415,6.978745352,54179769.547713995,1.845707370755e-05,,,53.140000,-2.140205612703e-03,-7.976973787849e-03,-2.395657275602e-03,14.889699754,,,,,0.038800,18.600000,10.360000
20003731,asteroid,209.757009829,-29.053993631,68835705.507850960,1.452734438650e-05,,,53.112000,4.853870997439e-03,-8.965600654369e-03,-1.391924148368e-03,17.816304810,,,,,0.019000,6.712000,10.770000
20015502,asteroid,29.199509580,29.921731056,40327330.527100667,2.479707897670e-05,,,53.100000,-4.760065726359e-03,5.443824398879e-03,2.359524556003e-03,13.170549923,,,,,0.069000,15.129000,10.080000
20000301,asteroid,62.445931238,16.136992812,71422002.629207745,1.400128760309e-05,,,53.042000,-8.658716765622e-03,4.181976101620e-03,1.966631308435e-03,16.993870790,,,,,0.057000,12.253000,10.510000
20004754,asteroid,57.386096452,7.579239490,39173977.422318161,2.552715005728e-05,,,53.025000,-6.267508670646e-03,3.877026180017e-03,1.424173027507e-03,12.996456853,,,,,0.063000,27.680000,10.090000
20001637,asteroid,211.986281813,-16.720567152,69916878.358658910,1.430269805340e-05,,,52.994000,6.164099470536e-03,-6.191255372646e-03,-5.275588540361e-03,17.671007895,,,,,0.042000,10.264000,10.420000
20000371,asteroid,85.862491442,25.573330626,71202131.602386862,1.404452335197e-05,,,52.976000,-9.691100058708e-03,1.097210984819e-03,-8.373244401063e-04,16.949043794,,,,,0.234000,10.739100,8.750000
20000284,asteroid,137.962966494,7.806234828,73573238.234813377,1.359189868480e-05,,,52.950000,-5.316887047265e-03,-6.964273711625e-03,-2.985580736298e-03,16.027351447,,,,,0.060200,8.545000,10.310000
20000033,asteroid,135.057247924,18.629390929,58668131.983960718,1.704502881178e-05,,,52.929000,-7.176452814338e-03,-3.379116379119e-03,-1.558853832344e-03,13.996976244,,,,,0.240000,18.608000,8.470000
20000759,asteroid,150.631263325,7.465821609,65614344.221124403,1.524056990694e-05,,,52.926000,-3.512611602152e-03,-5.654103382240e-03,-5.557483975265e-03,15.014132401,,,,,0.036000,14.229000,10.830000
20000138,asteroid,120.852735036,23.338580874,73081876.548092350,1.368328301398e-05,,,52.905000,-8.553665230932e-03,-3.742493042689e-03,-1.337243345859e-03,16.330829087,,,,,0.273000,10.101000,9.020000
20000253,asteroid,194.495909474,-4.234850569,66336559.926671155,1.507464362194e-05,,,52.800000,3.982588161260e-03,-7.581170799465e-03,-2.278573400277e-03,15.343390110,,,,,0.043600,417.700000,10.350000
20001679,asteroid,348.060725163,-1.927921091,69332417.885699376,1.442326736172e-05,,,52.686000,3.559828296406e-03,9.519211412926e-03,8.639414296108e-04,17.660363905,,,,,0.037000,17.920000,10.630000
20000845,asteroid,279.595883222,-33.571336010,73164463.216525927,1.366783758176e-05,,,52.677000,1.013875347551e-02,2.536978661547e-03,-1.839140285857e-04,18.098851904,,,,,0.041000,20.892000,10.120000
20000987,asteroid,178.258897821,-5.250652975,54426679.667301960,1.837334201007e-05,,,52.651000,1.069284393602e-03,-6.757110622782e-03,-3.867959962153e-03,13.607425244,,,,,0.144000,10.081300,9.640000
20000527,asteroid,228.609330995,-8.488011013,76345519.385045156,1.309834562729e-05,,,52.627000,8.755921876340e-03,-4.969287281910e-03,-3.014771446529e-03,18.196683072,,,,,0.039000,42.750000,10.410000
20001428,asteroid,225.978091646,-0.113295387,66275163.005351499,1.508860868315e-05,,,52.464000,6.708078566356e-03,-5.294349796348e-03,-3.435310215072e-03,15.947254575,,,,,0.038000,16.670000,10.270000
20000547,asteroid,146.645278650,0.709109119,70104553.401492357,1.426440867932e-05,,,52.462000,-7.023742233841e-03,-6.595036333331e-03,-1.270163048223e-03,16.826408840,,,,,0.101000,9.105000,9.990000
20000846,asteroid,293.820565680,-21.493757244,66021745.133523650,1.514652479994e-05,,,52.410000,8.254047644238e-03,4.744398797542e-03,2.093642994385e-03,16.878104427,,,,,0.050600,1641.000000,10.360000
20000166,asteroid,299.471532311,-18.306145052,78722260.806748420,1.270288721071e-05,,,52.393000,8.095895481209e-03,7.058590196766e-03,6.178795137267e-04,18.628173864,,,,,0.046000,4.715000,9.880000
20001149,asteroid,167.518379100,-7.427058762,65513394.905028634,1.526405403734e-05,,,52.377000,-1.785580601035e-03,-8.305642382553e-03,-3.691813911427e-03,16.038327143,,,,,0.038000,27.262000,10.540000
20004832,asteroid,60.428215953,1.704581868,41695353.366002686,2.398348782949e-05,,,52.058000,-6.120713875148e-03,4.568685414341e-03,2.249628471700e-03,13.786230001,,,,,0.071000,5.340000,10.010000
20002008,asteroid,43.929851389,29.326980875,58779671.592964455,1.701268436688e-05,,,52.023000,-6.909447352613e-03,3.420187787069e-03,4.139905168274e-03,15.151678132,,,,,0.070000,11.269200,10.460000
20000564,asteroid,76.410493618,25.115945601,61390900.226224385,1.628905906763e-05,,,52.010000,-7.316524216157e-03,1.652443147802e-03,3.498313324705e-03,14.330385651,,,,,0.050000,8.882000,10.460000
20005126,asteroid,173.703417911,27.403087371,39906609.163177073,2.505850587082e-05,,,51.922000,-1.296075606360e-03,-7.491332075781e-03,-5.423026069596e-04,13.197059101,,,,,0.050000,53.020000,10.590000
20000509,asteroid,179.543386508,-9.389892576,61485386.203782745,1.626402730375e-05,,,51.892000,3.303357662704e-05,-8.763722499230e-03,-1.713217012370e-03,15.461341030,,,,,0.253000,12.306000,8.400000
20000294,asteroid,87.097276373,18.716655123,59907868.250697836,1.669229817718e-05,,,51.865000,-8.509484005665e-03,1.978936692682e-03,1.368038048818e-03,15.311310752,,,,,0.095000,10.422700,10.290000
20000591,asteroid,317.165046042,-21.097726940,72122291.119023994,1.386533878062e-05,,,51.860000,8.298240351074e-03,3.823142104633e-03,3.599964952784e-03,17.003307800,,,,,0.036400,7.350000,10.630000
20003240,asteroid,43.304466829,18.852312049,39841156.348288812,2.509967309327e-05,,,51.695000,-4.788971589828e-03,5.429051307801e-03,2.278686496081e-03,13.140977088,,,,,0.060000,11.312000,10.280000
20000973,asteroid,148.882978373,19.632433054,67761036.203314379,1.475774362422e-05,,,51.609000,-6.749143177321e-03,-5.613906385200e-03,-5.020827568026e-03,17.510464311,,,,,0.098000,7.366200,10.210000
20001254,asteroid,170.292762303,-2.796164550,67432596.165680885,1.482962331071e-05,,,51.540000,-1.284760315905e-03,-8.837481047703e-03,-4.400004248570e-03,17.237495710,,,,,0.032000,12.287000,10.700000
20002697,asteroid,154.018494593,7.325427235,56116901.977484755,1.781994309667e-05,,,51.540000,-4.539648981735e-03,-6.823997443472e-03,-3.274515319551e-03,15.281791799,,,,,0.055300,16.587000,10.650000
20002120,asteroid,302.391311846,-2.294636206,77096078.084514976,1.297082841106e-05,,,51.485000,9.240863398417e-03,5.517735823167e-03,2.949295516642e-03,19.322415121,,,,,0.068000,17.507000,11.040000
20000270,asteroid,158.253996479,6.595786544,81546467.218006462,1.226294693217e-05,,,51.400000,-3.755491998741e-03,-8.452952535590e-03,-3.714969669824e-03,17.258823234,,,,,0.211000,15.060000,8.880000
20003925,asteroid,217.951760461,-1.752553300,56231104.148193039,1.778375180691e-05,,,51.289000,5.685479783990e-03,-5.795761409945e-03,-1.296618556327e-03,14.235560740,,,,,0.029000,30.962000,11.030000
20004902,asteroid,168.374346564,4.520416290,39907880.847890228,2.505770736892e-05,,,51.263000,-1.939010019548e-03,-7.117326899507e-03,-1.786100600910e-03,13.141547220,,,,,0.081000,738.000000,9.840000
20011552,asteroid,71.742078578,8.743920475,37921402.582167685,2.637033263296e-05,,,51.136000,-6.387293000436e-03,2.995910761576e-03,1.776378426125e-03,12.596692213,,,,,0.062000,32.440000,10.100000
20000665,asteroid,314.558735630,-13.151729920,73870909.437623262,1.353712858841e-05,,,51.090000,8.456600991587e-03,4.627743958961e-03,4.990961651721e-03,18.795664803,,,,,0.389500,4.294000,8.630000
20000743,asteroid,212.947426424,-14.448813296,69934016.299274936,1.429919305250e-05,,,51.072000,5.491286678594e-03,-7.650671118778e-03,-2.449998661976e-03,16.848551180,,,,,0.068000,10.230000,10.280000
20020729,asteroid,165.412610824,-10.779588714,37937988.988418244,2.635880358090e-05,,,50.961000,-9.249905226369e-04,-5.537022648396e-03,-4.549057621736e-03,12.510677591,,,,,0.052000,5.720000,10.490000
20006545,asteroid,187.320927430,-16.159573916,38801273.516152710,2.577234996124e-05,,,50.951000,1.335597877607e-03,-6.662808656661e-03,-2.815864311867e-03,12.736031179,,,,,0.068000,16.260000,10.200000
20000246,asteroid,114.398756844,9.720916446,70532143.431315050,1.417793294449e-05,,,50.891000,-8.477961085096e-03,-4.560019721045e-03,2.682055041090e-05,16.667943083,,,,,0.193000,16.222000,8.630000
20004792,asteroid,41.057350275,12.620467907,41687800.415254980,2.398783313197e-05,,,50.870000,-4.827155796565e-03,5.222315345655e-03,3.551605013922e-03,13.763492831,,,,,0.068000,40.090000,10.190000
20001280,asteroid,205.149981306,-17.278463163,57956276.273459658,1.725438665662e-05,,,50.830000,4.431359414397e-03,-7.155950500325e-03,-2.964356006066e-03,15.450958558,,,,,0.050500,12.648000,10.120000
20021900,asteroid,167.510821092,-3.836659474,40349203.626470968,2.478363660551e-05,,,50.810000,-1.596188565141e-03,-6.827892604743e-03,-2.974231964115e-03,13.187972768,,,,,0.075000,13.450000,10.030000
20001873,asteroid,27.299284223,6.991609371,36288014.231221251,2.755730841672e-05,,,50.799000,-3.288906518511e-03,6.049421379216e-03,-1.158002062693e-04,11.923920452,,,,,0.062000,20.600000,10.150000
20005028,asteroid,183.962407527,15.772873031,37393179.166334219,2.674284514702e-05,,,50.770000,-1.658886245639e-03,-5.648501864889e-03,-4.049703944371e-03,12.372053185,,,,,0.057000,24.937000,10.270000
20002146,asteroid,175.443220604,28.091117169,37814358.140763640,2.644498146121e-05,,,50.755000,-7.395093307720e-04,-7.066583735148e-03,1.010843780340e-03,12.426177885,,,,,0.082000,16.400000,10.030000
20000816,asteroid,197.961148619,6.635505772,74359996.647074983,1.344809097755e-05,,,50.745000,2.099666807382e-03,-1.005805615013e-02,-3.052389524434e-03,18.558937832,,,,,0.043000,10.557000,10.450000
20000269,asteroid,196.481705325,-3.202620651,85898416.141994953,1.164165819247e-05,,,50.728000,5.462772115737e-03,-9.579430822827e-03,-3.408406511110e-03,19.984988227,,,,,0.061000,33.128000,9.700000
20000868,asteroid,351.804615047,-8.636769479,84681615.038938567,1.180893868805e-05,,,50.692000,9.015994118522e-04,1.079264812439e-02,4.031935870775e-03,20.009427337,,,,,0.056000,41.118000,10.450000
20001135,asteroid,62.767160375,25.541506456,81264554.618083596,1.230548797935e-05,,,50.592000,-9.540803429790e-03,4.987638021017e-03,2.503238387514e-03,19.137859506,,,,,0.057000,23.467000,10.790000
20001439,asteroid,53.974129931,20.882585234,53469991.553779490,1.870207888464e-05,,,50.561000,-7.933311852637e-03,3.444392924310e-03,2.123910547888e-03,15.419911276,,,,,0.046000,12.898000,10.650000
20000448,asteroid,228.093277958,-21.177117166,66281469.309778415,1.508717308795e-05,,,50.534000,8.549946102745e-03,-3.210220525355e-03,-3.516270290049e-03,16.944519174,,,,,0.052000,8.064600,10.200000
20000338,asteroid,304.842763741,-17.907401786,70703084.311515898,1.414365454828e-05,,,50.506000,8.289333441154e-03,4.750161826403e-03,3.164428179017e-03,17.425948997,,,,,0.276000,4.608400,8.590000
20000631,asteroid,359.128467317,13.169848358,69503172.668189898,1.438783240549e-05,,,50.491000,-7.632338972784e-04,9.525607029854e-03,1.451153812962e-03,16.735724987,,,,,0.229000,5.899000,8.630000
20003134,asteroid,150.329132514,4.272139419,53764401.596333422,1.859966762967e-05,,,50.389000,-5.896195026820e-03,-5.930107544140e-03,-3.187127299200e-03,15.495239723,,,,,0.037000,14.700000,10.500000
20004722,asteroid,42.751341383,13.114592507,44340005.139495924,2.255299693480e-05,,,50.378000,-5.499847558104e-03,5.232365701867e-03,3.556044485670e-03,14.514465722,,,,,0.076000,18.438000,10.110000
20001961,asteroid,78.482052383,28.156040026,73956987.020531252,1.352137289912e-05,,,50.310000,-1.076385789147e-02,1.270969482435e-03,1.416334849667e-03,18.926177971,,,,,0.040200,15.790000,10.820000
20000472,asteroid,206.501878063,5.493658116,75852835.476777881,1.318342279118e-05,,,50.278000,3.415987507725e-03,-8.983041788796e-03,-2.984992543366e-03,17.424529527,,,,,0.189000,9.800700,8.860000
20000774,asteroid,83.650083684,21.956585692,58414000.407948785,1.711918363776e-05,,,50.214000,-8.271934228884e-03,1.476137116828e-03,-2.309440694783e-04,14.554252915,,,,,0.189000,25.194000,9.070000
20005284,asteroid,182.571272461,19.932777514,39858060.858387522,2.508902787702e-05,,,50.159000,-1.094991408934e-03,-7.235683360820e-03,-2.048073238187e-03,13.157787415,,,,,0.070000,10.310000,10.120000
20000113,asteroid,289.274190298,-20.906682982,88186856.999112815,1.133955822930e-05,,,50.137000,1.100937931497e-02,2.699161441235e-03,1.514859227985e-04,19.628555130,,,,,0.224000,9.950000,8.540000
20002312,asteroid,275.061839054,-26.186675961,47930460.826060981,2.086355905546e-05,,,50.122000,7.731019026320e-03,1.786251016572e-03,1.868203294616e-04,13.742385381,,,,,0.060000,50.780000,10.220000
20000248,asteroid,326.072619461,-9.382124393,86068796.948807761,1.161861249896e-05,,,50.120000,6.985657118768e-03,8.038077316506e-03,3.709724876556e-03,19.525747913,,,,,0.062000,11.912000,10.250000
20000729,asteroid,90.051523786,13.046180507,71520379.679282412,1.398202868167e-05,,,50.025000,-9.536607770813e-03,-1.396276710826e-03,2.269508702666e-03,17.144670710,,,,,0.133000,25.230000,9.560000
20000261,asteroid,62.370945660,19.018622886,87920846.434207454,1.137386684224e-05,,,50.011000,-1.043881205391e-02,3.415602905262e-03,2.166995838108e-03,19.383890220,,,,,0.137000,8.002000,9.550000
20000186,asteroid,119.290387374,33.960125178,78507463.688220933,1.273764242304e-05,,,49.990000,-9.483252187589e-03,-2.850549446977e-03,-1.407730115340e-03,17.317979719,,,,,0.192900,19.842000,9.090000
20011509,asteroid,58.931585357,12.238470469,42049655.087672025,2.378140790727e-05,,,49.960000,-6.128205282853e-03,5.074246104118e-03,-4.196693393928e-04,13.795158470,,,,,0.065000,17.367000,10.210000
20000319,asteroid,204.912327935,-6.334621367,51216114.484574869,1.952510474611e-05,,,49.943000,2.521967727021e-03,-7.158782244545e-03,-1.601480739871e-03,13.431153536,,,,,0.085000,430.000000,10.180000
20008721,asteroid,57.785955408,22.485148623,53765026.440029114,1.859945146898e-05,,,49.910000,-7.529614501230e-03,4.482242271705e-03,1.123827290569e-03,15.296573833,,,,,0.023500,29.131000,11.490000
20000653,asteroid,280.756176925,-16.950059699,68797439.858973667,1.453542460373e-05,,,49.793000,9.766152873385e-03,1.689499859746e-03,-9.980030018095e-04,17.247618698,,,,,0.085000,12.488600,9.350000
20000398,asteroid,49.950692779,25.457202719,95296483.573040336,1.049356663023e-05,,,49.771000,-1.084075766520e-02,6.806849713220e-03,1.200346580491e-03,22.260910456,,,,,0.054000,20.998000,10.720000
20000585,asteroid,15.694875319,4.416163004,78569009.314111710,1.272766461904e-05,,,49.761000,-3.833390931387e-03,9.073423723843e-03,2.575695514532e-03,17.628246958,,,,,0.014000,8.577000,10.480000
20005285,asteroid,199.400323520,12.770177458,37997961.386375539,2.631720133172e-05,,,49.606000,2.027654760665e-03,-6.878930579994e-03,-8.308634995368e-04,12.500279453,,,,,0.079000,12.040000,10.120000
20004791,asteroid,31.280092575,31.675954842,41749255.834977314,2.395252274562e-05,,,49.528000,-4.329025582519e-03,6.601627309631e-03,1.073672448399e-04,13.670120199,,,,,0.079000,9.696000,10.030000
20009857,asteroid,171.832068736,-16.658431714,39522983.235993303,2.530173377928e-05,,,49.518000,3.511850315828e-04,-6.529823610384e-03,-3.662388605876e-03,12.977268138,,,,,0.060000,,10.330000
20000785,asteroid,224.586013903,-10.918834967,100057733.299576864,9.994230001253e-06,,,49.460000,8.386730694172e-03,-7.966566906810e-03,-6.180928437067e-03,22.708326486,,,,,0.120000,8.888200,9.460000
20001263,asteroid,271.926479918,3.716099302,65189568.675036617,1.533987753447e-05,,,49.290000,8.571283334567e-03,3.230860624405e-04,-1.592108168561e-03,15.105022540,,,,,0.045900,7.163900,10.200000
20005119,asteroid,52.685041503,35.126937175,40609689.811320007,2.462466481882e-05,,,49.251000,-6.099356812435e-03,4.419909707167e-03,1.696885101874e-03,13.368951993,,,,,0.061000,12.807000,10.320000
20001074,asteroid,131.626635483,18.784438482,72233026.974791080,1.384408271232e-05,,,49.189000,-9.224546546120e-03,-4.883779958802e-03,-2.094658528570e-03,18.432588876,,,,,0.073000,6.284000,10.260000
20009023,asteroid,35.519841861,-6.078821003,40494452.141037025,2.469474081331e-05,,,49.151000,-4.011655144642e-03,6.543805914202e-03,6.562802927813e-04,13.338453552,,,,,0.073000,30.660000,10.230000
20000904,asteroid,293.721768703,-6.365797186,63898392.070509098,1.564984606962e-05,,,49.146000,8.263685935159e-03,3.824890156041e-03,1.273451594238e-03,15.919987098,,,,,0.055000,6.823000,10.460000
20003577,asteroid,74.748553304,24.233684215,64322898.115715206,1.554656318814e-05,,,49.135000,-1.028026927016e-02,1.950304536469e-03,1.470719985475e-04,18.119119123,,,,,0.051000,18.239000,10.510000
20002617,asteroid,24.701979523,-0.549063155,81789373.442109182,1.222652721148e-05,,,49.084000,-5.650978111106e-03,8.639152292712e-03,5.847155232202e-03,20.542239918,,,,,0.051000,11.774300,10.510000
20000397,asteroid,256.998647802,-16.442069294,76413101.476752147,1.308676104849e-05,,,49.032000,1.019584875342e-02,-1.525192617800e-04,1.725684853082e-03,17.906694641,,,,,0.139000,15.480000,9.350000
20000513,asteroid,138.753511482,8.609232137,69088230.661238641,1.447424532991e-05,,,48.805000,-7.306947719575e-03,-6.613167808491e-03,-1.710816739195e-03,17.319101365,,,,,0.089000,4.790000,9.530000
20000986,asteroid,206.634149420,3.887347537,56079254.837433651,1.783190598554e-05,,,48.677000,3.790765987330e-03,-6.199648561674e-03,-3.689688459318e-03,14.111038608,,,,,0.218000,9.520000,9.370000
20000615,asteroid,7.526615880,2.972414309,76607714.007073835,1.305351573221e-05,,,48.626000,-3.361921106378e-04,9.295439540011e-03,4.563379840361e-03,17.938983893,,,,,0.020000,4.422000,10.470000
20000347,asteroid,285.353101244,-26.470791167,76303440.901549339,1.310556887323e-05,,,48.615000,1.003371633268e-02,1.634755399619e-03,-1.529729483031e-03,17.800181438,,,,,0.190000,4.052900,8.970000
20000910,asteroid,296.887080318,-29.548490761,81412147.092363253,1.228317930082e-05,,,48.590000,1.082153620857e-02,3.858296501875e-03,6.448627333744e-04,19.923640347,,,,,0.057000,11.286300,10.490000
20000204,asteroid,169.396322698,-0.544362939,79321353.189462394,1.260694579443e-05,,,48.566000,-1.468554540224e-06,-1.039024922054e-02,-2.965265729412e-03,18.708555923,,,,,0.194000,19.489000,8.980000
20000926,asteroid,11.580816134,-6.851873122,60921396.135323271,1.641459427126e-05,,,48.480000,2.222372646242e-04,7.202543991416e-03,4.859984394565e-03,15.049286334,,,,,0.057000,25.977000,10.610000
20002043,asteroid,147.625390044,12.813330659,62882527.197472498,1.590266874707e-05,,,48.460000,-5.966096679689e-03,-6.243147393224e-03,-3.246906006064e-03,15.973906696,,,,,0.040000,7.747500,10.880000
20002246,asteroid,73.876103152,16.155168819,51551985.300075628,1.939789504088e-05,,,48.424000,-8.406772050077e-03,1.343632983296e-03,8.369383059653e-04,14.811763842,,,,,0.045000,4.992000,10.410000
20000125,asteroid,250.178284033,-17.525047525,81184186.160288960,1.231766982335e-05,,,48.418000,1.069985962299e-02,-3.016634514938e-03,-1.207068579891e-03,19.361689994,,,,,0.182000,3.968000,8.930000
20002393,asteroid,102.668811699,14.102909774,59171622.077077463,1.689999301857e-05,,,48.406000,-8.770054080511e-03,-2.202588612872e-05,-1.140695505868e-03,15.312924383,,,,,0.050000,7.934000,10.820000
20005283,asteroid,188.669812488,14.113221445,38243110.028477535,2.614850097849e-05,,,48.356000,-9.531218693937e-04,-6.418026619899e-03,-3.271493759539e-03,12.581649710,,,,,0.100000,7.326000,9.770000
20000628,asteroid,31.845739029,0.742643701,81067029.000084221,1.233547118150e-05,,,48.239000,-4.993168844971e-03,8.765820340234e-03,4.023341461440e-03,18.805137237,,,,,0.120000,16.178300,9.240000
20004946,asteroid,160.170629847,32.031465042,38100621.775479928,2.624629083202e-05,,,48.209000,-3.470613671062e-03,-5.860480578313e-03,-2.690881789899e-03,12.680038590,,,,,0.069000,22.731000,10.160000
20000580,asteroid,337.888823057,-12.544548202,63084924.942644760,1.585164761485e-05,,,48.204000,3.230830758444e-03,8.262300734568e-03,3.262956587693e-03,16.366688277,,,,,0.082000,9.494000,10.390000
20005209,asteroid,193.597128789,-13.891034338,38356090.708931722,2.607147864960e-05,,,48.197000,2.026991185580e-03,-6.133480215239e-03,-3.409021306077e-03,12.646712816,,,,,0.069000,14.600000,10.320000
20022149,asteroid,169.923566902,-17.128149526,41666466.674625322,2.400011519597e-05,,,48.190000,-1.326704111214e-05,-6.697412854017e-03,-4.183183818656e-03,13.672430226,,,,,0.063000,7.840000,10.320000
20006984,asteroid,113.580147909,4.689421398,63054470.353012227,1.585930377976e-05,,,48.053000,-9.611275980807e-03,-3.371391496868e-03,-1.730849325534e-03,17.888450258,,,,,0.044000,24.650000,10.730000
20032496,asteroid,60.274342567,18.259248465,39857738.840054967,2.508923057610e-05,,,48.017000,-5.445864909518e-03,1.923033343948e-03,5.001681475505e-03,13.228638383,,,,,0.070000,23.340000,10.240000
20001614,asteroid,282.420176129,-10.656250159,65982017.004438676,1.515564460439e-05,,,48.007000,9.373479898053e-03,1.589711450374e-03,-4.303755024805e-04,16.478387693,,,,,0.036000,16.540000,10.840000
20005120,asteroid,33.561373064,38.822993871,40268869.337026216,2.483307866508e-05,,,47.987000,-4.502643379152e-03,5.948223863550e-03,1.899233204566e-03,13.329097429,,,,,0.122000,15.210000,10.370000
20000828,asteroid,65.740315521,22.608131541,63639066.339734428,1.571361834037e-05,,,47.891000,-8.692875683900e-03,3.434645271532e-03,1.575633551086e-03,16.411936464,,,,,0.057000,20.520000,10.340000
20003614,asteroid,286.920164955,-22.973552415,76750357.844799295,1.302925521236e-05,,,47.829000,1.037675433700e-02,4.381241039341e-04,3.610633198770e-03,19.038598593,,,,,0.040000,26.800000,10.600000
20012714,asteroid,175.809664521,-7.185514369,39715066.061286151,2.517936136520e-05,,,47.819000,-3.099223760406e-04,-6.667734322798e-03,-3.606166296187e-03,13.136174965,,,,,0.070000,28.480000,10.260000
20000737,asteroid,100.496151355,10.758167978,68475385.268340617,1.460378785868e-05,,,47.804000,-9.073593449296e-03,8.586161612887e-05,-1.396871306219e-04,15.713100323,,,,,0.231000,7.025900,8.930000
20001000,asteroid,330.771453366,-9.671388304,71013632.395795122,1.408180325753e-05,,,47.780000,6.958222899239e-03,4.944734154783e-03,6.130866968030e-03,18.197174083,,,,,0.111900,9.470000,10.590000
20001054,asteroid,78.655709497,21.824698258,77108701.487081870,1.296870496733e-05,,,47.780000,-1.030195349091e-02,2.067509058922e-03,3.095518774686e-03,18.966137922,,,,,0.035000,7.650000,10.550000
20001197,asteroid,346.761623949,8.363715253,57953104.092512913,1.725533111054e-05,,,47.741000,1.330469484659e-03,7.274522940007e-03,2.986369355067e-03,13.809085803,,,,,0.063000,16.060000,10.190000
20000305,asteroid,36.460959771,13.540713783,74320774.983863875,1.345518800385e-05,,,47.739000,-8.087960146052e-03,6.886482710113e-03,2.129693055529e-03,18.758505877,,,,,0.238000,12.893000,8.860000
20007352,asteroid,39.250324627,6.735886824,39176949.921662785,2.552521321848e-05,,,47.731000,-4.521208036210e-03,5.382294570226e-03,2.280626281658e-03,12.795416023,,,,,0.093000,648.000000,9.980000
20019737,asteroid,344.496629419,-2.760319462,68025156.781647027,1.470044388446e-05,,,47.698000,1.961281027185e-03,8.543533808650e-03,4.689819603535e-03,17.213241470,,,,,0.005000,,13.150000
20001870,asteroid,39.386762515,10.562262295,39368743.941934802,2.540086118762e-05,,,47.649000,-4.695932663184e-03,5.602130710313e-03,1.735185556701e-03,13.008591005,,,,,0.049000,5.986000,10.630000
20001242,asteroid,152.607002807,15.107611848,74367986.572640285,1.344664614556e-05,,,47.594000,-6.854283484689e-03,-6.245200901343e-03,-4.381690724141e-03,17.757603027,,,,,0.058000,17.314800,10.460000
20000573,asteroid,353.294769353,-0.859979135,76391004.719078988,1.309054650711e-05,,,47.582000,8.102829954387e-04,9.197231667404e-03,5.982659533008e-03,19.049003390,,,,,0.100000,7.166330,9.510000
20001271,asteroid,12.917387155,-1.025928776,73818360.930618361,1.354676515969e-05,,,47.524000,-2.744818483109e-03,9.802853514698e-03,3.728915255638e-03,18.771321967,,,,,0.031000,7.599320,10.610000
20001295,asteroid,342.494887431,-6.184828215,58130345.000111349,1.720271916497e-05,,,47.407000,1.833474350119e-03,8.164720721236e-03,3.071577631960e-03,15.434156304,,,,,0.046000,14.640000,10.850000
20001191,asteroid,264.377167781,-8.926579794,72731882.118733570,1.374912859216e-05,,,47.397000,9.944251332863e-03,-1.048155338941e-03,-2.530597312588e-03,17.859260666,,,,,0.045000,193.900000,10.780000
20031342,asteroid,56.330901111,0.489090992,38377416.201864719,2.605699129769e-05,,,47.396000,-5.026562692304e-03,3.931637357841e-03,3.570397043901e-03,12.661181467,,,,,0.065000,,10.450000
20000306,asteroid,243.173324952,-13.912730489,95106947.061554983,1.051447902489e-05,,,47.200000,1.146925863417e-02,-3.416712622534e-03,-2.037575834966e-03,21.019168163,,,,,0.201000,8.736000,8.760000
20000799,asteroid,293.932053601,-17.396419098,80722910.318645090,1.238805682368e-05,,,47.185000,9.805549908763e-03,4.211882929914e-03,1.147163224258e-03,18.584328051,,,,,0.060000,14.814000,10.250000
20000285,asteroid,20.868204764,27.437964475,75783948.860551566,1.319540634970e-05,,,47.156000,-4.026775664790e-03,8.891407327384e-03,5.130376815097e-03,19.092624097,,,,,0.050000,9.542000,10.940000
20000742,asteroid,349.420336171,-16.568496858,77246703.900359690,1.294553617834e-05,,,47.087000,3.092305558943e-03,9.637715982646e-03,4.582436030396e-03,19.237618663,,,,,0.121000,18.579000,9.610000
20001578,asteroid,284.009990730,-23.205561225,43740777.156982280,2.286196233805e-05,,,47.077000,6.623913450942e-03,2.338905597450e-03,9.268650632840e-04,12.268417929,,,,,0.063000,17.885000,10.160000
20001308,asteroid,214.395799604,-17.866767646,71384836.747983813,1.400857724912e-05,,,46.951000,6.245222488959e-03,-7.034502919896e-03,-3.821272622263e-03,17.579971611,,,,,0.038000,6.028000,10.960000
20002266,asteroid,151.239249177,-1.918485692,64796904.450396888,1.543283600477e-05,,,46.940000,-5.898950242481e-03,-7.410940954788e-03,-3.024437597977e-03,17.216191698,,,,,0.038400,37.700000,10.810000
20001579,asteroid,100.185607957,14.374336384,68742482.928525120,1.454704510804e-05,,,46.925000,-1.037961275976e-02,-1.776685968709e-03,-5.811915870258e-04,18.260981540,,,,,0.043000,21.330000,10.670000
20000432,asteroid,113.714314687,26.400787264,77594919.450761005,1.288744169178e-05,,,46.900000,-8.678911133087e-03,-4.744396174860e-03,-4.980785104301e-05,17.126136579,,,,,0.233800,8.252000,9.090000
20001771,asteroid,270.411585866,-24.272501182,60088102.271121837,1.664222969612e-05,,,46.886000,8.564982474552e-03,1.865943502394e-03,-1.018990774294e-03,15.279948363,,,,,0.072000,11.260000,10.360000
20001010,asteroid,172.372470479,7.328104051,64473995.150498785,1.551012928027e-05,,,46.876000,-2.043332547181e-03,-8.283314879771e-03,-3.340371044647e-03,15.864018382,,,,,0.047000,31.060000,10.690000
20001332,asteroid,173.497288926,3.763821027,59502130.648769185,1.680612087495e-05,,,46.796000,-1.325534826057e-03,-7.654784516246e-03,-3.689747470266e-03,14.891233942,,,,,0.063000,19.160000,10.620000
20002951,asteroid,300.572631627,-35.562232365,60060956.494190693,1.664975149200e-05,,,46.653000,8.208023789555e-03,3.004231190304e-03,1.174409667444e-03,15.269868689,,,,,0.049000,4.781000,10.370000
20002494,asteroid,269.502195316,-26.175961885,64114192.846310794,1.559717054221e-05,,,46.628000,9.313370981130e-03,-3.802061686849e-04,1.869703090737e-03,16.460611959,,,,,0.032000,6.790000,10.810000
20000803,asteroid,279.183197248,-19.086758963,68303256.180644363,1.464059044792e-05,,,46.500000,9.905613577878e-03,1.214943940178e-03,1.975582856658e-03,17.614984171,,,,,0.118100,5.074200,9.500000
20004138,asteroid,176.648705904,0.268191006,38265787.431517676,2.613300462690e-05,,,46.462000,-5.099551623870e-04,-6.727170974854e-03,-2.671143874959e-03,12.563493425,,,,,0.082000,29.200000,10.150000
3547316,asteroid,213.156129505,-44.887753032,7607674.180154197,1.314462181633e-04,,,46.400000,-4.172902731070e-03,-8.324415927562e-04,-1.750727660099e-03,7.966794646,,,,,0.068000,,10.300000
20001227,asteroid,134.310539275,30.898630356,53568963.828546941,1.866752553215e-05,,,46.269000,-6.247706744353e-03,-3.657933009215e-03,-3.060576657898e-03,13.609453724,,,,,0.071000,12.363000,10.760000
20000406,asteroid,61.040372533,24.827454296,77369597.752374560,1.292497349153e-05,,,46.266000,-8.973297588477e-03,5.856505953637e-03,2.396129673889e-03,19.011377856,,,,,0.060000,8.789000,10.430000
20003906,asteroid,156.956911311,12.329673991,66026565.290180251,1.514541905376e-05,,,46.247000,-3.780095454470e-03,-8.580609844748e-03,7.756899276948e-04,16.290210094,,,,,0.048000,11.892000,10.640000
20000312,asteroid,344.960743485,-10.436863506,79502310.269245416,1.257825082835e-05,,,46.191000,4.938341853600e-03,8.373593262227e-03,5.219429794920e-03,19.104704531,,,,,0.230000,10.282000,8.950000
20002976,asteroid,329.037268524,-3.788240222,66867186.770769060,1.495501827269e-05,,,46.184000,4.080973523066e-03,8.919612192665e-03,2.653459814380e-03,17.594078800,,,,,0.044000,17.410000,10.980000
20001359,asteroid,116.405230337,29.774044577,68307162.298995242,1.463975323148e-05,,,46.096000,-9.347454596204e-03,-3.716836371009e-03,-1.417580226661e-04,17.418995807,,,,,0.059000,60.240000,10.400000
20003694,asteroid,150.145199363,10.537244249,49291690.082490548,2.028739526534e-05,,,46.032000,-5.504546852959e-03,-5.172486913124e-03,-3.008426743930e-03,14.077637299,,,,,0.058000,11.478000,10.570000
20001127,asteroid,197.793376522,7.038498734,67341172.983224764,1.484975618481e-05,,,46.006000,5.964911363621e-04,-8.572307053798e-03,-2.287531814253e-03,15.396638733,,,,,0.034000,12.743900,10.590000
20002067,asteroid,291.531074992,-19.962445193,44631197.327298932,2.240585195747e-05,,,46.003000,6.628013283304e-03,2.960298537829e-03,9.330628783117e-04,12.672150859,,,,,0.054000,17.677000,10.690000
20023958,asteroid,167.838558087,-16.116437152,41118853.672319792,2.431974412441e-05,,,46.001000,-1.973920056969e-03,-7.463690274075e-03,-1.327276061832e-03,13.563474596,,,,,0.076000,562.000000,10.180000
20004828,asteroid,26.623119361,21.257718396,40090332.344266638,2.494366949649e-05,,,45.954000,-4.455705867180e-03,4.913348321833e-03,3.694082815479e-03,13.145458669,,,,,0.063000,12.873000,10.480000
20003025,asteroid,201.260342372,-31.399511911,59639810.853121877,1.676732346557e-05,,,45.830000,4.353094019387e-03,-7.227312491114e-03,-2.732188766463e-03,15.355233291,,,,,0.080000,13.060000,10.410000
20001211,asteroid,328.883507711,-16.356283262,83268714.983350605,1.200931226331e-05,,,45.809000,6.039070813845e-03,9.941163589595e-03,1.622127685258e-03,20.334735669,,,,,0.047000,31.812000,11.000000
20020424,asteroid,186.240777656,24.102829926,39302315.565678358,2.544379346629e-05,,,45.804000,-1.873226102064e-03,-6.412661758585e-03,-3.357177558633e-03,12.945676558,,,,,0.058000,,10.610000
20000482,asteroid,122.187723550,7.749225153,63729635.982575029,1.569128686493e-05,,,45.751000,-7.519114929716e-03,-5.215496962730e-03,-7.920573786765e-04,15.903584472,,,,,0.246000,11.792200,8.910000
20005316,asteroid,303.884524741,-5.198566670,63694717.811942607,1.569988900732e-05,,,45.693000,7.632426198513e-03,4.829570667197e-03,2.749657841348e-03,16.347309347,,,,,0.019000,1061.376000,11.790000
20000280,asteroid,112.324327998,29.270416898,78770944.334834188,1.269503632900e-05,,,45.690000,-1.063475818326e-02,-3.135491969075e-03,-1.594651641716e-03,19.394813525,,,,,0.044400,70.260000,10.980000
20004057,asteroid,170.171773122,6.054054891,40516140.982982092,2.468152138231e-05,,,45.683000,-2.397858462046e-03,-6.621532821786e-03,-3.183058974338e-03,13.381180419,,,,,0.077000,29.820000,10.270000
20005603,asteroid,265.756697624,-19.270372592,53123189.841186903,1.882417081861e-05,,,45.677000,8.785364859383e-03,-1.029966606877e-03,-1.648351209822e-04,15.318318854,,,,,0.049000,6.790000,10.760000
20001258,asteroid,137.824410792,13.900007949,63271492.855161756,1.580490604654e-05,,,45.669000,-6.733776728377e-03,-5.446670988337e-03,-3.697729252225e-03,16.305431166,,,,,0.050000,13.500000,10.840000
20000543,asteroid,241.682978125,-27.496876717,59247185.519031122,1.687843888684e-05,,,45.613000,7.898386186895e-03,-3.278005899567e-03,-4.764013564384e-04,14.829681205,,,,,0.144000,10.718000,9.460000
20001596,asteroid,239.418370703,-22.170317960,63458367.156801455,1.575836323568e-05,,,45.534000,7.774217744938e-03,-4.377832762066e-03,3.289874312370e-04,15.458730749,,,,,0.057000,39.722000,10.700000
20004501,asteroid,184.139620134,-9.366171478,38444363.247364208,2.601161563181e-05,,,45.524000,5.438207052869e-04,-6.900980328048e-03,-2.411151993232e-03,12.692053915,,,,,0.065000,6.941000,10.520000
20004007,asteroid,183.533199187,-0.857228009,39547409.871676385,2.528610604954e-05,,,45.515000,1.472350994029e-05,-6.203240440969e-03,-4.241396084000e-03,13.011278855,,,,,0.065000,6.391000,10.320000
20004112,asteroid,20.476796555,1.214414647,68531824.529588595,1.459176093536e-05,,,45.507000,-3.375939119962e-03,9.425123811077e-03,1.214532400228e-03,17.461552291,,,,,0.026000,12.806000,11.170000
20000234,asteroid,185.443528788,7.978098598,71725793.396133661,1.394198589728e-05,,,45.476000,1.811490100466e-03,-8.640081417244e-03,-1.939816972057e-03,15.649859869,,,,,0.205000,26.474400,9.120000
20000856,asteroid,140.579180690,18.509832006,90850347.899529323,1.100711250006e-05,,,45.449000,-6.803070470427e-03,-9.574629841083e-03,-1.116130231984e-03,20.428332919,,,,,0.045000,12.080000,10.910000
20011397,asteroid,189.756108432,-24.643920626,37290683.856696896,2.681634919442e-05,,,45.431000,1.663581051599e-03,-6.705793229742e-03,-1.782201881981e-03,12.354330772,,,,,0.078000,11.374000,10.210000
20000931,asteroid,34.540980021,1.898765195,82289325.498862803,1.215224446109e-05,,,45.298000,-7.436922234253e-03,8.256324037463e-03,4.379624874418e-03,20.680279597,,,,,0.170000,19.177000,9.360000
20000123,asteroid,222.113848151,-22.843821788,69271520.015940458,1.443594712185e-05,,,45.209000,6.442213948146e-03,-6.359803042791e-03,-2.646899378582e-03,16.330427859,,,,,0.261000,9.873000,8.970000
20000959,asteroid,145.736341690,18.444799026,63153964.190976463,1.583431876067e-05,,,45.176000,-7.279323858748e-03,-5.521221742541e-03,-2.127507011286e-03,16.242387799,,,,,0.067000,123.700000,10.770000
20000507,asteroid,124.774039646,17.973589224,66186112.876978546,1.510890965691e-05,,,45.170000,-8.608813799668e-03,-3.399650117417e-03,-3.235746050109e-03,16.977051139,,,,,0.198000,4.706000,9.220000
20000958,asteroid,143.935697662,16.523695332,57182157.170886315,1.748797263824e-05,,,45.112000,-7.075316117427e-03,-5.441614530122e-03,-3.229182189661e-03,16.435063127,,,,,0.045000,16.543000,10.340000
20001524,asteroid,251.091166054,-35.081034101,66650464.643837221,1.500364634131e-05,,,45.056000,9.684897979411e-03,-1.446160706116e-03,-4.814150892023e-04,16.975377151,,,,,0.064000,9.276000,10.790000
20001748,asteroid,192.439053236,-2.046356081,46862792.298292011,2.133889064132e-05,,,44.908000,3.003190852873e-03,-6.564829271874e-03,-2.739468952733e-03,13.369361733,,,,,0.048000,6.003000,10.690000
20017365,asteroid,42.835750204,21.680336675,41899609.907908089,2.386657064822e-05,,,44.904000,-5.411833699624e-03,5.813347933160e-03,9.687389522269e-04,13.853971768,,,,,0.066000,12.672000,10.520000
20002731,asteroid,124.684018800,13.511243539,54755236.615461692,1.826309339183e-05,,,44.841000,-6.296635158958e-03,-4.972301353904e-03,-2.787348768489e-04,13.900168291,,,,,0.046000,61.550000,10.960000
20000526,asteroid,217.828504537,-12.624102426,67874616.133988082,1.473304833173e-05,,,44.840000,5.389258839804e-03,-7.777276095733e-03,-3.264985601785e-03,17.331032347,,,,,0.077000,11.877000,10.130000
20000126,asteroid,120.334193038,23.489348057,80203096.173154965,1.246834658155e-05,,,44.820000,-9.646667097615e-03,-3.650914968263e-03,-1.575034671333e-03,18.065999429,,,,,0.172300,5.367200,9.250000
20001113,asteroid,253.183692197,-34.975240761,58433089.555424578,1.711359107670e-05,,,44.792000,8.157553620633e-03,-2.464518235119e-03,-3.493476119701e-04,14.767365347,,,,,0.195000,18.465000,9.250000
20000888,asteroid,193.328088771,8.000406034,69670215.218808427,1.435333588190e-05,,,44.749000,9.586272026518e-05,-9.161824989042e-03,-2.579295766953e-03,16.480794700,,,,,0.139000,5.931400,9.360000
20005259,asteroid,171.424557169,20.945451958,39061263.347292207,2.560081047838e-05,,,44.741000,-1.651465170953e-03,-6.504254656313e-03,-3.208335395616e-03,12.878836419,,,,,0.073000,18.420000,10.370000
20002621,asteroid,240.667559055,-13.106467165,61795016.915550143,1.618253461062e-05,,,44.723000,8.232886148165e-03,-2.210045887014e-03,-2.945342523007e-03,15.615759515,,,,,0.042000,22.006000,11.000000
20000374,asteroid,183.380517555,-6.843616942,77469205.470669419,1.290835492535e-05,,,44.670000,1.690183274715e-03,-1.024014424502e-02,-2.843892708739e-03,18.632679935,,,,,0.301400,6.962400,8.790000
20001057,asteroid,150.584331504,8.432124390,62163105.072247632,1.608671250958e-05,,,44.657000,-5.824808734163e-03,-5.840572187326e-03,-2.824011320893e-03,15.096051781,,,,,0.028000,29.173000,10.990000
20001859,asteroid,63.011535337,28.895599422,58915502.160032086,1.697346136987e-05,,,44.634000,-8.151406564276e-03,2.921207992688e-03,1.375330797640e-03,15.180682468,,,,,0.053000,11.114000,10.910000
20000073,asteroid,47.868023418,19.530379433,80768919.946816325,1.238100002648e-05,,,44.590000,-8.572827030666e-03,6.165472407795e-03,3.026267862109e-03,19.019618748,,,,,0.223000,8.297000,9.060000
20002152,asteroid,208.028630453,-20.710807151,54095691.814916313,1.848576044505e-05,,,44.559000,4.020781532461e-03,-6.547819637413e-03,-1.230678855660e-03,13.473715681,,,,,0.047000,5.978000,10.780000
20030705,asteroid,26.953629072,13.261837960,42154946.724973068,2.372200839261e-05,,,44.546000,-3.666555520974e-03,4.955282530701e-03,5.085104707847e-03,13.836143436,,,,,0.074000,15.736000,10.460000
20000582,asteroid,284.858738985,1.067056428,64730900.244284317,1.544857241636e-05,,,44.347000,8.077637966492e-03,1.948619820130e-03,-1.853449300312e-03,14.740854016,,,,,0.218000,36.312000,8.970000
20003431,asteroid,190.049792934,-16.322564743,63784950.966805980,1.567767921497e-05,,,44.339000,2.860367049324e-03,-7.797188417476e-03,-4.283523992162e-03,16.180223241,,,,,0.050000,9.056000,10.730000
20000339,asteroid,176.743111954,1.968886560,62595616.607415840,1.597555953912e-05,,,44.329000,-2.322104722963e-04,-8.761660561003e-03,-2.106417865371e-03,15.607872250,,,,,0.198000,5.974000,9.410000
20328884,asteroid,335.961337662,-36.204036335,12931704.756870948,7.732932500401e-05,,,44.200000,2.930684103332e-03,2.265397599427e-03,9.245277227113e-04,6.610376381,,,,,0.083000,,10.170000
20336756,asteroid,254.866337493,-57.031789452,7515883.973747890,1.330515483598e-04,,,44.200000,-2.920811339200e-03,-7.210344297290e-04,-3.397853595972e-03,7.857922391,,,,,0.057000,,10.550000
20000395,asteroid,131.418190502,15.327332855,69546259.840997458,1.437891846788e-05,,,44.189000,-7.078341959523e-03,-5.895137294006e-03,-2.921181602049e-03,16.732438257,,,,,0.033000,19.681000,10.530000
20000623,asteroid,51.481224136,32.556081952,93948164.793309167,1.064416747469e-05,,,44.090000,-1.031440845074e-02,6.347030822231e-03,1.630503354192e-03,21.158541624,,,,,0.037200,14.635000,10.830000
20000726,asteroid,275.705404039,-14.629230692,92418801.663554460,1.082030909295e-05,,,44.020000,1.114800580603e-02,3.370041449193e-03,3.771915922107e-03,21.196211620,,,,,0.053900,13.040000,10.600000
20000359,asteroid,346.157347837,-8.694948938,89536245.710866049,1.116866127299e-05,,,43.890000,3.412187884188e-03,1.013327602441e-02,5.843161580888e-03,21.097419411,,,,,0.262100,5.537000,9.410000
20001540,asteroid,102.153904482,31.946288948,75759467.778909683,1.319967034244e-05,,,43.875000,-1.017379667065e-02,-3.171440024225e-03,8.177913501869e-05,18.452071281,,,,,0.048000,20.082000,10.950000
20016560,asteroid,54.744325861,7.981128132,39347105.698936276,2.541482994077e-05,,,43.861000,-5.659073923582e-03,3.666382433042e-03,2.994868802839e-03,12.774903619,,,,,0.053000,,10.740000
20000592,asteroid,91.324986830,13.533440667,78016270.038998455,1.281783914432e-05,,,43.787000,-1.120955674760e-02,2.255090009888e-04,4.857748013331e-04,19.431003402,,,,,0.155000,7.746500,9.680000
20001304,asteroid,252.873133897,-18.169664578,73205676.121265829,1.366014294224e-05,,,43.613000,9.674321088767e-03,-1.860925728214e-03,-4.508559628017e-03,18.759169674,,,,,0.337000,7.747800,9.150000
20000461,asteroid,317.133076605,-15.864827624,59010053.550224707,1.694626491313e-05,,,43.603000,5.598705027097e-03,6.101756859873e-03,2.414411848258e-03,14.935390442,,,,,0.057000,7.348000,10.490000
20000796,asteroid,33.325868363,14.436555552,110379543.580682009,9.059649710085e-06,,,43.580000,-6.339515833247e-03,9.108204983977e-03,9.015758171074e-03,24.756366851,,,,,0.209000,8.175500,9.310000
20000842,asteroid,335.545316777,-19.233930815,71035318.302059785,1.407750431620e-05,,,43.576000,4.943594826474e-03,7.477644815333e-03,5.668278262745e-03,18.363540967,,,,,0.051000,18.716000,10.630000
20001721,asteroid,2.538098681,14.978167130,65949382.560056835,1.516314423550e-05,,,43.576000,-2.236520390752e-03,7.982540443188e-03,5.142142165572e-03,16.890767584,,,,,0.045000,11.845000,11.170000
20015977,asteroid,24.068471208,11.102718992,41208776.957578704,2.426667505880e-05,,,43.530000,-3.531109009344e-03,6.946818480444e-03,4.729075961859e-04,13.517639929,,,,,0.071000,250.000000,10.490000
20000383,asteroid,10.311627005,1.570880826,75363976.217522830,1.326893895717e-05,,,43.482000,-3.126601883372e-03,9.666832748699e-03,4.323395027860e-03,19.117905522,,,,,0.040000,6.426000,10.050000
20001421,asteroid,12.584224424,-0.125631347,61723908.952562235,1.620117742006e-05,,,43.310000,-1.486043115061e-03,7.557711027249e-03,4.686346228087e-03,15.610901747,,,,,0.071400,21.982000,10.610000
20001024,asteroid,54.110960580,18.602784560,86539431.065770090,1.155542609519e-05,,,43.274000,-8.535646513909e-03,5.897357871738e-03,6.125242530600e-03,20.860619515,,,,,0.045000,106.047000,10.910000
20000936,asteroid,337.885993182,-11.810405136,79010442.564090654,1.265655484955e-05,,,43.227000,5.344798141596e-03,9.344208219695e-03,4.052701269926e-03,19.915929912,,,,,0.065000,8.830000,10.530000
20000060,asteroid,254.637023758,-19.433520920,74553032.401195958,1.341327063155e-05,,,43.218000,8.916825428781e-03,-3.116497709096e-03,-1.009916147110e-03,16.448134988,,,,,0.373000,25.208000,8.640000
20000798,asteroid,148.775154052,3.803023654,67346353.747406751,1.484861383514e-05,,,43.190000,-4.740342492530e-03,-8.075343560653e-03,-2.725783160407e-03,16.886091225,,,,,0.158700,8.550000,9.720000
20014690,asteroid,174.459545212,3.053959424,38402901.308142222,2.603969923981e-05,,,43.169000,-8.697569975053e-04,-6.418894569207e-03,-3.394236126416e-03,12.662091121,,,,,0.060000,8.519000,10.610000
20003036,asteroid,147.193909072,35.692550931,59032939.281707585,1.693969523062e-05,,,43.101000,-6.593735315122e-03,-4.796123464948e-03,-3.275378404644e-03,15.214003866,,,,,0.102000,9.610000,10.510000
20002356,asteroid,28.817280581,6.013820322,61621926.899269246,1.622798978089e-05,,,43.072000,-4.662254649355e-03,7.918104484935e-03,9.165498697105e-04,15.988863515,,,,,0.048000,41.858000,10.960000
20000767,asteroid,145.954704939,15.929494704,56979406.798385702,1.755020025987e-05,,,43.039000,-5.601764000479e-03,-5.665596636884e-03,-2.256014793662e-03,14.337502691,,,,,0.095000,8.340200,10.180000
20000701,asteroid,318.352105681,-8.871236577,67629194.581802815,1.478651351955e-05,,,42.943000,6.770240101097e-03,6.336075820583e-03,3.144067019977e-03,16.953001967,,,,,0.191000,9.090000,9.290000
20007543,asteroid,184.781771590,-4.607892084,37746158.184290901,2.649276239234e-05,,,42.893000,3.847125770665e-04,-7.066352522979e-03,-1.205566886674e-03,12.429729739,,,,,0.055000,17.800000,10.660000
20003578,asteroid,356.511387453,21.572000264,78226061.703373358,1.278346344204e-05,,,42.882000,-3.575956689841e-04,1.012282380389e-02,5.461840005004e-03,19.925384757,,,,,0.039000,9.974000,10.490000
20000132,asteroid,301.635900189,-1.450280224,60941815.534047008,1.640909433427e-05,,,42.870000,6.714346304890e-03,1.616416302270e-03,3.725027542948e-03,13.586263986,,,,,0.199000,5.168400,8.960000
20076867,asteroid,38.889637524,17.194805646,40535682.843400411,2.466962265970e-05,,,42.849000,-4.439229053148e-03,3.175041125981e-03,5.401626158814e-03,13.295650159,,,,,0.088000,9.112000,10.470000
20000692,asteroid,78.457687946,30.985332359,71505203.533977479,1.398499620415e-05,,,42.771000,-9.924062858678e-03,-1.584074902546e-03,4.090454761702e-03,18.786756460,,,,,0.205000,8.993300,8.990000
20004827,asteroid,52.172762250,19.905388200,42059287.520838469,2.377596148067e-05,,,42.770000,-6.405022425142e-03,4.613528559852e-03,8.503985491848e-04,13.746517235,,,,,0.067000,18.995000,10.560000
20002025,asteroid,209.441449875,-18.816648843,69708798.579070434,1.434539140516e-05,,,42.769000,6.617578860585e-03,-7.083075807566e-03,-3.518257852977e-03,17.855043759,,,,,0.039000,5.692000,10.790000
20018046,asteroid,42.889249192,-12.178912796,40121748.454593576,2.492413811755e-05,,,42.736000,-4.887928915720e-03,5.850183895239e-03,-1.929414240152e-04,13.203845884,,,,,0.073000,36.000000,10.480000
20001647,asteroid,156.222998479,3.880576951,40535020.306785651,2.467002587964e-05,,,42.716000,-3.011050515745e-03,-6.543732331499e-03,-2.739864314968e-03,13.343873404,,,,,0.056000,17.740000,10.470000
20000829,asteroid,143.622553898,19.143800775,78697701.334891528,1.270685144595e-05,,,42.685000,-7.598695861224e-03,-6.140606579264e-03,-3.957766856281e-03,18.251160484,,,,,0.054000,7.891000,11.190000
20001678,asteroid,162.119011337,9.814643977,70763364.136829063,1.413160626545e-05,,,42.665000,-4.356480423738e-03,-7.862886597451e-03,-5.345431620624e-03,18.108219838,,,,,0.035000,5.987000,11.020000
20019020,asteroid,54.989006794,8.407392424,39737142.880463749,2.516537243274e-05,,,42.613000,-5.295501433790e-03,4.136503058015e-03,3.469449358880e-03,13.093989569,,,,,0.067000,9.820000,10.550000
20001082,asteroid,275.392318401,-21.865977144,74395784.855014592,1.344162175248e-05,,,42.607000,1.061651214273e-02,2.347009638965e-03,7.453213734123e-04,18.870042917,,,,,0.052000,15.852500,10.520000
20002326,asteroid,187.907319151,4.876079940,66207359.528638996,1.510406104577e-05,,,42.550000,-1.080141610805e-04,-9.169673768864e-03,-1.534727194022e-03,16.098821949,,,,,0.047000,9.488000,10.950000
20007815,asteroid,32.529604789,-5.966282801,41541823.142685167,2.407212597688e-05,,,42.516000,-3.916505865679e-03,6.738688751978e-03,1.462722717068e-03,13.730845950,,,,,0.089000,,10.290000
20000882,asteroid,186.737391518,-9.037998843,52596077.015656345,1.901282484818e-05,,,42.440000,6.506367626007e-04,-6.945244517234e-03,-2.729420165333e-03,12.969696313,,,,,0.062000,29.867000,10.720000
20001285,asteroid,285.865502918,-25.805944992,68303764.302700654,1.464048153435e-05,,,42.430000,9.404526111537e-03,2.261069178097e-03,1.893800099456e-03,17.065527394,,,,,0.058000,20.300000,11.000000
20001369,asteroid,134.632121681,6.512028106,54503130.718665063,1.834756988845e-05,,,42.401000,-5.468776342876e-03,-5.543424645353e-03,-8.820021189682e-04,13.569032883,,,,,0.052000,8.400100,10.710000
20001669,asteroid,136.212798591,17.579614683,69128597.161268800,1.446579333394e-05,,,42.377000,-6.763213884598e-03,-6.991160011546e-03,-3.121718916862e-03,17.688211644,,,,,0.035000,12.000000,10.810000
20001542,asteroid,174.754426858,0.471867039,60070850.041207038,1.664700931174e-05,,,42.374000,-1.150413914205e-03,-8.084628311077e-03,-3.147478276719e-03,15.153095212,,,,,0.068000,7.516000,10.560000
20001096,asteroid,52.503075882,14.435754584,83928064.712007582,1.191496555332e-05,,,42.333000,-7.533522457670e-03,6.999654325096e-03,4.615061508924e-03,19.516208040,,,,,0.043000,13.036000,10.880000
20009142,asteroid,49.580935168,5.014541322,40399651.076634988,2.475268902949e-05,,,42.306000,-5.054860347631e-03,5.377596975327e-03,2.009214758156e-03,13.243902627,,,,,0.062000,7.325000,10.700000
20000660,asteroid,203.156468069,1.811604867,86594773.211980000,1.154804109888e-05,,,42.302000,5.308969789467e-03,-9.928457991954e-03,-2.208032774829e-03,19.865390483,,,,,0.332000,7.911600,9.200000
20015539,asteroid,142.933129564,29.123178236,40460908.551367909,2.471521366680e-05,,,42.208000,-4.493371643841e-03,-6.214508443123e-03,7.761727217028e-04,13.346033808,,,,,0.082000,46.250000,10.490000
20000844,asteroid,72.610010400,31.299143868,64598484.183120742,1.548023939951e-05,,,42.154000,-9.124791940208e-03,2.775333730681e-03,1.413520749094e-03,16.694184446,,,,,0.173000,6.785900,9.800000
20006372,asteroid,294.694603195,-33.334458389,74643270.269049689,1.339705503786e-05,,,42.129000,1.027692015478e-02,3.884179767504e-03,-7.188035897861e-04,19.063223315,,,,,0.033000,44.250000,11.370000
20000542,asteroid,179.142931382,5.810338162,62331531.279454276,1.604324455815e-05,,,42.117000,-6.163355106486e-04,-8.548786724307e-03,-1.859552066715e-03,15.185533668,,,,,0.217000,10.069000,9.360000
20001200,asteroid,200.188434367,-8.740964980,72663367.395453110,1.376209272766e-05,,,42.006000,4.772628909527e-03,-8.955701713847e-03,-2.956619050025e-03,18.301439475,,,,,0.065000,17.769000,10.910000
20005041,asteroid,190.798257597,-0.734794309,40504238.344815172,2.468877433238e-05,,,41.899000,1.036729073033e-03,-6.379451017019e-03,-4.198019434139e-03,13.344081796,,,,,0.058000,6.520000,10.830000
20001128,asteroid,110.896408644,22.829556418,70877348.531538457,1.410887992734e-05,,,41.851000,-9.334622764569e-03,-2.971762968882e-03,-1.165132792105e-03,17.081336537,,,,,0.031000,10.228000,11.110000
20001354,asteroid,22.097712784,8.704894062,65310324.597415030,1.531151477449e-05,,,41.732000,-1.855505689931e-03,8.247627371325e-03,4.614234822998e-03,16.675774112,,,,,0.014000,8.379000,10.990000
20002235,asteroid,358.836216950,7.736311182,60597466.810426302,1.650233999267e-05,,,41.688000,-1.814295944165e-03,8.813632652326e-03,7.231881021712e-04,15.630634060,,,,,0.050000,32.100000,10.690000
20001564,asteroid,342.367871608,-4.406316530,72745375.471926644,1.374657830154e-05,,,41.681000,1.572468577125e-03,1.037631807519e-02,2.283224842926e-03,18.596342152,,,,,0.045000,9.135000,10.990000
20000688,asteroid,79.910047916,12.847442332,71031403.583686173,1.407828016269e-05,,,41.614000,-9.302800749017e-03,2.614848993359e-03,8.913979330800e-04,16.802638031,,,,,0.068000,18.870000,10.970000
20002376,asteroid,146.784015872,17.383099557,59119644.434931070,1.691485139260e-05,,,41.583000,-5.835172321596e-03,-6.074849041911e-03,-2.492898388937e-03,15.209995299,,,,,0.045000,11.133000,10.910000
20011554,asteroid,53.838865136,5.647968687,36907069.313172534,2.709508011906e-05,,,41.561000,-5.448112713621e-03,3.963435798581e-03,2.124207346493e-03,12.231368500,,,,,0.065000,,10.490000
20000493,asteroid,160.642342043,13.997102438,63741199.826085314,1.568844017258e-05,,,41.550000,-5.204584188908e-03,-6.051546153398e-03,-4.915707988828e-03,16.230788733,,,,,0.081000,51.940000,10.920000
20013183,asteroid,172.450312528,9.763784192,36547052.771421418,2.736198747008e-05,,,41.483000,-1.176020339242e-03,-5.185283773948e-03,-4.474316008363e-03,12.032029902,,,,,0.059000,20.232000,10.780000
20005638,asteroid,31.359637442,3.239469500,36540910.492236853,2.736658683457e-05,,,41.455000,-3.166238802393e-03,5.951079512561e-03,1.673266698871e-03,12.025866705,,,,,0.071000,9.243000,10.560000
20002291,asteroid,184.852221682,4.429259140,68720177.541023359,1.455176682864e-05,,,41.429000,2.399310830283e-04,-9.994703616307e-03,9.609976500327e-05,17.311183253,,,,,0.049000,9.630000,10.870000
20002829,asteroid,64.829701143,35.444152445,61779335.063307248,1.618664232911e-05,,,41.361000,-7.719907464955e-03,4.368615845457e-03,1.679978170730e-03,15.631526954,,,,,0.055000,6.333500,10.930000
20001194,asteroid,244.023840365,-28.932668023,73721465.174606740,1.356457034097e-05,,,41.358000,9.153187185982e-03,-5.060653347946e-03,-7.738287646790e-04,18.158835403,,,,,0.087000,20.390000,10.620000
20000714,asteroid,347.931541460,8.504666344,79636785.350386396,1.255701112997e-05,,,41.343000,1.148993204534e-03,1.009534251808e-02,2.921560710319e-03,18.305326811,,,,,0.260000,6.998000,9.020000
20000830,asteroid,353.124117538,-2.064630312,65338372.744131245,1.530494192006e-05,,,41.328000,5.756278941078e-04,8.674938407260e-03,4.438035731286e-03,16.901188674,,,,,0.215000,39.000000,9.260000
20003176,asteroid,159.620230033,27.991083785,72327449.765840799,1.382600939529e-05,,,41.327000,-5.417076026012e-03,-7.843395607301e-03,-3.709953704723e-03,17.710638887,,,,,0.038000,10.215000,11.260000
20001599,asteroid,227.213108977,-18.376608901,57947685.977206334,1.725694448599e-05,,,41.295000,6.621629131806e-03,-4.425966949624e-03,-2.888122431769e-03,14.669068168,,,,,0.026000,9.530000,11.090000
20000755,asteroid,137.003259101,14.270088461,65831501.733910389,1.519029603854e-05,,,41.210000,-5.973108224762e-03,-7.309686156713e-03,-2.665550735827e-03,16.983702420,,,,,0.124000,4.552000,9.720000
20000515,asteroid,66.476444197,20.026808560,80320542.783278808,1.245011506830e-05,,,41.190000,-1.071407902031e-02,4.080328042585e-03,2.033921151153e-03,20.160686781,,,,,0.039000,10.636000,10.950000
20001284,asteroid,175.383537719,-7.915080035,73140912.922545686,1.367223842364e-05,,,41.128000,-1.579340172341e-03,-8.385379717539e-03,-5.010881145107e-03,17.133361490,,,,,0.069000,9.550000,10.190000
20011252,asteroid,170.817745413,10.327770148,39571127.463935964,2.527095041483e-05,,,41.093000,-1.809917371131e-03,-6.671726071400e-03,-2.858802457289e-03,12.952463870,,,,,0.060000,9.150000,10.670000
20000237,asteroid,192.265668948,4.978078055,74426296.475455120,1.343611125847e-05,,,41.080000,2.335442430603e-03,-8.972954041211e-03,-4.518244935203e-03,17.858593049,,,,,0.210800,29.215000,9.160000
20000309,asteroid,186.449178292,-3.561142958,73889360.040521309,1.353374828868e-05,,,41.075000,2.338602813843e-03,-8.697510058217e-03,-4.447608699344e-03,17.392048038,,,,,0.056000,22.398000,10.640000
20001008,asteroid,294.349596718,-30.604242541,65709471.519321248,1.521850620433e-05,,,41.061000,8.732401265609e-03,3.693738611267e-03,1.741146533754e-03,16.691291328,,,,,0.027000,8.998000,10.880000
20000766,asteroid,175.492204840,4.565163524,68148918.662130639,1.467374713541e-05,,,41.044000,-2.021966841168e-03,-8.092630152009e-03,-5.284974401772e-03,17.097640237,,,,,0.223000,4.816400,9.880000
20000161,asteroid,151.033081854,19.515584187,76445566.962679043,1.308120326308e-05,,,40.992000,-5.222672285790e-03,-7.110301651578e-03,-4.142136133413e-03,16.875264320,,,,,0.230000,7.280000,9.310000
20000474,asteroid,353.809762048,-4.478221296,103113542.361945450,9.698047192384e-06,,,40.972000,2.975955660405e-03,1.249071735564e-02,3.217503642373e-03,22.919849592,,,,,0.041000,8.572000,10.930000
20017171,asteroid,50.494268585,44.202190007,39670249.800311223,2.520780698467e-05,,,40.946000,-6.018552486183e-03,4.227395348462e-03,1.466038251619e-03,12.985131353,,,,,0.080000,64.790000,10.590000
20000497,asteroid,215.383681066,-16.821668707,58640399.986165434,1.705308968281e-05,,,40.932000,6.140514889583e-03,-4.529660150964e-03,-2.496083747927e-03,13.900717184,,,,,0.119000,4.620000,9.820000
20001337,asteroid,153.508667416,8.289732510,65333378.116181709,1.530611195738e-05,,,40.875000,-4.643072311134e-03,-8.001953195466e-03,-4.115974205156e-04,16.034336242,,,,,0.034000,12.520000,11.220000
20001484,asteroid,359.253498760,-19.013889577,64409058.727887683,1.552576640228e-05,,,40.871000,2.384668209954e-03,7.698078934363e-03,3.420470601009e-03,15.158573923,,,,,0.015000,12.192300,10.830000
20002208,asteroid,139.785314108,20.418690241,59576681.641704604,1.678509061673e-05,,,40.850000,-6.634944788206e-03,-6.157073064699e-03,-2.134608589861e-03,16.102417782,,,,,0.044000,8.405000,10.720000
20000500,asteroid,144.848586535,8.090995295,71670558.318785071,1.395273070920e-05,,,40.828000,-6.215725336936e-03,-6.029301846316e-03,-4.171115531661e-03,16.642347268,,,,,0.202000,8.011100,9.460000
20000242,asteroid,93.595718473,12.951260926,80850436.885623425,1.236851696194e-05,,,40.802000,-1.121470360985e-02,-1.084403531064e-03,-1.284869205400e-03,19.634781371,,,,,0.222000,4.547800,9.520000
20000537,asteroid,148.919985502,17.162160226,55251241.215034202,1.809914090632e-05,,,40.732000,-3.755413631371e-03,-6.723946314745e-03,-1.646736806418e-03,13.636399127,,,,,0.322000,16.168000,8.780000
20024451,asteroid,41.502307283,23.076197753,42764386.528675973,2.338394353744e-05,,,40.666000,-5.165538721647e-03,3.997475308185e-03,4.894151085708e-03,14.131839916,,,,,0.089000,17.180000,10.340000
20031344,asteroid,29.023969387,12.457201237,39891261.594359003,2.506814675777e-05,,,40.645000,-3.828962748898e-03,5.641614519953e-03,3.534380953480e-03,13.297387725,,,,,0.047000,42.392000,10.970000
20000695,asteroid,283.937095777,-20.958871797,87454508.964917943,1.143451620546e-05,,,40.620000,1.046864662735e-02,2.801980606739e-03,4.122089695227e-03,20.075589149,,,,,0.207000,14.222000,9.180000
20051365,asteroid,28.781656319,21.496242478,38576701.613286540,2.592238211614e-05,,,40.606000,-3.785559280171e-03,3.338459776023e-03,5.329361765635e-03,12.709160867,,,,,0.074000,58.760000,10.730000
20002145,asteroid,307.843822144,-8.027799553,60820273.627926342,1.644188590991e-05,,,40.549000,7.277025625339e-03,3.984771221881e-03,3.693131731436e-03,15.724137883,,,,,0.051000,12.141000,11.020000
20006002,asteroid,53.960846092,12.428658884,42365669.854995154,2.360401720126e-05,,,40.408000,-6.204973353127e-03,5.140371222799e-03,4.773733338110e-05,13.951652173,,,,,0.075000,12.918000,10.580000
20001162,asteroid,224.779968807,-17.242083902,58391264.428815842,1.712584938487e-05,,,40.379000,7.251613953006e-03,-5.649570626607e-03,-2.787248055774e-03,16.632110212,,,,,0.169000,6.516000,9.590000
20002378,asteroid,312.851965814,-6.609359923,65529117.710528865,1.526039163868e-05,,,40.373000,6.107705349815e-03,6.861339118751e-03,1.128325221098e-03,16.024645367,,,,,0.057000,11.874000,11.140000
20000332,asteroid,169.212700192,6.781777387,68505895.290818959,1.459728386520e-05,,,40.370000,-1.787934110251e-03,-8.393950887330e-03,-4.017844840284e-03,16.407615801,,,,,0.171900,8.007400,9.670000
20029943,asteroid,153.426094532,28.331577410,76668600.659555480,1.304314923446e-05,,,40.347000,-6.381765401984e-03,-9.081694458449e-03,-1.411019489989e-03,19.373375688,,,,,0.082000,11.753600,10.970000
20000418,asteroid,334.583626551,-3.248539629,88014998.284800127,1.136169993169e-05,,,40.330000,4.174266054928e-03,1.009763107488e-02,4.364260933945e-03,20.371928810,,,,,0.201000,4.671000,9.750000
20001092,asteroid,1.292188691,5.433874811,70402656.300859824,1.420400951530e-05,,,40.276000,2.087972087818e-04,8.921260896311e-03,4.508634561411e-03,17.311129168,,,,,0.044000,24.600000,10.950000
20001841,asteroid,245.249584473,-22.527297259,62902413.476814054,1.589764119891e-05,,,40.240000,8.462879804297e-03,-4.114753823280e-03,-2.243991619810e-03,16.750181094,,,,,0.052000,7.530000,10.980000
20000118,asteroid,298.254798220,-28.182095820,75198549.440525502,1.329812885275e-05,,,40.211000,8.297163732544e-03,4.772007473477e-03,1.663575738234e-03,16.821213719,,,,,0.245000,7.805500,8.920000
20001017,asteroid,247.688910327,-15.667752578,82760576.819432870,1.208304773155e-05,,,40.152000,9.996968175031e-03,-4.058301678623e-03,-2.738721746844e-03,19.273672096,,,,,0.052000,7.870000,11.070000
20002307,asteroid,165.882501650,-2.297297216,69040244.427400500,1.448430561470e-05,,,40.139000,-1.624424924884e-03,-9.183840691100e-03,-3.738850048782e-03,17.397538878,,,,,0.048000,29.760000,11.340000
20000661,asteroid,337.361327560,-9.475606282,65841633.530929126,1.518795853584e-05,,,40.081000,3.912973391625e-03,7.236620397364e-03,4.806214641243e-03,16.497043676,,,,,0.182000,5.536000,9.740000
20000519,asteroid,122.526646724,30.882554677,67325998.105498940,1.485310323113e-05,,,40.078000,-8.767381896362e-03,-3.174736873099e-03,-5.445700183936e-04,16.172446039,,,,,0.246000,17.962000,9.150000
20000208,asteroid,296.566438648,-22.858332389,70548802.862172350,1.417458496005e-05,,,40.056000,9.135304288582e-03,3.706378086468e-03,1.720234981473e-03,17.327569442,,,,,0.206000,14.085000,9.260000
20001838,asteroid,194.403551378,7.581700892,63936854.942917801,1.564043149906e-05,,,40.054000,9.001085665022e-04,-7.172475499379e-03,-6.255240873862e-03,16.551734696,,,,,0.057000,16.162000,10.860000
20002826,asteroid,354.244770966,-14.466543389,61015206.967252105,1.638935684569e-05,,,39.975000,2.135272526276e-03,7.323695030608e-03,5.005341569394e-03,15.797998711,,,,,0.023000,24.000000,11.270000
20001776,asteroid,349.226860770,-3.259037902,65546486.606873132,1.525634784970e-05,,,39.952000,1.763072816247e-03,9.190205331280e-03,2.267810666229e-03,16.671624616,,,,,0.033000,,11.240000
20000167,asteroid,327.120338218,-12.401866273,74657489.985409349,1.339450335386e-05,,,39.935000,6.175339184902e-03,7.947778955184e-03,3.034938333674e-03,18.201956369,,,,,0.223000,13.070000,9.380000
20005025,asteroid,169.735353612,4.169315425,39135939.260805517,2.555196116122e-05,,,39.843000,-1.927357395971e-03,-5.893282163496e-03,-4.103364601118e-03,12.873830709,,,,,0.084000,250.000000,10.400000
20001237,asteroid,173.068209405,12.921719599,73496872.635022506,1.360602110196e-05,,,39.810000,-2.286936765916e-03,-8.585198160402e-03,-4.315920332728e-03,17.102278156,,,,,0.058500,16.370000,11.020000
20005511,asteroid,60.068453192,10.057860157,37089158.719535597,2.696205669053e-05,,,39.773000,-5.775448080279e-03,3.970161688548e-03,1.017367086976e-03,12.261969032,,,,,0.093000,336.000000,10.340000
20007152,asteroid,176.348688123,5.139292255,39139182.205473311,2.554984400926e-05,,,39.770000,-1.125345236933e-03,-6.817407169714e-03,-2.679872957294e-03,12.832088341,,,,,0.093000,9.730000,10.320000
20015535,asteroid,189.803032640,3.569400625,40030868.424543589,2.498072211161e-05,,,39.767000,5.225128091256e-04,-7.427322274555e-03,-1.556503309903e-03,13.170553613,,,,,0.070000,6.016000,10.650000
20022180,asteroid,34.110443047,28.439197711,42978553.376314469,2.326741878081e-05,,,39.753000,-4.158871173489e-03,6.941317874013e-03,-7.578683812716e-04,14.072011890,,,,,0.102000,19.390000,10.250000
20000351,asteroid,53.238961034,12.393612279,79153958.438020080,1.263360695704e-05,,,39.720000,-9.562661267959e-03,4.180689076775e-03,3.334977063650e-03,18.970693514,,,,,0.286000,13.290000,9.180000
20001112,asteroid,176.253257863,-6.582056215,62574407.107362956,1.598097443072e-05,,,39.661000,-5.461935949236e-04,-7.895037275413e-03,-4.338364765178e-03,15.626467485,,,,,0.097000,18.710000,10.080000
20000155,asteroid,322.264595602,-26.781501610,66139931.777909249,1.511945919990e-05,,,39.605000,4.588324279651e-03,6.939939931151e-03,3.657862982899e-03,15.735832531,,,,,0.027000,7.959700,11.150000
20000678,asteroid,216.703794765,-20.114658722,65737425.949270926,1.521203462958e-05,,,39.585000,5.530575872015e-03,-6.178361868223e-03,-2.192720734254e-03,14.850959653,,,,,0.344000,11.616240,9.350000
20000399,asteroid,354.113541552,-0.463051937,62781028.560100310,1.592837873057e-05,,,39.566000,8.481777952935e-04,7.299615670482e-03,5.397144769643e-03,15.786952699,,,,,0.311000,9.136000,8.910000
20001603,asteroid,275.737469604,-18.465461439,73005937.589961842,1.369751602420e-05,,,39.564000,9.865203164871e-03,2.126391066241e-03,-5.021065755459e-04,17.495074063,,,,,0.050000,6.426000,10.940000
20001517,asteroid,49.262508979,17.005330133,74526127.211072192,1.341811304870e-05,,,39.524000,-7.702969839366e-03,5.773818285316e-03,3.495282067754e-03,17.732833235,,,,,0.050000,6.943000,11.420000
20000182,asteroid,255.276726383,-21.715913876,72811020.760533571,1.373418459946e-05,,,39.520000,9.163736987509e-03,-1.300447091379e-03,-8.806170064566e-04,16.097960920,,,,,0.196000,80.088000,9.090000
20002421,asteroid,21.995455755,-0.026155319,66475466.189114019,1.504314384430e-05,,,39.505000,-3.192804415832e-03,8.245316891564e-03,4.588859811071e-03,17.248376817,,,,,0.064000,6.405800,10.980000
20022014,asteroid,163.833892535,-25.253101217,41867626.555084541,2.388480270512e-05,,,39.487000,-1.414968566995e-03,-7.132697998643e-03,-3.127358473954e-03,13.705647093,,,,,0.103000,,10.220000
20000297,asteroid,329.869563430,-12.897427231,75547128.024535269,1.323677055831e-05,,,39.480000,5.974004038737e-03,7.908504060964e-03,5.014020811593e-03,19.231923707,,,,,0.179600,4.163000,9.210000
20000467,asteroid,0.564623934,4.808114414,75288328.008423060,1.328227132216e-05,,,39.471000,-1.388947389064e-03,9.408754075027e-03,5.006517122948e-03,18.609660852,,,,,0.037000,70.630000,10.920000
20000657,asteroid,105.894517889,24.997285556,81942862.479975060,1.220362542551e-05,,,39.401000,-1.019849970686e-02,-2.665208296964e-03,-3.277629065000e-03,19.113243248,,,,,0.044000,15.665200,11.340000
20036267,asteroid,157.720751467,1.162685130,36555612.336974964,2.735558060912e-05,,,39.393000,-1.944582304493e-03,-4.922285332533e-03,-4.450232472546e-03,11.972728222,,,,,0.060000,,10.760000
20000396,asteroid,36.175500182,15.736065817,69648217.969872698,1.435786914796e-05,,,39.242000,-4.937602960907e-03,7.663888123657e-03,2.960550647271e-03,16.596712789,,,,,0.126000,14.353000,10.100000
20012052,asteroid,23.099310280,12.620073052,40268157.704322487,2.483351752376e-05,,,39.151000,-2.780744641915e-03,6.996397863103e-03,1.449068443339e-03,13.274970510,,,,,0.073000,8.050000,10.660000
20001070,asteroid,61.153781910,4.082979783,66542595.939601317,1.502796796367e-05,,,39.131000,-8.354240637567e-03,5.282466609214e-03,1.275462075275e-03,17.255997452,,,,,0.061000,15.673000,10.880000
20309139,asteroid,156.151206698,-21.964292551,9966650.572059460,1.003346101852e-04,,,39.100000,-1.600822007787e-03,-2.566614115479e-03,-9.032371830920e-04,5.466024822,,,,,0.139000,,9.970000
20024506,asteroid,164.561703227,5.802550546,39468025.832284614,2.533696527537e-05,,,39.052000,-2.263506213604e-03,-5.875562992441e-03,-4.240884557898e-03,13.144346644,,,,,0.046000,,10.730000
20000151,asteroid,41.241057424,16.558518436,77979986.644605309,1.282380317090e-05,,,39.037000,-7.436893010184e-03,6.208401478796e-03,3.960301583848e-03,18.121299802,,,,,0.233000,9.864000,9.330000
20000282,asteroid,233.900834933,-10.009267762,82358321.488311455,1.214206387319e-05,,,39.030000,8.233983947849e-03,-5.980268956142e-03,-2.496896075141e-03,18.142875168,,,,,0.050200,49.350000,11.110000
20000158,asteroid,52.321330831,19.643360466,75919664.644452423,1.317181792996e-05,,,39.025000,-8.809390476309e-03,5.637852108503e-03,2.292723707552e-03,18.539312335,,,,,0.213000,14.218000,9.340000
20001353,asteroid,299.287892248,-11.339284080,75617558.621834144,1.322444175963e-05,,,39.013000,9.444162801599e-03,4.962420478485e-03,2.208940036162e-03,18.863921801,,,,,0.136000,22.930000,10.040000
20032499,asteroid,49.191246518,12.479279029,40459908.679988727,2.471582444512e-05,,,38.923000,-4.673213370400e-03,4.509186879660e-03,4.074693200996e-03,13.274167761,,,,,0.081000,,10.630000
20001247,asteroid,236.579196115,-18.116292124,73681315.936189383,1.357196172862e-05,,,38.906000,9.917817523583e-03,-3.961060044525e-03,-1.684484854317e-03,18.719810391,,,,,0.078000,18.790000,10.670000
20250112,asteroid,135.084366736,-2.474363873,13062162.318004210,7.655700301792e-05,,,38.900000,-2.838179084434e-03,-1.950509566416e-03,-1.456297961105e-03,6.474016868,,,,,0.185000,8.499600,9.740000
20002219,asteroid,293.425601933,-26.477358303,68069194.965499401,1.469093325559e-05,,,38.814000,8.900971352390e-03,4.622349425089e-03,9.774125807356e-04,17.448132089,,,,,0.051000,27.470000,11.290000
20005711,asteroid,31.172374035,14.982475936,54768467.602207288,1.825868138695e-05,,,38.810000,-3.846286921181e-03,7.072145158702e-03,4.140626497426e-03,15.674605149,,,,,0.042600,107.100000,11.160000
20000612,asteroid,125.204738111,-1.302451781,52794505.541339487,1.894136501036e-05,,,38.767000,-6.563735328670e-03,-3.635914514585e-03,-1.162788655025e-03,13.147057145,,,,,0.062000,8.243000,10.890000
20003171,asteroid,82.756794563,32.343121398,75027988.195596412,1.332835951023e-05,,,38.766000,-1.084350921321e-02,9.113025867054e-04,1.951416523224e-03,19.141816492,,,,,0.048000,43.548000,11.200000
20004460,asteroid,189.617603202,-28.763135723,61096018.545451835,1.636767867707e-05,,,38.742000,4.463677637183e-03,-5.845817868505e-03,-4.459174010338e-03,14.892767186,,,,,0.059000,,11.050000
20001116,asteroid,298.152271439,-36.011905533,60164548.998500369,1.662108362227e-05,,,38.741000,7.257484541287e-03,3.242794283498e-03,2.895898835086e-03,14.648270835,,,,,0.155000,8.832000,9.830000
20000863,asteroid,139.987683091,24.409276367,64632338.211517274,1.547213094361e-05,,,38.724000,-5.670494277048e-03,-7.757334884636e-03,8.500029027984e-04,16.702345139,,,,,0.290000,7.031900,9.090000
20000783,asteroid,267.151301047,-15.757800785,111686383.693235859,8.953642932398e-06,,,38.719000,1.384674516925e-02,1.017374263151e-03,-1.154117138928e-03,24.122579880,,,,,0.034000,55.530000,11.110000
20005374,asteroid,323.461091635,-9.363740834,61078621.113791488,1.637234079232e-05,,,38.657000,5.808929645375e-03,5.418812040769e-03,4.340297625193e-03,15.673784905,,,,,0.036000,6.759200,11.520000
20004317,asteroid,52.177624250,21.863396544,54978015.445356794,1.818908870936e-05,,,38.606000,-8.149557373762e-03,3.012203998296e-03,2.837283032704e-03,15.825442870,,,,,0.052000,8.917000,11.000000
20016956,asteroid,40.199191063,-16.025723274,42772667.172021963,2.337941648526e-05,,,38.583000,-4.222229924163e-03,6.769353056489e-03,1.511916950190e-03,14.059734350,,,,,0.082000,8.840000,10.740000
20000991,asteroid,185.957854360,-0.677301738,60368398.491399892,1.656495823957e-05,,,38.556000,2.075561300611e-03,-7.835848593486e-03,-3.623553073601e-03,15.373797701,,,,,0.040000,,11.180000
20000302,asteroid,121.006063156,23.651308795,92284524.712326363,1.083605299065e-05,,,38.530000,-1.094097294337e-02,-4.235453360525e-03,-2.043892144855e-03,20.619713611,,,,,0.052400,14.381000,11.300000
20002448,asteroid,107.825553939,15.073031070,73823713.764108315,1.354578290650e-05,,,38.519000,-9.132835357686e-03,-4.576306372579e-03,1.256558785544e-03,17.820569100,,,,,0.055000,10.059000,11.020000
20003631,asteroid,182.466515192,6.675859036,63688905.460110635,1.570132180441e-05,,,38.505000,8.174953056629e-04,-9.108323142393e-03,-1.843322521254e-03,16.152523815,,,,,0.069000,41.000000,11.170000
20000189,asteroid,158.437584984,5.102639996,81703833.477124885,1.223932779458e-05,,,38.490000,-4.211988246505e-03,-9.228380526730e-03,-3.279381118468e-03,18.459164602,,,,,0.170000,22.346000,9.380000
20001724,asteroid,183.802911629,2.653323751,76831210.456120431,1.301554399655e-05,,,38.476000,-1.109606000410e-05,-1.033105074394e-02,-2.134502436423e-03,18.265583976,,,,,0.037000,12.582000,11.520000
20002069,asteroid,359.040081783,-8.096065569,61324270.672034077,1.630675732530e-05,,,38.471000,-8.570301253921e-04,7.780391694213e-03,4.561247739429e-03,15.686079340,,,,,0.043000,44.620000,11.690000
20007605,asteroid,137.570825535,14.117465992,65828411.051540695,1.519100923182e-05,,,38.463000,-5.505036283058e-03,-4.618263180755e-03,-6.591510103850e-03,16.883416415,,,,,0.039000,,11.670000
20000877,asteroid,56.526067623,16.165123604,97304027.817990065,1.027706686377e-05,,,38.410000,-1.028275045628e-02,6.583253676175e-03,3.336281268404e-03,21.915412354,,,,,0.062300,17.424000,10.980000
20032475,asteroid,39.321044708,31.856270332,39011346.846365534,2.563356768835e-05,,,38.365000,-4.978670243774e-03,2.632733910765e-03,4.835515750769e-03,12.852572472,,,,,0.076000,,10.800000
20009431,asteroid,170.040706875,-6.968377010,37784543.520683743,2.646584838196e-05,,,38.358000,-1.527459495453e-03,-6.920261671172e-03,-6.253082661100e-04,12.318212899,,,,,0.076000,19.862000,10.640000
20042187,asteroid,164.832435488,20.815690478,39258797.429827556,2.547199775509e-05,,,38.322000,-2.966984283632e-03,-4.791240182436e-03,-4.902735323354e-03,12.933390556,,,,,0.033000,,11.450000
20001357,asteroid,259.688199375,-22.314508389,63382443.761274680,1.577723957389e-05,,,38.321000,9.160958527504e-03,7.976769855383e-04,-2.123559383385e-03,16.340857624,,,,,0.029000,15.692000,10.950000
20001765,asteroid,119.612210317,35.191250391,57827066.380217411,1.729294018522e-05,,,38.299000,-7.710939079047e-03,-3.537890476436e-03,9.395178510394e-04,14.779172775,,,,,0.130000,5.260000,10.030000
20001999,asteroid,4.918457047,-5.677736309,61019303.603824146,1.638825651785e-05,,,38.277000,-1.272468072913e-03,8.599648921288e-03,2.101815789950e-03,15.485726969,,,,,0.053000,15.630000,11.100000
20000577,asteroid,310.280308833,-20.282053392,78142702.637117401,1.279710025700e-05,,,38.234000,9.165412821663e-03,5.715512399383e-03,3.535405977592e-03,19.678596886,,,,,0.230000,12.249000,9.450000
20001105,asteroid,259.466549622,-16.421292366,70447399.275373966,1.419498817964e-05,,,38.206000,1.001359881609e-02,-2.040855922152e-04,-1.885014926119e-03,17.646178132,,,,,0.102000,5.431200,10.150000
20005914,asteroid,127.815229664,27.155047714,53192322.126111463,1.879970567236e-05,,,38.097000,-6.995253788155e-03,-4.431466628347e-03,-8.486106115185e-04,14.412920862,,,,,0.062000,38.730000,11.030000
20000370,asteroid,100.751261154,24.599433076,88047354.032954440,1.135752472046e-05,,,38.093000,-1.106843549399e-02,-1.849102044876e-04,-1.681763844595e-03,19.387120400,,,,,0.065000,22.529900,10.680000
20001794,asteroid,254.640211335,-14.229243393,74322631.591069028,1.345485188821e-05,,,38.050000,9.980717536595e-03,-4.269806164090e-03,7.808336861857e-04,18.844715858,,,,,0.046000,12.347000,10.930000
20003803,asteroid,152.695530079,-2.676131376,70781255.488940075,1.412803422449e-05,,,38.019000,-4.147053682189e-03,-8.582589226120e-03,-3.902520496555e-03,17.833884241,,,,,0.047000,6.070140,11.400000
20000627,asteroid,166.227572628,8.512964991,67321575.738642901,1.485407893425e-05,,,38.018000,-2.330825606714e-03,-8.835493144649e-03,-2.753326065060e-03,16.524258043,,,,,0.047000,27.888000,9.880000
20000944,asteroid,242.722878894,-57.225323866,21702706.355061561,4.607720270642e-05,,,38.000000,3.109862592926e-03,4.618722471660e-04,-8.537273309444e-04,5.640782823,,,,,0.060000,10.063000,10.550000
20002148,asteroid,174.025926580,2.080885268,38369879.931721136,2.606210917990e-05,,,37.980000,-1.161491860218e-03,-6.995737031710e-03,-1.772967453975e-03,12.656560255,,,,,0.064000,,10.820000
20019844,asteroid,53.497105716,-0.138808975,39308050.876473047,2.544008104453e-05,,,37.972000,-5.349689492077e-03,4.405374265229e-03,-2.797463252126e-03,12.939938237,,,,,0.053000,14.546900,11.060000
20008060,asteroid,189.115114321,-4.437044303,36720565.895757727,2.723269578249e-05,,,37.873000,8.652996290146e-04,-5.958682590688e-03,-3.519605346183e-03,12.075873568,,,,,0.059000,6.476860,11.030000
20003391,asteroid,165.757239730,4.964584939,39868259.430887006,2.508260993268e-05,,,37.862000,-2.464075120933e-03,-5.610542174228e-03,-4.572933371235e-03,13.238747655,,,,,0.093000,8.135000,10.340000
20012242,asteroid,62.967983470,9.754686209,39676972.908870481,2.520353561994e-05,,,37.861000,-5.965078866304e-03,4.013350921281e-03,-2.085694706733e-03,12.961579243,,,,,0.071000,17.011100,10.890000
20001687,asteroid,273.269266947,-23.384061205,58677161.190892547,1.704240593281e-05,,,37.850000,8.506803512043e-03,1.582175846055e-03,2.560588575417e-04,14.988312133,,,,,0.141000,6.498000,10.760000
20001456,asteroid,125.499415670,15.418678184,56732551.296394654,1.762656494638e-05,,,37.815000,-7.538401399201e-03,-2.509972445357e-03,-2.714065876040e-03,14.537393567,,,,,0.052000,19.035000,11.160000
20001081,asteroid,33.812011953,14.029004399,78287462.906580225,1.277343731516e-05,,,37.810000,-6.784008874150e-03,7.994089855051e-03,4.364214488539e-03,19.663634504,,,,,0.043000,7.300200,11.160000
20001298,asteroid,326.274576167,-11.060803504,75308094.795295626,1.327878500602e-05,,,37.802000,5.642202916807e-03,8.283341159425e-03,4.595365212888e-03,19.090485600,,,,,0.054000,34.800000,11.140000
20001693,asteroid,61.104921800,19.259973364,69488746.409752220,1.439081940122e-05,,,37.772000,-6.927241031963e-03,5.226628663175e-03,4.278093319259e-03,16.751914060,,,,,0.051000,8.825000,11.270000
20004707,asteroid,57.019797421,26.792195109,43879535.148897946,2.278966713313e-05,,,37.766000,-6.882492222669e-03,4.368865536894e-03,1.586168834082e-03,14.379602240,,,,,0.086000,6.862000,10.680000
20054656,asteroid,69.516139230,-5.672737540,37578468.805965953,2.661098314472e-05,,,37.743000,-5.677120079738e-03,3.003599793332e-03,3.270111942797e-03,12.479100385,,,,,0.078000,11.937000,10.620000
20002127,asteroid,80.393115575,17.401181085,62705354.138830267,1.594760150443e-05,,,37.736000,-8.994337064189e-03,9.257215734940e-04,2.459250066545e-03,16.224311431,,,,,0.048000,7.854000,11.320000
20000456,asteroid,252.827335960,-16.352320522,90098682.915161818,1.109894137899e-05,,,37.713000,1.142532217559e-02,-4.511662958701e-03,1.153636784547e-03,21.362554701,,,,,0.286000,18.281000,9.100000
20148975,asteroid,319.011019532,-22.313897533,8878654.950338287,1.126296725792e-04,,,37.700000,3.791808965109e-03,5.535106642272e-04,-6.682568741980e-04,6.735068097,,,,,0.041000,,10.880000
20005436,asteroid,171.877549437,-4.455552202,41548356.272071630,2.406834083764e-05,,,37.696000,-1.300727348681e-03,-7.189916165596e-03,-2.989199866089e-03,13.668873231,,,,,0.086000,38.410000,10.460000
20001036,asteroid,136.374177081,-10.264857721,56959863.510848127,1.755622184399e-05,,,37.675000,-6.454238952064e-03,-2.738350802870e-03,-1.796364054337e-03,12.531572340,,,,,0.238000,10.297000,9.180000
20000219,asteroid,107.161608038,11.585144478,80805086.368586525,1.237545858733e-05,,,37.674000,-1.024620954641e-02,-6.949501406991e-04,-8.676786990124e-04,17.844981839,,,,,0.189000,59.740000,9.390000
20011429,asteroid,153.729765730,22.503250475,40506689.184184507,2.468728054897e-05,,,37.630000,-4.420695651484e-03,-4.889439517390e-03,-3.989690204708e-03,13.340849283,,,,,0.086000,50.160000,10.480000
20000673,asteroid,304.201881393,-16.856135647,72619494.892655253,1.377040698890e-05,,,37.622000,8.558075786289e-03,4.976370409716e-03,2.290155181325e-03,17.593657819,,,,,0.092000,22.340000,10.120000
20000239,asteroid,209.388342654,-8.729564696,56291251.937862195,1.776474968267e-05,,,37.609000,4.007930002431e-03,-6.455131566266e-03,-2.001416559729e-03,13.604656390,,,,,0.095000,18.470700,10.490000
20000289,asteroid,117.205962416,14.900892120,71245102.503778547,1.403605251248e-05,,,37.586000,-9.756801687176e-03,-2.409417928179e-03,-7.635446955250e-04,17.451115823,,,,,0.889000,6.902000,9.730000
20006997,asteroid,48.056645254,6.983067689,36566280.462694474,2.734759968327e-05,,,37.549000,-4.915540281636e-03,4.859173144684e-03,-7.450899014104e-06,11.967630685,,,,,0.087000,,10.600000
20013832,asteroid,135.197129187,29.074171787,62094983.069185674,1.610436061937e-05,,,37.543000,-6.346212682779e-03,-6.994896109180e-03,-1.210006148763e-03,16.486806338,,,,,0.079000,98.530000,10.770000
20000169,asteroid,92.753831309,28.866229431,82698977.463108450,1.209204793912e-05,,,37.517000,-1.054569330992e-02,7.409979289544e-04,3.025292520743e-04,18.311926247,,,,,0.188000,14.537000,9.550000
20001438,asteroid,208.587169191,-12.715312784,54182137.326877967,1.845626712669e-05,,,37.511000,4.835924045246e-03,-5.785537977607e-03,-2.221630175657e-03,13.610864432,,,,,0.034000,41.980000,11.570000
20001952,asteroid,63.139644474,17.650060406,77607161.679983258,1.288540874776e-05,,,37.501000,-9.751687393334e-03,3.525295077923e-03,4.459469606013e-03,19.543997392,,,,,0.080000,47.520000,10.450000
20001087,asteroid,277.596515000,-32.500992286,64255816.087778248,1.556279354750e-05,,,37.498000,9.113882595920e-03,1.785842044906e-03,1.753013527951e-04,16.083250670,,,,,0.098000,5.794000,9.820000
20001940,asteroid,301.041801635,-16.425015912,64043146.836774163,1.561447320115e-05,,,37.481000,7.889646756917e-03,4.179599686792e-03,2.722693437770e-03,16.161889560,,,,,0.060000,6.953000,11.360000
20000550,asteroid,91.128095416,23.368551452,70611272.022832900,1.416204483155e-05,,,37.434000,-9.128058164420e-03,2.072099251530e-03,-8.711265785178e-04,16.276974635,,,,,0.225000,20.555000,9.340000
20001633,asteroid,231.896844857,-16.458126955,71554943.994355828,1.397527472146e-05,,,37.428000,7.955145415057e-03,-6.346830231050e-03,-2.980328991541e-03,18.360706083,,,,,0.080000,6.591100,10.640000
20006237,asteroid,31.864097845,13.780575340,49213021.728447489,2.031982521858e-05,,,37.400000,-4.422982751582e-03,5.902995734557e-03,3.378317606561e-03,14.047351564,,,,,0.034800,7.787000,11.650000
20001320,asteroid,155.749004704,30.729813636,61722513.928881593,1.620154359157e-05,,,37.331000,-3.166602206784e-03,-7.617127437227e-03,-3.137023705685e-03,15.280920069,,,,,0.078000,6.171300,10.880000
20020898,asteroid,27.508019598,56.674380435,44327626.197834514,2.255929508918e-05,,,37.310000,-5.667743460159e-03,4.549515853467e-03,-2.305606757667e-03,13.201973248,,,,,0.050500,12.840000,11.360000
20004169,asteroid,269.115878430,-33.401219106,57433224.373870723,1.741152461666e-05,,,37.303000,8.735530015392e-03,9.563719338055e-04,7.847308657168e-04,15.276114340,,,,,0.057000,10.887000,11.290000
20000495,asteroid,191.519638967,-4.686955828,74183301.257287711,1.348012265633e-05,,,37.287000,1.569969593917e-03,-8.916084606899e-03,-3.446288587624e-03,16.772649660,,,,,0.062000,28.967000,11.210000
20001582,asteroid,62.495129017,14.971867850,58659958.006321482,1.704740395300e-05,,,37.252000,-7.717272207862e-03,2.651378321062e-03,2.819320743849e-03,14.948266320,,,,,0.054000,12.372000,11.540000
20001910,asteroid,40.525526211,11.799637956,65906212.932664521,1.517307633837e-05,,,37.201000,-6.690722885671e-03,6.755148537901e-03,1.210781914564e-03,16.595252568,,,,,0.032000,8.880000,11.660000
20001294,asteroid,4.141101476,-7.575479725,96698300.510339469,1.034144338341e-05,,,37.199000,-1.489907256673e-03,1.156918756692e-02,5.595163568409e-03,22.400245956,,,,,0.117000,6.630000,10.660000
20003024,asteroid,31.351057274,14.646915342,68820989.114840746,1.453045085317e-05,,,37.189000,-5.361640808501e-03,6.861588292443e-03,5.905009033063e-03,18.217173859,,,,,0.067000,11.746000,11.030000
20001321,asteroid,319.667314083,-15.758111697,84018754.763327196,1.190210451008e-05,,,37.137000,8.259459976927e-03,6.810143013720e-03,5.084524761723e-03,20.519708137,,,,,0.083000,5.207000,10.110000
20008917,asteroid,350.034812259,12.560841238,63053671.131067149,1.585950480062e-05,,,37.122000,-3.425081193581e-04,9.042571184078e-03,3.480871131463e-03,16.787263775,,,,,0.046000,13.480000,11.420000
20011396,asteroid,168.682631383,-1.124222966,37385255.088888399,2.674851348807e-05,,,37.109000,-1.533758463835e-03,-6.791200249649e-03,-1.451076204527e-03,12.313864663,,,,,0.074000,,10.630000
20011089,asteroid,17.544963011,0.163631144,39466716.023071900,2.533780615077e-05,,,37.047000,-2.252126721122e-03,6.622903888786e-03,2.655185729784e-03,12.955294376,,,,,0.074000,7.720000,10.770000
20000450,asteroid,71.988014723,31.285412507,72342978.276846901,1.382304162504e-05,,,37.038000,-9.823972178585e-03,2.756475619696e-03,2.319919147479e-03,18.117576815,,,,,0.094000,10.765700,10.430000
20007588,asteroid,140.037159683,16.433792556,66186002.033648349,1.510893496017e-05,,,37.034000,-5.239459435132e-03,-5.619123568081e-03,-6.237505378104e-03,17.134684260,,,,,0.042000,35.386700,11.490000
20002725,asteroid,31.564658241,4.203454285,74989387.222815230,1.333522031629e-05,,,36.974000,-6.204132076108e-03,6.735261743566e-03,5.804093852418e-03,18.771939750,,,,,0.068000,9.956000,10.980000
20001470,asteroid,187.046091469,-3.633359753,61583653.442006618,1.623807527012e-05,,,36.970000,1.625759991470e-03,-8.009694635610e-03,-4.014455086187e-03,15.766162729,,,,,0.051500,6.150000,11.140000
20005012,asteroid,165.685123592,10.386441531,36486001.832083002,2.740777146814e-05,,,36.960000,-2.356887599857e-03,-5.862237309147e-03,-2.925450170325e-03,12.055591246,,,,,0.082000,46.000000,10.620000
20000136,asteroid,153.361277324,5.383208584,83328371.046047792,1.200071461192e-05,,,36.893000,-4.573047991659e-03,-9.124922498898e-03,-2.347287647860e-03,18.133796170,,,,,0.201000,11.496900,9.760000
20004014,asteroid,138.443186690,15.205156937,58938583.473377071,1.696681428477e-05,,,36.830000,-6.506994444060e-03,-5.779727305996e-03,-2.644234854925e-03,15.749425269,,,,,0.020600,9.360000,12.440000
20001331,asteroid,274.282597915,-21.954839735,80124857.588794664,1.248052140238e-05,,,36.824000,1.144523248311e-02,1.856767030670e-03,1.732251979159e-04,20.078251306,,,,,0.121000,19.330000,10.650000
20016099,asteroid,176.243871028,15.742602537,37017461.083103403,2.701427841729e-05,,,36.774000,-1.335548966804e-03,-6.501804523252e-03,-2.274103558429e-03,12.148449527,,,,,0.075000,,10.790000
20000942,asteroid,270.656640974,-26.978831906,61440670.451544873,1.627586405960e-05,,,36.772000,8.841139249679e-03,2.033195662053e-03,-7.113876578903e-04,15.755848151,,,,,0.056000,6.965000,11.010000
20004196,asteroid,216.563827380,-13.215655449,51601364.059387773,1.937933266355e-05,,,36.714000,5.317656853188e-03,-6.129341166307e-03,-2.509541755577e-03,14.706592931,,,,,0.069000,20.000000,11.080000
20000458,asteroid,114.455667583,16.937823717,81797180.769015461,1.222536022145e-05,,,36.698000,-1.122457241089e-02,-2.943861248352e-03,1.084328126550e-03,20.179690239,,,,,0.191000,21.806000,9.760000
20005244,asteroid,174.195570874,-1.620327023,38731211.146607243,2.581897055103e-05,,,36.689000,-5.934399184731e-04,-6.949683034853e-03,-2.334155557433e-03,12.735161932,,,,,0.091000,9.766000,10.560000
20001214,asteroid,124.910875803,16.495528467,68366396.886211753,1.462706893365e-05,,,36.668000,-7.833042635489e-03,-3.824964567617e-03,-3.333056546125e-03,16.158878496,,,,,0.048000,9.860000,11.300000
20003655,asteroid,319.189433539,-17.299742980,58659101.593921855,1.704765284205e-05,,,36.657000,5.508811101176e-03,7.081792232897e-03,3.760115150494e-03,16.843902485,,,,,0.063000,75.668000,11.050000
20003139,asteroid,15.473252830,23.801093977,65995657.742619775,1.515251206223e-05,,,36.648000,-3.230704413961e-03,9.145761337893e-03,1.606111835939e-03,17.023135283,,,,,0.078000,8.330000,10.910000
20001102,asteroid,91.177294703,10.420415499,64562382.584041342,1.548889554530e-05,,,36.632000,-9.272473029449e-03,1.048232164178e-03,-1.353808515728e-03,16.326301614,,,,,0.229000,5.105400,9.350000
20003415,asteroid,162.248774825,6.046932910,46130562.782075882,2.167760243299e-05,,,36.582000,-3.923398612362e-03,-5.949230607200e-03,-2.629626627317e-03,13.152387942,,,,,0.063000,5.675000,11.020000
20000961,asteroid,217.406737275,-17.619007246,77249778.688353717,1.294502090465e-05,,,36.571000,7.564177692050e-03,-5.792370671929e-03,-4.578161299487e-03,18.301744725,,,,,0.036000,21.366000,11.560000
20003118,asteroid,175.785243089,-10.214420580,71432966.861267537,1.399913854820e-05,,,36.569000,5.511998599034e-04,-8.925031326557e-03,-5.246929935337e-03,17.951314889,,,,,0.056000,15.794000,11.210000
20003248,asteroid,92.838899466,34.159400103,60473370.782324739,1.653620406905e-05,,,36.553000,-8.964973488356e-03,5.288797407475e-04,7.817997491833e-04,15.608262219,,,,,0.050000,6.674900,11.020000
20001463,asteroid,24.300886250,16.844669303,80485936.720603451,1.242453080308e-05,,,36.547000,-6.250620240368e-03,8.790274902759e-03,4.541110048739e-03,20.263288017,,,,,0.031000,5.918000,10.720000
20001276,asteroid,284.332696505,-18.213801425,59551427.492605813,1.679220871950e-05,,,36.499000,7.926194614374e-03,3.009283326868e-03,-2.429935974158e-03,15.270716657,,,,,0.075000,4.907680,10.810000
20005567,asteroid,18.469415917,11.694704883,80446545.703103051,1.243061453118e-05,,,36.475000,-2.245038793920e-03,8.582456847695e-03,7.177710042352e-03,19.758212738,,,,,0.046000,7.001000,11.510000
20015527,asteroid,163.847467515,2.805097827,34282186.277396977,2.916966823260e-05,,,36.433000,-1.791471854600e-03,-6.198823888859e-03,-1.778300220439e-04,11.176471738,,,,,0.070000,6.990300,10.960000
20018060,asteroid,166.928557304,-0.429772704,38435211.187317848,2.601780942809e-05,,,36.431000,-1.746780240380e-03,-6.615371952424e-03,-2.393430014237e-03,12.550720741,,,,,0.053000,15.500000,11.150000
20030102,asteroid,176.749259349,22.951214575,37761231.325298682,2.648218728318e-05,,,36.422000,-1.967614295958e-03,-5.555857734071e-03,-4.171923722095e-03,12.502989816,,,,,0.070000,23.950000,10.860000
20001984,asteroid,15.719231795,5.696386037,71591970.521669134,1.396804687332e-05,,,36.413000,-2.226119583453e-03,9.582894900329e-03,3.219407807399e-03,17.923051456,,,,,0.048000,8.140410,11.290000
20001232,asteroid,218.455611822,-21.817321204,75234176.725170299,1.329183149904e-05,,,36.367000,7.664592716532e-03,-7.825803898138e-03,-1.630803474843e-03,19.175343771,,,,,0.072000,25.160000,10.290000
20001569,asteroid,248.557610306,-15.683952611,65286410.920741849,1.531712320982e-05,,,36.346000,9.185513975034e-03,-1.391478707135e-03,-2.657601490346e-03,16.730991857,,,,,0.047000,,11.180000
20001312,asteroid,305.875863413,-17.236318085,70283191.254185274,1.422815302144e-05,,,36.280000,6.658079012969e-03,7.826227522143e-03,-7.776214801170e-04,17.841950577,,,,,0.064300,7.932000,10.620000
20000556,asteroid,211.741187094,-18.099578687,81255272.030371368,1.230689375609e-05,,,36.279000,5.303862839963e-03,-8.545520515976e-03,-3.448135055735e-03,18.409426662,,,,,0.201000,4.293000,9.530000
20018054,asteroid,58.913571081,1.669292142,38673136.183508940,2.585774257497e-05,,,36.222000,-5.965869009267e-03,3.566307179637e-03,2.505592053900e-03,12.792657836,,,,,0.071000,,10.740000
20000946,asteroid,159.584349435,10.139072228,73556645.242891088,1.359496476080e-05,,,36.210000,-5.141069871283e-03,-8.705243876261e-03,-3.732676792833e-03,18.659992059,,,,,0.097000,108.500000,10.600000
20015663,asteroid,185.948342481,3.170262427,36579085.952221192,2.733802592296e-05,,,36.200000,-3.749804215440e-04,-3.840174025736e-03,-5.767384672509e-03,12.014647838,,,,,0.071000,,10.850000
20032615,asteroid,19.200793614,-10.857546116,41041121.269178681,2.436580602760e-05,,,36.180000,-1.606251024771e-03,6.939338422808e-03,3.081102298044e-03,13.437226379,,,,,0.065000,6.712000,11.080000
20013060,asteroid,157.207606194,-12.863754597,36463629.380194247,2.742458765071e-05,,,36.148000,-1.904257283003e-03,-5.423017994935e-03,-3.756268716769e-03,11.888550646,,,,,0.071000,,10.790000
20004003,asteroid,52.145654698,15.243858631,59118900.039158575,1.691506437599e-05,,,36.115000,-6.827967187398e-03,5.769631697045e-03,1.822206446472e-03,15.796184458,,,,,0.049000,5.750200,11.490000
20001259,asteroid,137.631696883,18.427830945,66722043.056352809,1.498755065332e-05,,,36.111000,-6.109193846584e-03,-7.112721004628e-03,-2.907632730241e-03,16.997172818,,,,,0.066000,17.334000,10.590000
20001692,asteroid,54.360648740,17.916004887,72762219.719395652,1.374339600766e-05,,,36.075000,-7.592672313103e-03,6.290737492433e-03,2.318574283382e-03,17.538028587,,,,,0.049000,9.245700,11.410000
20000597,asteroid,30.575172865,11.471006648,86292274.861150935,1.158852286151e-05,,,36.060000,-5.092244384393e-03,8.357659641909e-03,6.407396910716e-03,20.254060970,,,,,0.236100,7.663600,9.330000
20013385,asteroid,167.086265616,7.683755068,37821244.899796471,2.644016617246e-05,,,36.053000,-1.622183755414e-03,-6.935628740294e-03,-1.134872570435e-03,12.488397182,,,,,0.071000,,10.960000
20048438,asteroid,70.935632007,7.499850043,40999562.417675793,2.439050421594e-05,,,36.052000,-6.095357113455e-03,1.646257905263e-03,4.519533733644e-03,13.444149524,,,,,0.086000,17.672000,10.870000
20003141,asteroid,211.834525185,-24.212220454,60382093.881921813,1.656120110633e-05,,,36.050000,5.281875985411e-03,-6.802928686739e-03,-3.484933596043e-03,16.086977939,,,,,0.085800,11.410000,10.900000
20002032,asteroid,88.131504484,24.708744481,63859727.597673088,1.565932141615e-05,,,36.007000,-9.224069246175e-03,1.170952144843e-03,6.734009689647e-04,16.141417675,,,,,0.034000,,11.490000
20000400,asteroid,26.849997983,21.358089637,59237712.256397620,1.688113807758e-05,,,36.001000,-4.899954045161e-03,6.300678733899e-03,3.403362143802e-03,15.023915529,,,,,0.112000,6.867800,10.740000
20052872,asteroid,26.616857667,1.874110076,22544704.788527869,4.435631379431e-05,,,36.000000,-3.737558843739e-03,3.858079928529e-03,6.559489402852e-04,9.369788848,,,,,0.058000,9.720000,10.920000
20039264,asteroid,177.258471791,-7.914185158,37855921.304756135,2.641594671411e-05,,,35.944000,-6.522128963504e-04,-7.135951858072e-03,-9.912161574058e-04,12.525232387,,,,,0.072000,,10.810000
20001655,asteroid,306.749431533,-21.371983171,66438250.580777429,1.505157031166e-05,,,35.943000,6.305940324026e-03,6.546095457911e-03,1.323241484351e-03,15.903713067,,,,,0.045000,20.456000,11.100000
20003202,asteroid,65.356608779,14.088224570,57437290.352933712,1.741029205687e-05,,,35.910000,-8.885795187472e-03,3.243840063458e-03,2.056106979464e-05,16.378545444,,,,,0.055000,17.320000,11.090000
20003089,asteroid,34.022103549,-1.319078023,66534720.609498307,1.502974673733e-05,,,35.887000,-3.101629425228e-03,7.764554335050e-03,4.471313650600e-03,16.417010025,,,,,0.050000,14.328000,11.520000
20000670,asteroid,339.670765292,-6.352659407,88901420.968711510,1.124841413223e-05,,,35.886000,3.457174671674e-03,1.129187504775e-02,3.179297277895e-03,21.175259114,,,,,0.165000,10.045000,9.470000
20003132,asteroid,151.230663496,14.539022771,61129824.400638111,1.635862706633e-05,,,35.886000,-5.534364894791e-03,-6.748309385804e-03,-2.257231785524e-03,15.608482662,,,,,0.034000,392.118000,11.830000
20002104,asteroid,348.452775025,14.600188253,57743833.923087426,1.731786637742e-05,,,35.874000,1.029198326245e-03,7.964476696397e-03,2.883364246504e-03,14.773896063,,,,,0.104000,8.970000,10.020000
20004959,asteroid,37.120127250,5.175507193,66021888.439871445,1.514649192306e-05,,,35.842000,-5.884347893490e-03,7.168593053697e-03,3.059916435034e-03,16.909638755,,,,,0.079000,4.730000,11.140000
20001201,asteroid,109.260131571,15.219965656,76111122.827611476,1.313868410883e-05,,,35.825000,-9.999931267105e-03,-2.661316251666e-03,-1.311405869392e-03,18.060432354,,,,,0.037000,14.775000,11.560000
20000178,asteroid,180.922828937,1.194239867,84294995.838248581,1.186310041368e-05,,,35.810000,5.296303389003e-04,-1.000593150879e-02,-4.602000572411e-03,19.091428356,,,,,0.243800,12.323000,9.500000
20017314,asteroid,29.639477741,19.600393784,42349199.249900557,2.361319736175e-05,,,35.761000,-4.914778917622e-03,5.290774939876e-03,3.463110582182e-03,13.866849220,,,,,0.072000,9.670000,10.960000
20000606,asteroid,227.633612258,-26.666719003,68822272.061100051,1.453017998465e-05,,,35.758000,7.985205009404e-03,-4.143418530137e-03,-1.463232068001e-03,15.781206995,,,,,0.096000,12.295000,10.350000
20000188,asteroid,321.946686355,-2.730396259,90556565.172586754,1.104282166725e-05,,,35.752000,7.641022297822e-03,8.742716937421e-03,4.228204154684e-03,21.395793066,,,,,0.242000,11.980000,9.290000
20000979,asteroid,122.095397583,10.364122718,59903955.597932182,1.669338844186e-05,,,35.741000,-7.910539861388e-03,-3.330247186995e-03,-2.142869683448e-03,15.317187627,,,,,0.166000,42.610000,9.830000
20002320,asteroid,112.484427340,20.390893054,66140824.205969095,1.511925519534e-05,,,35.739000,-9.393219676785e-03,-2.716809594487e-03,8.839942824939e-04,16.999615360,,,,,0.096000,5.986890,10.600000
20000794,asteroid,356.439769343,-3.086547100,81461883.772680998,1.227567978652e-05,,,35.703000,3.556816320903e-03,1.071553645600e-02,3.432093825201e-03,20.432139425,,,,,0.046000,9.140000,11.390000
20002774,asteroid,238.856465371,-26.877690136,57705521.008870423,1.732936437479e-05,,,35.697000,7.709668990770e-03,-3.606368675819e-03,-5.935079806336e-04,14.773004711,,,,,0.033000,11.200000,11.410000
20002184,asteroid,315.024168227,-12.470462877,67994997.248387322,1.470696434249e-05,,,35.690000,6.664137360454e-03,6.786195953939e-03,3.407479523712e-03,17.493207478,,,,,0.035000,7.457950,11.660000
20002483,asteroid,122.474396324,16.611593967,67153777.948633850,1.489119496397e-05,,,35.688000,-1.009227022126e-02,-3.402001951433e-03,-2.192129526860e-03,18.826993137,,,,,0.067000,14.733000,10.940000
20001639,asteroid,9.090813874,10.819093052,88380559.197066292,1.131470550860e-05,,,35.676000,-3.986994562437e-03,9.732256568400e-03,5.287305925138e-03,20.381868810,,,,,0.031000,22.165000,11.170000
20004930,asteroid,25.895131394,-5.695381492,65779299.419023551,1.520235102581e-05,,,35.676000,-4.169640279758e-03,8.143366916891e-03,3.194326877699e-03,16.778526917,,,,,0.054000,5.243000,11.490000
20003990,asteroid,297.900523927,-11.626078476,54787062.602019124,1.825248430025e-05,,,35.675000,6.830523944432e-03,5.712245755754e-03,1.695315445603e-03,15.694288419,,,,,0.067000,45.830000,11.010000
20001069,asteroid,63.510700465,7.649613318,64239951.906716742,1.556663680963e-05,,,35.657000,-8.782910812920e-03,2.946534277724e-03,1.963111501680e-03,16.396392831,,,,,0.219000,8.665000,9.590000
20001877,asteroid,182.950980973,-5.462839100,50196209.727136374,1.992182289133e-05,,,35.642000,2.480276870745e-03,-6.064599634868e-03,-5.114071027793e-03,14.391402669,,,,,0.073000,14.412000,10.910000
20000408,asteroid,90.186284117,27.582282409,73674584.492106393,1.357320176142e-05,,,35.620000,-1.070816775859e-02,1.558748500726e-03,-9.017175918892e-04,18.801073972,,,,,0.221000,202.100000,9.370000
20032501,asteroid,48.487181195,14.278627801,37028054.687681854,2.700654972114e-05,,,35.619000,-4.383435007046e-03,2.256056068310e-03,5.023918004484e-03,12.187296976,,,,,0.067000,,11.020000
20000672,asteroid,225.996935505,-28.034855382,87717333.870439351,1.140025529591e-05,,,35.584000,9.924325026775e-03,-5.342052171194e-03,-2.972163123280e-03,20.181947512,,,,,0.033000,22.572000,11.570000
20001409,asteroid,238.410308508,-14.219309374,73809140.138620436,1.354845752331e-05,,,35.540000,8.843299729373e-03,-4.579652266123e-03,-1.424439038097e-03,17.418678797,,,,,0.080500,11.639000,11.090000
20015161,asteroid,51.288530127,17.724400724,68512718.452912897,1.459583012587e-05,,,35.539000,-6.522732235001e-03,7.872976193286e-03,-3.790113210442e-05,17.702503647,,,,,0.048000,6.663000,11.740000
20001963,asteroid,316.082416237,-27.804914935,72894766.453656122,1.371840597961e-05,,,35.536000,5.308936888667e-03,7.666577388039e-03,-2.819964293367e-04,16.153735265,,,,,0.049000,18.160000,11.040000
20001502,asteroid,191.646450952,-5.872410891,77673578.370504707,1.287439076426e-05,,,35.518000,1.522493423527e-03,-9.987929277537e-03,-3.530057062964e-03,18.530473034,,,,,0.034000,45.800000,11.490000
20015398,asteroid,172.678670895,-5.131850011,41161732.501278341,2.429440986161e-05,,,35.516000,-1.128690121372e-03,-7.676685633207e-03,5.382849701810e-04,13.467038693,,,,,0.067000,,10.900000
20001985,asteroid,340.370294290,3.388721722,57441132.145276852,1.740912761731e-05,,,35.510000,2.351426348458e-03,6.351454731877e-03,4.908161300617e-03,14.482291516,,,,,0.039000,17.480000,10.840000
20000376,asteroid,66.631211622,26.092050761,77112981.313670635,1.296798519477e-05,,,35.465000,-8.803908488216e-03,3.660071963220e-03,1.019096372919e-03,16.602449169,,,,,0.321000,7.740000,9.570000
20001408,asteroid,166.292561732,0.743462054,62041676.863513835,1.611819748521e-05,,,35.423000,-2.696922986499e-03,-8.325178152183e-03,-2.481582543956e-03,15.749618894,,,,,0.051000,,11.270000
20001427,asteroid,86.480694519,24.775958873,68593243.326570943,1.457869538606e-05,,,35.406000,-9.046454646852e-03,1.465372445240e-03,2.305492161512e-03,16.362125310,,,,,0.034000,4.797000,11.440000
20016667,asteroid,59.069106141,9.803319660,42602920.744465739,2.347256907568e-05,,,35.390000,-5.685256558947e-03,4.483132993965e-03,3.582340610897e-03,13.986676587,,,,,0.062000,,10.770000
20005123,asteroid,173.224074168,12.221315082,42190348.772275500,2.370210318472e-05,,,35.387000,-2.167318336815e-03,-7.116149921308e-03,-2.997062684185e-03,13.886158959,,,,,0.129000,9.883000,10.090000
20024244,asteroid,176.603733839,-29.968044853,39628413.478911810,2.523441925153e-05,,,35.342000,1.350797438535e-03,-6.423944516308e-03,-3.707079953672e-03,13.053181814,,,,,0.074000,,10.970000
20000560,asteroid,317.379074782,-20.602161130,65700257.442482673,1.522064051081e-05,,,35.334000,5.931131945056e-03,6.569000713268e-03,1.638797969171e-03,15.584626993,,,,,0.062000,29.913000,10.940000
20001006,asteroid,156.855538164,1.532081656,55381502.550655641,1.805657040607e-05,,,35.310000,-5.008585923938e-03,-5.080626827703e-03,-3.697652882285e-03,13.913345345,,,,,0.046000,19.497000,11.440000
20001889,asteroid,3.509233666,-10.473763604,61645131.025703065,1.622188132884e-05,,,35.243000,-3.434381120213e-04,7.668381999479e-03,4.697685154618e-03,15.582176328,,,,,0.057000,17.490000,11.310000
20000215,asteroid,95.606216347,24.921736086,73737740.156082600,1.356157644489e-05,,,35.210000,-1.021436953259e-02,-5.768179328050e-04,-1.296866960357e-04,17.715340572,,,,,0.243000,27.937000,9.580000
20001203,asteroid,141.628108771,8.795575400,73229069.300173685,1.365577918109e-05,,,35.180000,-8.314454948128e-03,-5.621544903592e-03,-2.597900991130e-03,17.950541521,,,,,0.047300,18.540000,11.660000
20001091,asteroid,316.575568972,-17.556376549,57340017.661577091,1.743982720588e-05,,,35.178000,6.066785607921e-03,5.924260242036e-03,2.459597956157e-03,15.287143031,,,,,0.091000,7.010000,10.970000
20021595,asteroid,184.036981668,14.205143174,36278439.688056305,2.756458129398e-05,,,35.178000,-2.945017335115e-04,-6.869492283983e-03,-2.512661828512e-04,11.913101282,,,,,0.082000,,10.780000
20001461,asteroid,89.812017122,19.440625305,69452923.003416553,1.439824210064e-05,,,35.145000,-9.889214086613e-03,-7.544852524869e-04,2.506907928186e-03,17.712591078,,,,,0.172000,8.278800,10.130000
20005476,asteroid,59.090594816,11.157729132,38806858.487654231,2.576864087873e-05,,,35.096000,-6.049454365467e-03,4.109544525009e-03,2.921882747998e-04,12.672753462,,,,,0.099000,5.780000,10.690000
20000629,asteroid,310.022156219,-24.502784331,56747370.973191731,1.762196173762e-05,,,35.087000,6.546115713447e-03,4.939647963028e-03,1.040089695311e-03,14.312932657,,,,,0.140000,3.763000,10.070000
20002891,asteroid,57.220964242,12.014061025,68239907.344614163,1.465418167920e-05,,,35.066000,-8.082981419551e-03,5.613178363364e-03,3.262971470493e-03,17.951236695,,,,,0.061000,240.394000,11.120000
20001302,asteroid,185.280282675,0.534125678,66013620.092629746,1.514838905360e-05,,,35.041000,-9.172069549537e-04,-8.888537221672e-03,-3.807467916804e-03,16.817801179,,,,,0.076000,8.183000,10.960000
20002137,asteroid,252.198134313,-33.068409706,62211864.739175186,1.607410425957e-05,,,34.957000,8.805840015596e-03,-2.825182611933e-03,-4.145047789184e-04,16.028492500,,,,,0.048000,7.850000,11.250000
20041340,asteroid,171.135464653,-3.305618375,41240827.309703015,2.424781618687e-05,,,34.950000,-1.639277821538e-03,-7.537056889652e-03,1.233902216527e-03,13.524991444,,,,,0.058000,,11.220000
20000930,asteroid,154.219878126,13.476811802,74877142.539480388,1.335521049662e-05,,,34.922000,-4.112132316941e-03,-6.655584570789e-03,-5.649561887919e-03,16.708691940,,,,,0.032000,100.660000,11.350000
20003222,asteroid,232.965808847,-2.837469121,70302574.908610627,1.422423006981e-05,,,34.919000,8.381913425936e-03,-5.591059120137e-03,-2.081961247418e-03,17.813903930,,,,,0.039000,12.576000,11.540000
20060383,asteroid,160.048551387,-7.820380064,36705652.532139458,2.724376032069e-05,,,34.916000,-1.698362256020e-03,-6.352230424946e-03,-2.469949330977e-03,12.161671403,,,,,0.063000,,11.160000
20003571,asteroid,56.735814527,21.285778763,48090085.722216509,2.079430687182e-05,,,34.898000,-6.463079446583e-03,4.507309068687e-03,8.057092231309e-04,13.714231012,,,,,0.063000,421.100000,11.200000
20000917,asteroid,1.737867386,2.600041770,107245771.016723096,9.324376994260e-06,,,34.878000,1.110931600585e-04,1.191822464557e-02,6.434017475117e-03,23.451686510,,,,,0.056000,7.867000,11.720000
20003330,asteroid,87.357862881,33.455888581,59082477.816031821,1.692549190496e-05,,,34.877000,-8.510885638280e-03,1.374019565534e-03,1.218484024906e-03,15.075392824,,,,,0.036000,28.900000,11.500000
20035673,asteroid,175.749694551,10.293759230,39519888.307008028,2.530371523906e-05,,,34.836000,-1.388112254570e-03,-6.363613849550e-03,-3.586139186076e-03,12.873801470,,,,,0.040000,31.000000,11.640000
20000249,asteroid,118.072857799,27.233721090,88451249.453660056,1.130566279365e-05,,,34.830000,-1.108482031134e-02,-1.627651538516e-03,-1.962437081189e-03,19.694029556,,,,,0.042800,84.940000,11.420000
20005368,asteroid,81.696027738,17.097087879,54732444.778200179,1.827069856010e-05,,,34.807000,-9.058780364872e-03,5.503902920120e-04,5.384925377375e-04,15.741447763,,,,,0.058000,59.360000,11.130000
20000435,asteroid,87.447311538,25.058469307,86017288.913972259,1.162556984329e-05,,,34.792000,-1.101546075302e-02,1.903375679816e-03,1.043301130151e-03,19.439541125,,,,,0.118000,4.623000,10.470000
20001760,asteroid,26.277411546,14.420490478,58160330.277768463,1.719385009033e-05,,,34.765000,-4.209132609785e-03,7.187005270644e-03,1.854434626351e-03,14.774184437,,,,,0.054000,6.566800,11.190000
20004224,asteroid,117.119360161,8.860863986,72228215.372675285,1.384500495880e-05,,,34.730000,-9.858922005572e-03,-2.632261667571e-03,-1.314477374690e-03,17.814242023,,,,,0.044000,6.200380,11.530000
20001702,asteroid,311.411710438,-22.252394327,82020634.669943854,1.219205391453e-05,,,34.645000,8.306612053244e-03,7.785951629030e-03,1.478580163805e-03,19.878379744,,,,,0.065000,21.153000,11.040000
20003346,asteroid,37.512920437,30.462783489,67770824.785248980,1.475561206712e-05,,,34.628000,-7.236765381017e-03,4.879186791703e-03,5.032422797182e-03,17.444160489,,,,,0.080000,26.235300,11.100000
20001013,asteroid,207.754957439,-12.058645147,82171052.118816748,1.216973586457e-05,,,34.613000,3.481875719045e-03,-8.634515287161e-03,-6.231834418947e-03,19.398041361,,,,,0.132000,6.053000,10.190000
20000731,asteroid,197.127727934,-1.490544808,63069300.795405336,1.585557454084e-05,,,34.597000,3.297078274658e-03,-6.988270903620e-03,-4.701568153894e-03,15.660967122,,,,,0.209000,8.184000,9.700000
20024313,asteroid,171.879596268,18.597269750,37219915.516569793,2.686733664279e-05,,,34.591000,-2.564317512761e-03,-5.448344037579e-03,-3.782339215997e-03,12.312382993,,,,,0.077000,,10.780000
20003419,asteroid,147.588931837,31.406772239,60597797.767164618,1.650224986463e-05,,,34.589000,-5.591252917055e-03,-6.645166446862e-03,-2.528511326605e-03,15.661188922,,,,,0.070000,14.430000,11.110000
20001129,asteroid,116.551768714,17.314272323,71063120.065590262,1.407199682588e-05,,,34.576000,-9.493805666495e-03,-2.848769550019e-03,-2.794585410189e-03,17.831277039,,,,,0.138000,5.084400,10.280000
20000860,asteroid,207.599839499,-25.542424244,71203868.762844890,1.404418070780e-05,,,34.561000,6.472837419988e-03,-6.923305324092e-03,-2.933986381915e-03,17.178814334,,,,,0.116000,9.386000,10.040000
20000923,asteroid,77.275215528,10.314376651,94396073.649009436,1.059366095796e-05,,,34.553000,-1.186872058258e-02,4.098985329111e-03,-2.091428628588e-04,21.744226835,,,,,0.037000,30.610000,11.540000
20002140,asteroid,225.960152592,-22.429273131,65582119.653808273,1.524805854521e-05,,,34.539000,7.262492211233e-03,-5.811025537044e-03,-1.614391655160e-03,16.345362593,,,,,0.063000,9.200000,11.450000
20003794,asteroid,176.351610754,0.040887297,34996191.143378511,2.857453818054e-05,,,34.531000,-8.053493743803e-04,-5.710862173444e-03,-3.225329280426e-03,11.441416907,,,,,0.112000,12.877000,10.530000
20017172,asteroid,65.833823818,-6.857573538,40435181.676357865,2.473093871579e-05,,,34.482000,-6.348433271490e-03,3.625710773688e-03,2.437586117631e-03,13.343479690,,,,,0.078000,47.020000,10.840000
20000873,asteroid,66.667241946,16.410253287,68648270.700272158,1.456700933322e-05,,,34.471000,-8.353495235831e-03,3.469227891329e-03,1.592229898327e-03,15.902243004,,,,,0.040000,11.006000,11.510000
20001930,asteroid,154.217978498,6.564465520,63917464.665543556,1.564517624772e-05,,,34.437000,-3.010781385225e-03,-6.749071293431e-03,-5.155810988394e-03,15.602064731,,,,,0.067000,13.056000,11.120000
20000384,asteroid,314.801591279,-22.880279580,71672977.006651774,1.395225985809e-05,,,34.435000,6.546741789711e-03,6.569447223126e-03,2.846347907815e-03,16.797733771,,,,,0.192000,404.900000,9.380000
20000872,asteroid,259.795656931,-16.365406947,80387896.301624089,1.243968365894e-05,,,34.431000,1.077576236438e-02,-2.462069209792e-03,-3.546408345766e-04,19.148426060,,,,,0.165000,5.945000,10.120000
20005661,asteroid,46.496684057,31.247247338,54358290.714052349,1.839645777790e-05,,,34.370000,-5.728513113972e-03,6.264699940485e-03,3.020710228680e-03,15.601090816,,,,,0.136400,6.803000,11.090000
20030506,asteroid,49.466223727,38.276097094,42039439.272458695,2.378718692033e-05,,,34.356000,-6.476636770157e-03,3.764469365938e-03,2.605847106880e-03,13.733028110,,,,,0.060000,7.987670,11.060000
20004768,asteroid,173.812056491,-11.305816159,53020372.196073346,1.886067484215e-05,,,34.349000,8.799260474808e-04,-6.026703456311e-03,-4.656393510055e-03,13.274462570,,,,,0.039000,22.080000,11.560000
20002068,asteroid,78.163369179,19.124405310,82092734.348221466,1.218134598560e-05,,,34.322000,-1.076847803858e-02,1.493370063035e-03,3.255271074158e-03,19.649331946,,,,,0.032000,,11.450000
20001022,asteroid,110.463099359,21.009942974,67638464.864059150,1.478448693373e-05,,,34.297000,-7.786976572791e-03,-5.101272011959e-03,1.464593031721e-03,16.316627944,,,,,0.125000,3.822000,10.400000
20001186,asteroid,93.896677411,31.712983392,66131624.012879625,1.512135857733e-05,,,34.290000,-9.502904226102e-03,-3.202585585077e-04,1.228452881843e-03,16.600043942,,,,,0.240000,12.085000,9.970000
20003801,asteroid,153.850504376,-13.013280389,38663047.355214335,2.586448995633e-05,,,34.285000,-3.297847566398e-03,-6.640444760494e-03,-5.805839619629e-04,12.876776271,,,,,0.066000,20.270000,11.090000
20001958,asteroid,20.657927200,16.086084733,69814715.583339572,1.432362778598e-05,,,34.278000,-2.961500152629e-03,8.247021099924e-03,5.314728375999e-03,17.744702399,,,,,0.082000,7.070000,11.410000
20000462,asteroid,266.243391971,-22.371361107,72547604.475211054,1.378405265389e-05,,,34.274000,1.023793048761e-02,4.537841748027e-04,-4.075977972214e-04,17.757968254,,,,,0.259000,8.659000,9.320000
20000413,asteroid,184.575964233,17.681750375,59499241.603299901,1.680693691303e-05,,,34.242000,-1.049157569077e-04,-7.101720360976e-03,-2.389047736931e-03,12.974723361,,,,,0.129000,15.773000,10.050000
20002264,asteroid,202.203485283,-9.404186083,63284269.156042092,1.580171523407e-05,,,34.192000,5.212819195289e-03,-7.094198339859e-03,-3.049793962655e-03,16.131601285,,,,,0.071000,43.410000,10.910000
20011351,asteroid,182.181521079,-12.306378228,37264787.996714450,2.683498427760e-05,,,34.155000,4.008730903289e-04,-6.754295687745e-03,-2.329624266095e-03,12.390307870,,,,,0.079000,445.924000,10.880000
20020720,asteroid,177.960721386,19.566554005,41242915.368486546,2.424658856110e-05,,,34.120000,-2.093607719101e-03,-7.348124744014e-03,-1.951032570099e-03,13.653792448,,,,,0.060000,,11.140000
20001872,asteroid,46.292672110,8.021394890,38463852.048192605,2.599843610949e-05,,,34.046000,-5.139533233204e-03,5.283976719786e-03,6.319817545839e-04,12.809810188,,,,,0.067000,,10.780000
20022054,asteroid,170.546233693,-17.661482008,41740164.696468420,2.395773968004e-05,,,34.000000,-3.088230650457e-05,-6.875167421453e-03,-3.956266795395e-03,13.734385349,,,,,0.051000,,11.370000
20002239,asteroid,117.637330533,32.108874473,65297138.047531702,1.531460688632e-05,,,33.978000,-9.293031280945e-03,-2.700299927309e-03,-1.079780094317e-03,16.859978166,,,,,0.062000,6.101000,10.990000
20013184,asteroid,179.380041605,-3.310237348,38278970.238388687,2.612400474131e-05,,,33.962000,2.727206464454e-04,-6.812029470962e-03,-2.514788428054e-03,12.581662159,,,,,0.067000,11.934000,11.130000
20029976,asteroid,43.104349156,47.895647429,40345781.601075567,2.478573868980e-05,,,33.952000,-6.178128006598e-03,4.273651826404e-03,1.423088762540e-03,13.238405472,,,,,0.080000,13.512000,11.030000
20001936,asteroid,40.287809933,22.658615718,73925338.032724395,1.352716168247e-05,,,33.905000,-7.804554228785e-03,6.273497914545e-03,1.082605538971e-03,17.438777144,,,,,0.031000,19.651000,11.800000
20002040,asteroid,327.973915917,-28.181713034,55851322.224136010,1.790467906896e-05,,,33.901000,4.944012244085e-03,5.638992820938e-03,2.990406078869e-03,13.979198075,,,,,0.031000,10.367000,11.630000
20001039,asteroid,68.679030913,19.805114221,75117325.017425746,1.331250813002e-05,,,33.853000,-9.799566898171e-03,2.966130551240e-03,5.306403119224e-04,17.751530250,,,,,0.053000,34.200000,11.650000
20001690,asteroid,249.594815264,-17.477555243,63934290.288450606,1.564105889795e-05,,,33.810000,8.803924434911e-03,-2.803740186532e-03,8.555122009816e-04,16.066384348,,,,,0.056000,19.026000,11.060000
20001481,asteroid,86.895276620,26.909397085,66395439.721303374,1.506127535562e-05,,,33.770000,-9.588851304280e-03,6.923290037538e-04,2.781299104800e-04,16.652865711,,,,,0.104000,225.600000,10.460000
20001101,asteroid,250.776929288,-5.794735534,67160106.100930274,1.488979184305e-05,,,33.765000,9.583777779976e-03,-2.818071768516e-03,1.147891134386e-03,17.410225032,,,,,0.127000,34.300000,10.580000
20004140,asteroid,171.714128999,9.204568388,61128455.041707739,1.635899352139e-05,,,33.748000,-1.563244307895e-03,-8.218960847566e-03,-2.614819787340e-03,15.176921194,,,,,0.053000,7.203700,11.460000
20023075,asteroid,183.905549783,13.468028871,38125618.174880803,2.622908290727e-05,,,33.744000,-1.282913789011e-03,-6.806269845528e-03,-2.112952470880e-03,12.537917030,,,,,0.074000,,11.020000
20000720,asteroid,120.197249119,22.916941957,72613265.498704404,1.377158833351e-05,,,33.730000,-9.088882820186e-03,-4.454761092730e-03,-1.870641830926e-03,17.822401570,,,,,0.202900,8.919000,9.690000
20002634,asteroid,73.396830115,16.998929788,62410312.396929249,1.602299302141e-05,,,33.726000,-9.330151603340e-03,2.036828320403e-03,1.508204472800e-03,16.740159462,,,,,0.107000,16.284000,10.610000
20000310,asteroid,356.762588394,1.302770264,67235583.052230820,1.487307694236e-05,,,33.708000,7.515857664486e-04,8.582204317244e-03,3.389849136619e-03,16.029792354,,,,,0.115000,12.070000,10.190000
20001003,asteroid,143.530529543,14.510103528,74999087.239764407,1.333349560379e-05,,,33.678000,-7.743152055692e-03,-7.299549987404e-03,-2.780445790286e-03,19.043720069,,,,,0.130000,8.255000,10.770000
20001255,asteroid,199.589748187,-13.506309827,56210972.555965476,1.779012094132e-05,,,33.669000,3.465915090137e-03,-7.156097956835e-03,-1.975346598245e-03,14.185725540,,,,,0.130000,29.536000,10.350000
20018137,asteroid,21.687994740,11.209923676,41020637.270971216,2.437797329657e-05,,,33.664000,-3.190059208984e-03,6.780408565489e-03,1.850138931546e-03,13.364046566,,,,,0.068000,16.200000,11.100000
20001210,asteroid,300.231960722,-22.783288864,72620588.480346888,1.377019962143e-05,,,33.663000,9.205919727798e-03,5.032639154912e-03,-1.860487330961e-05,18.166007562,,,,,0.132000,15.261600,9.980000
20001691,asteroid,123.653587307,18.955600492,70555423.813393638,1.417325481092e-05,,,33.644000,-9.656114111140e-03,-3.665662074823e-03,-1.488511360899e-03,18.068088860,,,,,0.065000,10.270500,10.960000
20003812,asteroid,39.063702017,-4.102473365,61681795.678061225,1.621223878143e-05,,,33.611000,-5.977150387229e-03,6.173367622729e-03,3.135503885668e-03,15.837689651,,,,,0.049000,8.014000,11.680000
20002249,asteroid,110.063233915,19.561008775,60331397.954634532,1.657511733363e-05,,,33.606000,-8.386764343031e-03,-3.119100105308e-03,-7.896328567489e-04,15.553275136,,,,,0.062000,31.590000,11.250000
20003339,asteroid,29.271330977,-4.506152821,58303466.350805007,1.715163887483e-05,,,33.541000,-2.818040314131e-03,6.938937090455e-03,4.251888742047e-03,14.911528744,,,,,0.049000,18.297000,11.570000
20000919,asteroid,128.927889975,10.366012890,73546836.321760044,1.359677791748e-05,,,33.500000,-8.460838333548e-03,-5.079172734247e-03,-2.634731205990e-03,17.685082628,,,,,0.047000,5.032500,11.640000
20003150,asteroid,1.758847161,6.935111318,63487812.283679806,1.575105463599e-05,,,33.479000,7.785154332459e-05,6.671534805610e-03,6.725396426287e-03,16.402882538,,,,,0.033000,,11.250000
20018493,asteroid,34.956338758,13.424757384,39328230.795506150,2.542702734836e-05,,,33.474000,-3.793165865916e-03,6.498781585687e-03,3.909686118084e-04,13.046400978,,,,,0.083000,14.430000,10.840000
20000938,asteroid,229.492707524,-15.686286633,62876642.684268832,1.590415704957e-05,,,33.466000,8.220345841478e-03,-3.891964061365e-03,-1.945409867468e-03,16.104046275,,,,,0.046000,19.204000,11.300000
20001723,asteroid,221.293146753,-5.143382685,69677683.249634564,1.435179749616e-05,,,33.449000,6.372870265550e-03,-7.414876238479e-03,-2.481751189878e-03,17.465667282,,,,,0.156000,6.254500,10.120000
20009712,asteroid,177.066381214,1.304514736,40604435.530344144,2.462785129109e-05,,,33.423000,-1.386135120109e-03,-7.355609218006e-03,-1.956148412535e-03,13.395353366,,,,,0.083000,19.410000,10.990000
20000633,asteroid,126.718737718,14.965778930,63871720.403961830,1.565638116017e-05,,,33.387000,-7.748954347036e-03,-5.008327668460e-03,-4.428064450832e-04,15.993799336,,,,,0.203000,11.730000,9.960000
20000642,asteroid,312.669370291,-24.805053752,57343952.762858167,1.743863043651e-05,,,33.360000,6.651120581472e-03,4.507207396824e-03,2.668589035238e-03,14.658568284,,,,,0.161700,8.230800,10.100000
20003368,asteroid,173.578131057,7.556505284,55761779.478183635,1.793343055688e-05,,,33.331000,-1.474451019705e-03,-6.205804334669e-03,-5.644407346748e-03,14.747433700,,,,,0.087000,,11.110000
20001233,asteroid,40.568119600,21.147416722,77508578.283965513,1.290179773826e-05,,,33.323000,-6.946276066545e-03,7.142420526426e-03,2.702355518295e-03,17.874107228,,,,,0.047000,27.830000,11.510000
20001360,asteroid,3.264398369,17.524017212,75102591.744383276,1.331511971522e-05,,,33.316000,-3.786330304776e-04,7.383383563087e-03,6.962344665001e-03,17.583620554,,,,,0.030000,8.870000,11.470000
20034642,asteroid,45.024765813,18.010591586,39605154.517158397,2.524923869611e-05,,,33.306000,-4.764875382007e-03,3.824431159186e-03,4.415288259011e-03,13.052139392,,,,,0.100000,7.374000,10.830000
20013366,asteroid,175.793467655,8.853677894,40734220.906514756,2.454938323959e-05,,,33.302000,-1.733480487596e-03,-7.048611530585e-03,-2.732801244075e-03,13.429240143,,,,,0.058000,400.000000,11.320000
20015033,asteroid,186.420289365,-14.824098342,36383120.194362395,2.748527324369e-05,,,33.292000,7.650186397349e-05,-6.428301322119e-03,-2.448511800899e-03,11.911129466,,,,,0.101000,,10.690000
20005262,asteroid,319.271006098,-27.250412245,61347057.579185188,1.630070030187e-05,,,33.250000,6.947945240931e-03,5.626825479900e-03,2.467575531992e-04,15.486233321,,,,,0.069800,16.428000,11.370000
20000916,asteroid,140.896899964,17.748516097,79529501.854825899,1.257395025340e-05,,,33.230000,-8.237320672801e-03,-4.489714960662e-03,-3.880574574547e-03,17.578325187,,,,,0.053000,37.294000,11.540000
20000982,asteroid,0.555778546,13.997423394,74816290.051518783,1.336607307461e-05,,,33.227000,8.719594498216e-04,9.275949446966e-03,5.607123846608e-03,18.827822891,,,,,0.184000,263.500000,10.050000
20039369,asteroid,166.533281064,9.546176002,39935400.423357464,2.504044004565e-05,,,33.218000,-1.709484154667e-03,-5.490587848966e-03,-4.927008260998e-03,13.111633546,,,,,0.058000,,11.180000
20010889,asteroid,26.508156665,5.403377160,52087580.298044190,1.919843452658e-05,,,33.200000,-3.324989272722e-03,7.283107116417e-03,3.162397437051e-03,14.904611413,,,,,0.040300,5.480000,11.810000
20025895,asteroid,168.967955494,28.264651301,40330545.015467688,2.479510256101e-05,,,33.195000,-2.299194811246e-03,-6.679865041045e-03,-3.013740928935e-03,13.298392002,,,,,0.064000,14.230000,11.220000
20024486,asteroid,161.862347499,3.456060228,37078498.058181599,2.696980871315e-05,,,33.157000,-2.108725280426e-03,-6.446305165493e-03,-1.815187201600e-03,12.156809520,,,,,0.064000,,11.190000
20002379,asteroid,247.167601660,-21.308565454,74143832.618322447,1.348729846686e-05,,,33.157000,1.084732485132e-02,-1.175702114262e-03,-5.462561056399e-04,18.915334082,,,,,0.070000,3.760000,11.050000
20017419,asteroid,62.087706812,26.532347740,41295694.058484718,2.421559978103e-05,,,33.138000,-6.815100508453e-03,2.266207428631e-03,3.226025722481e-03,13.632243940,,,,,0.053000,19.233000,11.370000
20000170,asteroid,302.320029875,-20.412622123,76375562.610769987,1.309319323900e-05,,,33.136000,8.411616784128e-03,3.692627706665e-03,4.348855945310e-03,17.598224770,,,,,0.282000,13.120000,9.320000
20029977,asteroid,48.142728850,-7.041130902,38459800.166295990,2.600117514070e-05,,,33.098000,-4.628531633300e-03,5.307787359099e-03,2.008076810031e-03,12.679689559,,,,,0.070000,,11.170000
20076857,asteroid,47.585747144,12.169263503,39637041.104562499,2.522892658314e-05,,,33.098000,-4.587693532182e-03,3.793828831357e-03,4.692373198645e-03,13.124675286,,,,,0.085000,37.690000,11.010000
20037519,asteroid,41.762847189,24.058599171,39669822.633040480,2.520807842400e-05,,,33.076000,-5.246865939799e-03,2.862666867891e-03,4.614405326830e-03,13.074184635,,,,,0.077000,50.930000,11.100000
20024470,asteroid,67.661240004,26.581254226,39034618.491075061,2.561828547725e-05,,,33.067000,-6.111053131860e-03,4.046144757512e-03,-1.409757329019e-03,12.922709688,,,,,0.077000,11.600000,10.990000
20004226,asteroid,161.154187370,3.458533717,57329705.700312234,1.744296412801e-05,,,33.065000,-2.688402524430e-03,-6.900768530090e-03,-2.495560187978e-03,13.531524618,,,,,0.026000,24.000000,11.730000
20002330,asteroid,23.388494247,1.548017216,64107584.012584485,1.559877845036e-05,,,33.061000,-3.401228220067e-03,8.427446650883e-03,2.878860943306e-03,16.505974555,,,,,0.040000,,11.710000
20004547,asteroid,8.770041073,8.391076783,84197922.635917738,1.187677758184e-05,,,33.036000,-2.665390356186e-03,8.268819990348e-03,7.270637558981e-03,19.615186904,,,,,0.039000,7.703000,11.930000
20000848,asteroid,54.320095055,18.879002367,69481049.096219063,1.439241365822e-05,,,33.027000,-7.533618750088e-03,6.388793112791e-03,2.577220250231e-03,17.675634860,,,,,0.069000,45.479000,11.310000
20332685,asteroid,91.874493517,31.567972205,13251240.708935898,7.546463172506e-05,,,33.000000,-3.319638139181e-03,5.165004628763e-04,1.878231332155e-03,6.664314845,,,,,0.078000,,10.870000
20004201,asteroid,44.116168886,18.573531763,54653848.997744776,1.829697300992e-05,,,32.985000,-5.052571168166e-03,5.988342540718e-03,1.324405936836e-03,13.758576232,,,,,0.059000,17.384900,11.670000
20023119,asteroid,168.220164492,-6.491276107,35242309.225729264,2.837498512356e-05,,,32.954000,-1.061535121070e-03,-5.123656634362e-03,-4.186059194970e-03,11.602286159,,,,,0.059000,,11.270000
20000183,asteroid,312.096440503,-12.365290962,80894785.589622945,1.236173620724e-05,,,32.927000,4.955990845304e-03,1.002916188397e-02,-1.044819493346e-03,19.453869657,,,,,0.227000,11.770000,9.470000
20001146,asteroid,326.799342674,2.989776568,83815562.117134139,1.193095858025e-05,,,32.925000,7.893229705454e-03,8.586524214803e-03,2.704314723189e-03,20.730158757,,,,,0.196000,5.470000,9.890000
20000757,asteroid,43.551483659,20.209158681,96921509.958817109,1.031762712348e-05,,,32.894000,-9.325561402863e-03,6.711814459319e-03,4.623523946857e-03,21.444323422,,,,,0.217000,6.583700,10.060000
20003761,asteroid,24.788490724,10.447933945,69535101.860385224,1.438122578734e-05,,,32.882000,-1.729282195588e-03,1.000181139545e-02,1.350604224301e-03,17.729541400,,,,,0.059000,9.587000,11.620000
20004236,asteroid,300.610531137,-26.263505731,57687191.104412541,1.733487072009e-05,,,32.880000,7.983998251328e-03,3.320063747302e-03,2.194346551645e-03,15.446129164,,,,,0.048000,422.930000,11.510000
20002967,asteroid,191.095121685,3.231801292,57500376.448375128,1.739119048895e-05,,,32.879000,4.637913195076e-04,-6.574699676697e-03,-5.382497316022e-03,14.733981030,,,,,0.065000,,11.230000
20002959,asteroid,177.691202912,5.654474705,46254884.857792839,2.161933821853e-05,,,32.783000,-2.363407268002e-03,-6.830376267254e-03,-2.388782359102e-03,13.180244203,,,,,0.054000,4.359000,11.160000
20000278,asteroid,286.775536528,-27.955154109,77818759.413990617,1.285037190943e-05,,,32.773000,1.059556586883e-02,1.822806479176e-03,-5.039219513050e-04,18.635702742,,,,,0.247000,6.497000,9.380000
20009790,asteroid,160.003941560,2.412990993,37938785.726768419,2.635825002945e-05,,,32.771000,-2.680971384409e-03,-6.250690885434e-03,-2.469848857376e-03,12.528726135,,,,,0.079000,8.010000,11.010000
20002375,asteroid,108.083908964,21.409105322,63626304.805473737,1.571677002236e-05,,,32.744000,-8.049547194588e-03,-4.997703353621e-03,4.837955518968e-04,16.426617363,,,,,0.111000,16.875000,10.560000
20000666,asteroid,23.117283607,11.057983329,104060959.788952813,9.609751841883e-06,,,32.741000,-5.919195047476e-03,1.180265638621e-02,3.188378776312e-03,23.518852279,,,,,0.095000,14.608000,10.710000
20003561,asteroid,33.429163824,3.189017640,52177012.544571139,1.916552809814e-05,,,32.740000,-3.644173942823e-03,7.225956574106e-03,3.052205641373e-03,14.975891713,,,,,0.086500,9.610000,11.200000
20004617,asteroid,9.291364975,17.132140755,61562753.384786800,1.624358796543e-05,,,32.685000,-2.380731592012e-03,8.783786931316e-03,1.258853138936e-03,15.907510050,,,,,0.049000,,11.360000
20002524,asteroid,12.021253502,5.473668402,70524104.677681968,1.417954902895e-05,,,32.677000,-8.916054358721e-04,9.472785136921e-03,4.110112013559e-03,17.945582398,,,,,0.067000,10.081900,11.230000
20000562,asteroid,208.446248193,-3.553957056,65006626.306059487,1.538304718802e-05,,,32.651000,4.894923509615e-03,-6.680876619504e-03,-4.450769612509e-03,16.279722049,,,,,0.158000,6.351000,10.000000
20000768,asteroid,105.812537635,37.440942547,78828883.065266252,1.268570555759e-05,,,32.597000,-1.126575751909e-02,-1.951796955001e-03,1.063538858756e-03,19.882215550,,,,,0.137000,10.753000,10.230000
20001277,asteroid,178.171393644,-6.175790004,73393836.056446940,1.362512240443e-05,,,32.587000,2.448336198236e-03,-9.203681887185e-03,-3.181780619075e-03,17.385916537,,,,,0.063000,12.676000,11.310000
20001261,asteroid,33.461718371,12.082288393,59233947.041907556,1.688221112958e-05,,,32.576000,-5.970793645236e-03,5.655667268325e-03,2.819065053732e-03,15.053130475,,,,,0.067000,25.710000,11.430000
20005022,asteroid,28.482630797,14.068538624,65002184.064655729,1.538409846360e-05,,,32.547000,-4.165721845631e-03,8.490247425190e-03,1.752983366228e-03,16.653562889,,,,,0.022000,,11.850000
20000981,asteroid,288.645862123,-24.150520088,76949819.526037857,1.299548207078e-05,,,32.545000,1.009318796939e-02,4.495895664939e-03,1.796226893214e-03,19.382416316,,,,,0.106000,11.267000,11.100000
20030942,asteroid,63.002416447,-1.981022163,42434283.071461856,2.356585118490e-05,,,32.544000,-6.910060292737e-03,3.655659225029e-03,1.947526973191e-03,13.949315089,,,,,0.050000,44.770000,11.440000
20003396,asteroid,250.133853530,-26.958292317,60586797.412407547,1.650524607190e-05,,,32.519000,9.197806756084e-03,-6.379317041506e-04,-1.314693169102e-03,16.125341519,,,,,0.072000,,11.300000
20029603,asteroid,44.907977578,-17.292262210,40239702.206082828,2.485107854125e-05,,,32.512000,-3.906781829965e-03,5.694318811788e-03,3.177577024290e-03,13.161942988,,,,,0.061000,,11.170000
20004144,asteroid,338.897987543,-6.535017886,66327287.984409600,1.507675091789e-05,,,32.494000,3.412359650195e-03,8.952062064365e-03,2.193944862750e-03,17.017411713,,,,,0.032000,,11.950000
20006144,asteroid,257.612958370,-19.244302603,62232287.221760966,1.606882929494e-05,,,32.492000,9.886925269830e-03,-3.658938011563e-03,-2.354832827137e-03,18.703289103,,,,,0.042000,4.000000,11.690000
20007394,asteroid,58.575726714,12.346012269,53821471.533964910,1.857994535450e-05,,,32.471000,-7.522272976556e-03,4.546196439172e-03,1.315060870776e-03,15.387759759,,,,,0.061000,12.804900,11.260000
20000824,asteroid,33.187067095,5.168826094,71678923.512330502,1.395110237430e-05,,,32.457000,-4.292156799577e-03,8.498784739032e-03,3.008597408582e-03,17.288890037,,,,,0.087000,250.000000,10.230000
20000984,asteroid,347.465279318,0.238260270,90374648.740858540,1.106504992199e-05,,,32.449000,1.592966209941e-03,1.058165840102e-02,6.269349585746e-03,21.473819202,,,,,0.421000,5.778000,9.560000
20001163,asteroid,8.595792959,-4.688772183,66307994.514347225,1.508113776211e-05,,,32.429000,-9.083869840342e-04,9.358091066621e-03,3.145687547902e-03,17.166273417,,,,,0.147000,9.365000,10.880000
20000801,asteroid,304.067002121,-6.981692941,74919173.857209370,1.334771792740e-05,,,32.404000,8.643209277868e-03,5.055199465753e-03,1.053928573801e-03,17.432844824,,,,,0.031000,23.930000,11.570000
20023970,asteroid,183.297744919,33.961605939,39932401.209035158,2.504232076517e-05,,,32.404000,-2.059982827834e-03,-6.815371118722e-03,-2.766745356348e-03,13.225847558,,,,,0.081000,,11.050000
20000677,asteroid,124.729135403,15.121713373,71368725.566658065,1.401173962489e-05,,,32.403000,-8.180047299880e-03,-5.022712424939e-03,-3.552046215217e-03,17.721682442,,,,,0.313000,16.608000,9.660000
20001347,asteroid,343.312335237,4.358754918,80983552.567705750,1.234818636987e-05,,,32.400000,2.045977344309e-03,1.015233360829e-02,3.167532676070e-03,18.751698666,,,,,0.038600,29.500000,11.300000
20023694,asteroid,24.035010992,0.982644755,40040196.637062699,2.497490232289e-05,,,32.389000,-2.590002044541e-03,6.300061162116e-03,3.408893818463e-03,13.188591889,,,,,0.051000,,11.540000
20001674,asteroid,308.875534657,-20.051899466,58128282.964078575,1.720332941226e-05,,,32.386000,6.610859736929e-03,5.183418667137e-03,1.886567997198e-03,14.907675884,,,,,0.063000,8.020000,11.290000
20002632,asteroid,210.459668793,-15.396911727,65619514.897740737,1.523936898282e-05,,,32.364000,6.077685152332e-03,-5.931874737651e-03,-4.322249939145e-03,16.499542632,,,,,0.044000,,11.760000
20011428,asteroid,167.395680101,11.857998633,38634853.462522782,2.588336464043e-05,,,32.354000,-2.296570080357e-03,-5.389586453019e-03,-4.585778484287e-03,12.881764317,,,,,0.067000,,11.160000
20001187,asteroid,205.509595357,-20.917910197,64179449.884965882,1.558131149133e-05,,,32.348000,4.113237705759e-03,-6.477115923513e-03,-3.624959576542e-03,14.693131601,,,,,0.051000,14.070100,11.620000
20000534,asteroid,160.989358355,11.221752527,71918867.246300280,1.390455715293e-05,,,32.333000,-4.324884065942e-03,-8.568484468285e-03,-3.405075891708e-03,17.633516357,,,,,0.213000,9.382000,9.640000
20001604,asteroid,188.559182697,-12.906963925,62641331.537495680,1.596390075778e-05,,,32.330000,2.581186466933e-03,-7.709011387025e-03,-3.958131647926e-03,15.655873150,,,,,0.103800,7.240000,10.640000
20000880,asteroid,242.144059336,-25.716547808,64717514.349252127,1.545176773328e-05,,,32.329000,8.939088654423e-03,-1.990581598436e-03,1.792836560998e-03,16.157747396,,,,,0.049000,12.266000,11.310000
20015638,asteroid,337.084674998,-15.356302808,63215050.004594401,1.581901778022e-05,,,32.265000,4.270125845289e-03,9.106247521117e-03,2.464006854179e-03,17.929488317,,,,,0.056000,5.898000,11.500000
20004829,asteroid,68.299275940,17.899161145,39940302.681475177,2.503736659121e-05,,,32.220000,-6.924511374024e-03,3.118485953219e-03,2.311390325266e-04,13.155339419,,,,,0.068000,,11.250000
20000427,asteroid,351.954141251,1.140151249,76303093.420455828,1.310562855545e-05,,,32.193000,2.104040106573e-03,9.578871397131e-03,4.816348041876e-03,18.918015814,,,,,0.205000,3.705000,10.170000
20009030,asteroid,56.749943760,18.597093148,39361485.781071015,2.540554504375e-05,,,32.186000,-6.476976435896e-03,3.358146754889e-03,2.035274144238e-03,13.114652811,,,,,0.062000,6.300000,11.220000
20012921,asteroid,173.759492749,5.615096503,39233643.188050821,2.548832886120e-05,,,32.174000,-1.621154497687e-03,-7.192115718203e-03,-1.322025953999e-03,12.968880212,,,,,0.074000,,11.070000
20000727,asteroid,1.118376497,-10.980973435,86607899.786380291,1.154629084029e-05,,,32.170000,-5.688784643016e-04,1.120594572075e-02,2.708061909126e-03,19.985425687,,,,,0.242300,5.068700,9.620000
20042367,asteroid,193.268528203,-2.538819378,41092233.165888473,2.433549902151e-05,,,32.160000,1.608748693642e-03,-7.622239893061e-03,8.231330493312e-04,13.563415660,,,,,0.068000,47.740000,11.050000
20003759,asteroid,240.737585098,-30.679091058,69482526.747420833,1.439210758174e-05,,,32.150000,8.095258975553e-03,-4.950732033666e-03,-7.317812112722e-04,16.478745942,,,,,0.029700,8.213000,12.040000
20011487,asteroid,51.322435395,22.165722228,40994014.162601985,2.439380530127e-05,,,32.139000,-6.126082558012e-03,4.297813630284e-03,2.042997397485e-03,13.431231979,,,,,0.062000,,11.360000
20036624,asteroid,21.202888802,36.836758118,40020636.240872011,2.498710900000e-05,,,32.117000,-4.355091262614e-03,5.370787019985e-03,3.093460885907e-03,13.115905354,,,,,0.052000,8.531000,11.630000
20019018,asteroid,67.034171454,13.294289524,40946797.498498045,2.442193434143e-05,,,32.111000,-6.334188248562e-03,4.050313828319e-03,-2.094852363413e-03,13.513728257,,,,,0.068000,,11.360000
20002813,asteroid,21.087524879,16.035635136,66667780.672696963,1.499974935283e-05,,,32.040000,-5.201945962882e-03,8.292301975956e-03,9.975882451545e-04,17.036839877,,,,,0.044000,18.231000,10.940000
20000529,asteroid,258.209358152,-25.777144775,64217405.396421060,1.557210220231e-05,,,32.010000,9.078088907486e-03,-2.375329557186e-04,-1.937267297982e-03,16.077499746,,,,,0.163200,25.943000,9.930000
20000243,asteroid,99.338568482,23.962675974,75271919.649519235,1.328516669505e-05,,,32.000000,-1.051790577207e-02,-1.230469795432e-03,-6.921579570725e-04,18.374622659,,,,,0.262000,4.634000,10.080000
20003971,asteroid,268.084904588,-27.167828705,72539402.094749048,1.378561128328e-05,,,31.996000,9.852170484772e-03,4.070317304162e-04,2.665479773169e-03,17.685941303,,,,,0.058000,5.552000,11.390000
20001043,asteroid,45.958761488,8.757103485,66863215.392493300,1.495590653441e-05,,,31.986000,-6.848292000691e-03,6.666793057657e-03,2.189774096583e-03,16.977139003,,,,,0.209000,44.300000,9.820000
20000775,asteroid,273.567836811,-27.240191897,64352393.068441726,1.553943765442e-05,,,31.958000,9.197814549185e-03,-3.208396194759e-04,1.329379416319e-03,16.100684847,,,,,0.111000,6.103000,10.290000
20006359,asteroid,299.752548945,-25.728260601,58237356.567704134,1.717110904300e-05,,,31.902000,7.666633190001e-03,4.005213104156e-03,1.656246805622e-04,14.979496263,,,,,0.048000,14.062000,11.660000
20003642,asteroid,283.032711562,-16.356489891,70436075.488834083,1.419727026328e-05,,,31.899000,9.521782873683e-03,1.938766472737e-03,-1.248462300820e-03,16.963136856,,,,,0.071000,14.491000,11.220000
20000651,asteroid,211.021211406,-11.574538720,62032332.508821249,1.612062547959e-05,,,31.895000,4.788663714135e-03,-6.102275290833e-03,-4.460560022861e-03,15.492974730,,,,,0.172000,20.299000,10.120000
20000523,asteroid,55.193367075,21.309599360,82813179.878996044,1.207537256100e-05,,,31.890000,-1.039472002346e-02,5.277358739345e-03,1.372231205044e-03,20.324068553,,,,,0.251200,10.030000,10.020000
20024505,asteroid,171.903739685,2.270797416,37560887.637639955,2.662343897853e-05,,,31.888000,-8.606731606868e-04,-5.375033820216e-03,-4.665407451290e-03,12.413202004,,,,,0.076000,14.806800,11.190000
20002443,asteroid,143.683354672,18.846483464,71242161.617352352,1.403663192270e-05,,,31.878000,-6.120641661616e-03,-8.146662430102e-03,-1.490868104007e-03,17.830899521,,,,,0.199000,7.954000,10.300000
20022055,asteroid,168.196731813,16.768134207,38561784.389001891,2.593240991942e-05,,,31.816000,-2.031001569650e-03,-6.595477467255e-03,-2.601243295010e-03,12.769627062,,,,,0.069000,,11.150000
20001244,asteroid,284.547905425,-21.761263867,86647485.683231011,1.154101578499e-05,,,31.799000,1.082554962819e-02,7.449749026807e-04,2.147229706272e-03,19.152613542,,,,,0.036000,210.600000,11.620000
20002414,asteroid,179.810756638,-1.004009780,59278233.384627506,1.686959855081e-05,,,31.782000,-7.659451478114e-04,-6.695587689978e-03,-5.665086011492e-03,15.243780408,,,,,0.037000,,11.720000
20000998,asteroid,178.757748939,-14.728759942,54643559.468130097,1.830041837928e-05,,,31.761000,6.288750690823e-04,-6.749913241255e-03,-3.977861802448e-03,13.609316508,,,,,0.030000,8.574000,11.580000
20000220,asteroid,327.756308459,-5.426017186,117991583.374718234,8.475180783228e-06,,,31.738000,7.275833862330e-03,1.134230217008e-02,5.564503239665e-03,25.243029900,,,,,0.055000,18.198000,11.200000
20009694,asteroid,161.767109327,8.658664848,40243597.276036598,2.484867327195e-05,,,31.736000,-2.832272182200e-03,-6.146770467060e-03,-3.360613521106e-03,13.083476776,,,,,0.101000,18.200000,10.780000
20002332,asteroid,177.161934531,16.230731179,64252873.129301392,1.556350636629e-05,,,31.734000,-1.234474468433e-03,-8.141486188501e-03,-4.492285342843e-03,16.241429891,,,,,0.110000,22.800000,11.100000
20000197,asteroid,35.851390309,7.598973004,82013290.805497915,1.219314564967e-05,,,31.729000,-5.156411258746e-03,8.755637195357e-03,4.902520778920e-03,19.534368605,,,,,0.373000,6.608400,9.550000
20000430,asteroid,302.179091997,-8.108212005,66038229.911185481,1.514274385223e-05,,,31.702000,6.218097489197e-03,5.888453510106e-03,3.513250286826e-03,16.027113905,,,,,0.054000,7.205000,11.100000
20019725,asteroid,165.414158692,15.858339457,41006019.311582685,2.438666363593e-05,,,31.668000,-3.158704332479e-03,-6.256763332979e-03,-3.283699576643e-03,13.401429317,,,,,0.092000,56.700000,10.830000
20013244,asteroid,318.614604531,-3.914826665,65429959.905624151,1.528351845916e-05,,,31.630000,5.698161021476e-03,5.748992582906e-03,5.354523748271e-03,16.804132419,,,,,0.048600,28.131400,11.830000
20001947,asteroid,252.177074100,-18.778533392,68316833.663687900,1.463768073507e-05,,,31.611000,9.404668275875e-03,-2.085531593947e-03,-3.054580658204e-03,17.497799058,,,,,0.049000,5.015800,11.300000
20024380,asteroid,184.567690156,-1.285071136,36982988.062738054,2.703945928608e-05,,,31.607000,1.478966202371e-04,-6.088936962894e-03,-3.591218329190e-03,12.242498887,,,,,0.064000,,11.280000
20001498,asteroid,353.227972230,10.855866062,86775669.408278167,1.152396756855e-05,,,31.605000,2.725900513276e-04,1.144045527461e-02,4.764714596107e-03,21.463139746,,,,,0.034000,58.000000,11.850000
20000561,asteroid,320.468190504,-14.846101200,58429655.478440166,1.711459689111e-05,,,31.562000,5.425084453960e-03,6.232198605481e-03,2.460487721357e-03,14.927311113,,,,,0.058000,12.012000,11.420000
20003476,asteroid,206.961034861,-3.919576450,58215543.899206139,1.717754285232e-05,,,31.530000,2.053597851553e-03,-6.072060813835e-03,-5.687302257809e-03,14.837341869,,,,,0.030900,,11.880000
20005192,asteroid,188.508573153,12.609318009,60033770.015007764,1.665729138367e-05,,,31.503000,3.776783963551e-05,-8.189616661017e-03,-3.518205787553e-03,15.433198437,,,,,0.123000,10.669300,10.800000
20001572,asteroid,317.674216819,-27.581964881,78314375.305671841,1.276904777823e-05,,,31.500000,7.515329954946e-03,6.966167537653e-03,4.961405230516e-03,19.713015632,,,,,0.521000,8.048000,10.330000
20000226,asteroid,11.522866562,-8.888684340,82266913.568367675,1.215555509043e-05,,,31.494000,3.197245795048e-04,1.102864559076e-02,2.282028879501e-03,19.507987182,,,,,0.352000,11.147000,9.840000
20003278,asteroid,229.458952015,-13.628602672,64988613.421548769,1.538731090497e-05,,,31.455000,7.294870552812e-03,-5.162968432384e-03,-3.816268513667e-03,16.825919885,,,,,0.048000,,11.440000
20055419,asteroid,35.797166669,-16.059494930,38832425.287046500,2.575167511707e-05,,,31.406000,-2.980946950629e-03,6.133401691147e-03,2.910606653778e-03,12.838059741,,,,,0.094000,,11.200000
20024446,asteroid,20.005777668,35.051892676,42454570.534325227,2.355458993965e-05,,,31.392000,-3.694772174036e-03,6.819523445192e-03,2.215995688413e-03,13.966738198,,,,,0.086000,10.740000,11.140000
20001288,asteroid,283.923796812,-24.958534802,73447086.178758338,1.361524400799e-05,,,31.378000,9.930930143948e-03,2.029832773093e-03,2.333407594940e-03,18.009513855,,,,,0.044000,7.605000,11.410000
20023968,asteroid,195.466910141,6.340787827,41658280.470432743,2.400483142144e-05,,,31.358000,3.345112848932e-04,-7.184926264925e-03,-3.395080957121e-03,13.771520271,,,,,0.065000,11.140000,11.250000
20000131,asteroid,343.876542712,-12.217731892,82880595.037649333,1.206555044092e-05,,,31.337000,4.263521846359e-03,9.071724987380e-03,3.953305811174e-03,18.656593213,,,,,0.246000,5.181200,9.990000
20011663,asteroid,55.875617581,16.734399031,39756043.397560850,2.515340850195e-05,,,31.327000,-5.628718636918e-03,4.974752816613e-03,1.165330944361e-04,13.008325750,,,,,0.086000,,10.970000
20004045,asteroid,199.579841541,-16.429181712,63906520.595486969,1.564785550335e-05,,,31.322000,2.465708463720e-03,-9.239026484763e-03,-6.057886891883e-04,16.590059062,,,,,0.051000,9.764000,11.340000
20004209,asteroid,351.770127727,6.800908458,70935775.779459998,1.409725895025e-05,,,31.303000,4.295565289730e-04,7.678047054703e-03,7.118441509596e-03,18.143910905,,,,,0.093000,12.220000,11.540000
20002408,asteroid,8.769791612,-3.721288135,79458630.267603964,1.258516534494e-05,,,31.285000,1.058553373842e-03,1.065278291167e-02,1.095522897280e-03,18.632478011,,,,,0.001000,3.673810,12.260000
20005907,asteroid,49.004163190,16.455512366,36708197.155740663,2.724187177478e-05,,,31.248000,-5.217880519637e-03,4.120690078628e-03,1.917536269298e-03,11.981294627,,,,,0.072000,,11.210000
20002271,asteroid,285.301707607,-20.879626514,78993171.943632767,1.265932200714e-05,,,31.229000,1.050177351838e-02,2.946147929204e-03,6.712605550256e-04,18.921078393,,,,,0.072000,17.140000,11.050000
20001027,asteroid,131.415047267,19.286623300,73450729.723235965,1.361456861992e-05,,,31.225000,-8.040814527925e-03,-6.622517965732e-03,-2.928257602298e-03,18.735541917,,,,,0.129000,13.529000,10.910000
20011887,asteroid,51.359012907,22.374513165,42114134.030821629,2.374499732722e-05,,,31.190000,-5.477700731529e-03,5.721791648357e-03,-9.729647240822e-04,13.818150018,,,,,0.095000,8.470000,10.850000
20001519,asteroid,241.870439059,-30.813480823,64679646.976262741,1.546081413164e-05,,,31.166000,9.373193288234e-03,-1.041143779106e-03,-1.429891669621e-03,16.515713484,,,,,0.050000,,11.540000
20024537,asteroid,192.017645693,3.540517632,37633255.250359096,2.657224290983e-05,,,31.158000,4.511389952020e-04,-5.514161375095e-03,-4.505699856455e-03,12.354261001,,,,,0.079000,10.489000,11.170000
20018063,asteroid,177.090615029,-10.050636569,38088256.823004112,2.625481141463e-05,,,31.122000,2.772545697326e-04,-5.656865166910e-03,-4.465525056123e-03,12.487862528,,,,,0.073000,,11.280000
20003254,asteroid,185.982919411,0.336313492,45573700.645856082,2.194247967201e-05,,,31.104000,1.134975088984e-03,-6.592829136861e-03,-3.379629227123e-03,12.977319029,,,,,0.073000,6.620000,11.330000
20016785,asteroid,170.264497109,-12.531398196,60436692.309208222,1.654623973933e-05,,,31.056000,-6.558623028601e-04,-7.354473635735e-03,-5.010080396269e-03,15.449732538,,,,,0.042000,,11.560000
20002534,asteroid,342.701766734,-7.245507980,77173634.819714934,1.295779319370e-05,,,31.052000,2.877220670266e-03,1.008087920448e-02,4.196322275793e-03,19.551793143,,,,,0.042000,53.237000,11.610000
20000555,asteroid,288.819334078,-21.274134970,57022272.758185260,1.753700706110e-05,,,31.040000,8.170052396967e-03,1.901544963570e-03,4.443320797643e-04,14.544552841,,,,,0.119000,19.508000,10.910000
20000899,asteroid,207.065152162,-19.846030764,59427271.329165123,1.682729120207e-05,,,31.018000,4.550688383497e-03,-6.781937175981e-03,-1.398827322864e-03,14.347097766,,,,,0.161000,6.245000,10.260000
20041379,asteroid,196.021468332,21.098904551,40053128.863262869,2.496683850627e-05,,,31.006000,5.807038065497e-04,-7.159375864403e-03,-2.373797619529e-03,13.098421741,,,,,0.061000,,11.450000
20010664,asteroid,189.695918288,-11.000695314,39892354.562036440,2.506745994260e-05,,,30.963000,1.411382947921e-03,-7.106631032621e-03,-2.272804104124e-03,13.147886204,,,,,0.067000,7.874000,11.420000
20003152,asteroid,217.789961933,-26.515922273,86279795.856786013,1.159019895759e-05,,,30.952000,8.089719185916e-03,-7.837698254843e-03,-2.825392695655e-03,20.106971786,,,,,0.020000,22.291000,11.980000
20003687,asteroid,23.079551314,14.995021966,89219031.962116107,1.120837088240e-05,,,30.932000,-3.626245990691e-03,1.146214261581e-02,1.731645229088e-03,21.030535079,,,,,0.046000,58.120000,11.780000
20000808,asteroid,146.965731218,10.400678284,82762790.060954899,1.208272460684e-05,,,30.923000,-7.283213950876e-03,-8.286700406763e-03,-2.817729252259e-03,19.715372027,,,,,0.213000,30.631000,9.980000
20013182,asteroid,161.480378902,4.432302912,36114117.126811862,2.769000267925e-05,,,30.901000,-2.548148070019e-03,-5.613416877244e-03,-2.974803766103e-03,11.851687992,,,,,0.106000,,10.810000
20000292,asteroid,131.151050292,33.330912977,79180505.212210521,1.262937129941e-05,,,30.864000,-8.662716370615e-03,-5.605125017093e-03,-1.950812465977e-03,18.181595386,,,,,0.187000,8.930000,10.080000
20032435,asteroid,24.835576448,31.841143132,37091533.329711989,2.696033057223e-05,,,30.829000,-3.088852634007e-03,6.060887128038e-03,1.815732335561e-03,12.190765387,,,,,0.074000,18.606000,11.220000
20000533,asteroid,83.794134562,16.794373655,67526183.196206048,1.480907038821e-05,,,30.819000,-9.697713111054e-03,6.370609527828e-04,1.883440225912e-04,16.830522822,,,,,0.252000,11.654000,9.840000
20000706,asteroid,192.776867455,-18.192666044,64549210.547162563,1.549205623931e-05,,,30.819000,3.809772981828e-03,-6.730431987365e-03,-4.109289844619e-03,15.163781066,,,,,0.081000,22.027000,11.130000
20003156,asteroid,211.284426605,-21.125535636,74536846.365873441,1.341618338790e-05,,,30.794000,4.605524043742e-03,-7.229223611990e-03,-6.072087894814e-03,18.187944684,,,,,0.044000,8.330000,11.800000
20002132,asteroid,324.620549412,-19.363273703,73611194.917046592,1.358489019404e-05,,,30.787000,5.819007408309e-03,7.906485824971e-03,2.908809224406e-03,17.728168019,,,,,0.051000,6.836000,11.690000
20005337,asteroid,262.985772741,-20.451775300,71004360.892509490,1.408364201058e-05,,,30.782000,1.037820567729e-02,-1.834092003648e-03,3.808018237108e-04,18.259774742,,,,,0.034000,18.760400,11.880000
20003843,asteroid,100.370652958,26.814901932,58060432.671359681,1.722343348112e-05,,,30.769000,-9.599029655254e-03,-6.768533279205e-04,3.894907295778e-06,16.661574055,,,,,0.108000,19.089000,10.780000
20032397,asteroid,32.200877343,7.101135344,39333558.202588044,2.542358346655e-05,,,30.763000,-3.973071997052e-03,5.807382271220e-03,2.601026939211e-03,12.988965329,,,,,0.062000,,11.620000
20001548,asteroid,17.197556797,-10.051993776,68546596.941188604,1.458861627891e-05,,,30.761000,-1.979515224153e-03,8.797828763923e-03,3.027030336681e-03,16.470076150,,,,,0.045000,7.496300,11.700000
20036279,asteroid,184.558193460,32.242394883,39538413.649101272,2.529185942751e-05,,,30.752000,-2.110511931623e-03,-6.746129381534e-03,-2.784751384810e-03,13.154442064,,,,,0.062000,,11.300000
20000908,asteroid,272.178817702,-24.971829067,73245461.768007457,1.365272299282e-05,,,30.749000,9.256531492004e-03,7.996783048878e-04,-2.054552150075e-03,16.475614293,,,,,0.087000,14.572000,10.700000
20004436,asteroid,290.043630350,-27.542707596,60100588.587867118,1.663877215675e-05,,,30.740000,8.212558246907e-03,3.500972787239e-03,-1.277937190769e-03,15.615403111,,,,,0.074400,8.240000,11.470000
20006137,asteroid,169.624856769,0.439808467,62917631.488902122,1.589379600496e-05,,,30.720000,-1.927421993721e-03,-7.162188884858e-03,-5.785291147854e-03,16.286880314,,,,,0.048000,,11.530000
20002983,asteroid,64.187518166,21.442979878,72638580.755541891,1.376678880009e-05,,,30.690000,-9.066668673498e-03,4.575296097356e-03,1.157102754469e-03,17.697886150,,,,,0.072000,8.865000,11.620000
20003939,asteroid,311.080186711,-43.816046083,73437814.072026953,1.361696304058e-05,,,30.644000,9.299971524302e-03,5.024061026105e-03,1.967373945327e-03,18.616278950,,,,,0.029000,,11.720000
20117447,asteroid,52.427723089,-11.502544455,39686670.842250556,2.519737682142e-05,,,30.603000,-5.212514972919e-03,5.090086359015e-03,2.095705317989e-03,13.126141307,,,,,0.047000,,11.760000
20001815,asteroid,6.362074736,-0.132636101,64965850.433062844,1.539270237108e-05,,,30.598000,-2.801126236371e-03,8.451600981745e-03,3.630445505403e-03,16.648657700,,,,,0.057000,8.181000,11.400000
20000590,asteroid,199.129665875,3.993777244,67036273.300786808,1.491729702087e-05,,,30.577000,2.002695859650e-03,-8.740153852904e-03,-3.642604460769e-03,16.757572698,,,,,0.187000,5.552500,10.040000
20000885,asteroid,311.351165149,-16.874710551,77957735.498144850,1.282746341476e-05,,,30.537000,7.916906245512e-03,7.655377519822e-03,2.626282649348e-03,19.602933867,,,,,0.109000,4.900000,10.710000
20000504,asteroid,150.669058866,21.093586071,64124981.478180900,1.559454641465e-05,,,30.438000,-5.501125342292e-03,-6.611405340500e-03,-1.130375318925e-03,15.019907432,,,,,0.239000,7.587000,10.130000
20000277,asteroid,238.846574640,-20.150371597,68275141.836777359,1.464661915153e-05,,,30.422000,8.785846571052e-03,-3.757410355434e-03,-1.421495356652e-03,16.727152910,,,,,0.196000,29.690000,9.860000
20000835,asteroid,3.924120464,5.088062943,70111829.604253933,1.426292831958e-05,,,30.418000,-1.201059883836e-03,9.378939351424e-03,4.454490352438e-03,18.097619925,,,,,0.025000,,11.550000
20004208,asteroid,293.797597847,-11.977797637,65850404.807924367,1.518593549906e-05,,,30.413000,8.628342204260e-03,4.679761821505e-03,-6.204559652085e-04,17.029423782,,,,,0.058000,,11.400000
20005928,asteroid,194.854238670,-1.239664254,54502170.009013049,1.834789330103e-05,,,30.402000,3.241064809840e-03,-8.140173127725e-03,-2.258733712611e-03,15.666460053,,,,,0.053000,415.500000,11.650000
20001199,asteroid,343.327737197,1.854230896,66159525.378642283,1.511498146755e-05,,,30.395000,2.492097189440e-03,8.670364305911e-03,3.223692360248e-03,16.587497293,,,,,0.098000,57.939000,10.320000
20001939,asteroid,72.316644052,22.943993281,59506737.346521080,1.680481983371e-05,,,30.365000,-8.496068701238e-03,1.756004539365e-03,8.818498440002e-04,15.098898740,,,,,0.092000,23.880000,11.150000
20002666,asteroid,72.834100465,11.686034861,82588615.701495469,1.210820633699e-05,,,30.364000,-1.112694149436e-02,4.464776623590e-03,-6.995603417294e-05,20.759290258,,,,,0.058000,14.120000,11.770000
20003092,asteroid,279.230874556,-34.011968180,57827106.164827429,1.729292828781e-05,,,30.346000,8.798587566732e-03,1.964172213522e-03,1.057131037792e-03,15.716310928,,,,,0.076000,38.936700,11.380000
20003811,asteroid,198.830958300,-15.733040848,71627460.294107616,1.396112602477e-05,,,30.344000,3.362552657188e-03,-7.590334023162e-03,-4.660193613783e-03,16.484099771,,,,,0.039000,13.230000,11.960000
20018062,asteroid,175.259256222,16.644335790,40086092.392363422,2.494630781699e-05,,,30.334000,-2.112279288573e-03,-6.029820485313e-03,-4.082657245719e-03,13.128114125,,,,,0.092000,9.773000,10.950000
20017428,asteroid,57.222803979,22.422959937,47371392.099414267,2.110978706096e-05,,,30.297000,-6.792651602818e-03,3.789732659290e-03,4.360446482954e-04,13.488962728,,,,,0.064000,5.335000,11.460000
20000327,asteroid,166.634962082,7.008675001,71008902.502379343,1.408274124454e-05,,,30.291000,-2.142052057515e-03,-8.271437538502e-03,-4.909902356802e-03,17.062732489,,,,,0.214000,5.932000,10.020000
20032464,asteroid,47.309237228,19.862306036,39420767.666517094,2.536733958252e-05,,,30.260000,-5.251758296253e-03,5.256136155518e-03,-1.209924189397e-03,13.034529547,,,,,0.058000,,11.650000
20012238,asteroid,176.123305309,-14.979114080,36924448.664238900,2.708232718904e-05,,,30.252000,-8.177984315405e-04,-6.819199833293e-03,-1.290811215083e-03,12.099956827,,,,,0.092000,7.284000,10.930000
20001684,asteroid,191.852149654,-1.109200354,71200904.105414882,1.404476547825e-05,,,30.210000,3.243612594782e-03,-9.066390943840e-03,-3.970861610202e-03,18.034451576,,,,,0.093000,6.415600,10.990000
20001650,asteroid,83.050814722,20.814203813,72972863.921149075,1.370372418274e-05,,,30.202000,-9.337987706044e-03,8.357921215339e-04,1.570188718073e-04,16.235232671,,,,,0.046000,14.893000,11.690000
20003095,asteroid,336.265516398,-7.728966138,60673201.390151069,1.648174114911e-05,,,30.178000,3.295919019504e-03,7.991019661949e-03,3.827937924488e-03,16.368686546,,,,,0.059000,11.920000,11.510000
20004835,asteroid,207.025658039,9.271157895,44061851.175336994,2.269536965255e-05,,,30.175000,1.455066578659e-03,-7.938831550514e-03,-2.079755113787e-03,14.431217170,,,,,0.112000,,10.600000
20012559,asteroid,255.372135306,-32.138844810,66379415.282775894,1.506491124907e-05,,,30.143000,9.382568599852e-03,-3.109698854084e-03,5.361463165393e-04,17.139697556,,,,,0.034000,6.210000,11.650000
20008915,asteroid,59.925394018,20.768579604,50374660.754445657,1.985125031163e-05,,,30.135000,-7.437219228582e-03,3.600903250161e-03,9.775180777953e-04,14.406956538,,,,,0.059000,330.420000,11.620000
20002352,asteroid,109.828568610,9.431165676,63519111.608805120,1.574329323368e-05,,,30.069000,-8.872332468049e-03,-1.752958952275e-03,-2.322886784407e-03,16.167296980,,,,,0.037000,12.000000,11.660000
20000484,asteroid,12.754722121,-6.565263076,80220940.765239209,1.246557308430e-05,,,30.060000,-1.469314151015e-03,1.033865437310e-02,3.191353086782e-03,18.906318866,,,,,0.222000,10.630000,9.690000
20004967,asteroid,31.309567655,-5.246535364,67666459.140971795,1.477837044667e-05,,,30.022000,-4.514791903582e-03,8.353580672825e-03,3.163849447063e-03,17.329763832,,,,,0.061000,6.933000,11.490000
20004449,asteroid,328.458419516,-10.324729499,67476694.164776623,1.481993171684e-05,,,30.020000,6.130000708632e-03,6.865069247512e-03,3.832638957606e-03,17.262130213,,,,,0.064900,,11.890000
20004732,asteroid,200.127672987,-15.450507645,61134918.518718861,1.635726397008e-05,,,29.981000,3.524395035376e-03,-8.270282745692e-03,-9.235414783399e-04,15.647606225,,,,,0.060000,6.000830,11.520000
20000394,asteroid,207.366773581,-7.082856934,67252644.565067425,1.486930374957e-05,,,29.970000,5.829420117751e-03,-6.199747237600e-03,-3.658630068489e-03,16.038616430,,,,,0.294000,16.530000,9.720000
20002520,asteroid,357.410902063,-2.284004813,71959870.521675020,1.389663423170e-05,,,29.946000,1.133735146268e-03,9.122387197550e-03,5.170938802660e-03,18.261897099,,,,,0.045000,9.190000,11.880000
20002444,asteroid,252.764026131,-30.457428293,66923819.595739439,1.494236291414e-05,,,29.925000,8.575909176502e-03,-3.034372384873e-03,9.149748089234e-04,15.830365559,,,,,0.050000,17.850000,11.920000
20024534,asteroid,181.049610536,6.882290555,36768701.146612838,2.719704446487e-05,,,29.913000,-1.419020546234e-04,-5.738069483627e-03,-3.986987950888e-03,12.100598060,,,,,0.079000,19.417000,11.370000
20004186,asteroid,121.916663734,10.167285412,69004751.737537012,1.449175563740e-05,,,29.910000,-8.614604637164e-03,-5.034897235862e-03,1.801677319608e-03,17.555951555,,,,,0.060000,20.867800,11.570000
20007131,asteroid,27.837266594,-2.576681792,77684209.298266128,1.287262892978e-05,,,29.896000,-3.976694242443e-03,8.970037816646e-03,5.782719366483e-03,19.720033031,,,,,0.051000,,11.910000
20002525,asteroid,7.431256012,0.236489134,79482585.774286091,1.258137226234e-05,,,29.877000,-1.597423993194e-03,1.047960376335e-02,4.661772917931e-03,20.050986752,,,,,0.111000,3.569000,11.200000
20003037,asteroid,0.630310011,-18.707426358,81219707.433825955,1.231228271556e-05,,,29.876000,-9.892558236248e-04,1.041042971550e-02,3.611779032429e-03,19.155940590,,,,,0.044000,11.844000,11.800000
20003157,asteroid,150.235349711,19.999032698,59121019.492748618,1.691445798093e-05,,,29.876000,-5.693552689704e-03,-5.965429608510e-03,-2.753506987470e-03,15.053191874,,,,,0.048000,14.930000,11.710000
20003923,asteroid,148.188118747,12.502293340,58231772.446002670,1.717275566234e-05,,,29.870000,-6.813517862973e-03,-6.433822780730e-03,-2.177663640400e-03,16.658047406,,,,,0.050000,40.050000,11.740000
20025883,asteroid,60.837348906,16.810787253,39194291.656130068,2.551391944453e-05,,,29.842000,-6.277731039330e-03,3.875242081560e-03,-8.523437710975e-04,12.858780287,,,,,0.066000,,11.340000
20002747,asteroid,310.649934248,-21.883570697,75673392.685968623,1.321468437592e-05,,,29.804000,9.058081958510e-03,5.380660946268e-03,3.265931741763e-03,19.098421872,,,,,0.028000,438.710000,11.960000
20000732,asteroid,44.405230409,7.908631531,80466787.041973963,1.242748762267e-05,,,29.791000,-7.350304677741e-03,7.290843985077e-03,1.785484797626e-03,18.190298626,,,,,0.138000,12.322000,10.660000
20000273,asteroid,235.206028387,0.656141319,98256055.882951424,1.017748973347e-05,,,29.768000,1.090880967427e-02,-5.997291476147e-03,-1.840343528984e-03,21.788614437,,,,,0.212000,23.924000,10.520000
20063273,asteroid,161.481636416,10.936479790,39563561.499448553,2.527578312215e-05,,,29.767000,-1.843183698309e-03,-6.132157978467e-03,-3.979094337652e-03,13.053149742,,,,,0.060000,,11.620000
20001245,asteroid,258.932709055,-20.286235002,70955566.083017275,1.409332706655e-05,,,29.751000,1.001206367151e-02,-8.520979699061e-04,-5.820359537947e-04,17.427287735,,,,,0.221000,4.852300,9.910000
20017297,asteroid,189.704874227,-9.815598140,58925871.033525817,1.697047463976e-05,,,29.731000,2.126578657867e-03,-6.640330929075e-03,-5.214319943959e-03,15.075159822,,,,,0.031000,116.765000,11.960000
20031819,asteroid,58.206290807,34.381763268,38946455.404358119,2.567627758721e-05,,,29.730000,-6.680651812203e-03,2.812555615712e-03,1.744238752682e-03,12.908814474,,,,,0.060000,34.828000,11.460000
20000621,asteroid,293.325495717,-23.344753872,58122222.671144076,1.720512317050e-05,,,29.726000,7.838880165084e-03,3.084099683536e-03,1.078949417463e-03,14.704528556,,,,,0.127000,11.776000,11.140000
20003641,asteroid,36.340638343,17.102205840,72235023.601971388,1.384370005207e-05,,,29.710000,-5.491614269364e-03,6.523378585477e-03,5.972549979683e-03,18.025758705,,,,,0.060000,9.035230,11.700000
20023285,asteroid,175.786611871,-7.163171667,41025480.214985967,2.437509554452e-05,,,29.690000,-2.700350296597e-04,-6.078991840716e-03,-4.777224757786e-03,13.394912793,,,,,0.087000,,11.140000
20011542,asteroid,124.528984706,26.489577211,63094632.635436550,1.584920869225e-05,,,29.686000,-9.644758833113e-03,-3.305039917010e-03,-1.530001241563e-03,17.850435394,,,,,0.061000,13.428000,11.560000
20002908,asteroid,239.089667879,-18.552024269,61972438.704518177,1.613620539879e-05,,,29.663000,7.949417505518e-03,-3.874836411682e-03,4.908742333821e-04,15.335718898,,,,,0.035000,694.117000,11.980000
20001686,asteroid,29.472020378,12.322880512,66713310.755331762,1.498951241781e-05,,,29.661000,-3.820161715586e-03,8.332114208550e-03,3.723620582724e-03,17.130323160,,,,,0.088000,11.292000,11.170000
20002222,asteroid,306.704732969,-20.462748815,60498873.247778848,1.652923346034e-05,,,29.644000,6.609351206639e-03,5.562123748343e-03,2.064712337030e-03,15.378200855,,,,,0.070000,4.344000,11.460000
20006475,asteroid,304.544787122,-15.594635365,74337174.523145199,1.345221965208e-05,,,29.642000,8.292147278607e-03,5.816356777752e-03,4.077326145654e-03,18.904963717,,,,,0.073000,8.070000,11.270000
20000741,asteroid,216.994394953,-6.644705180,79198489.447024122,1.262650344700e-05,,,29.640000,5.986099602645e-03,-8.070617592567e-03,-4.180885800439e-03,18.844110872,,,,,0.139100,23.910100,10.060000
20001609,asteroid,263.599323571,-16.299446986,91800693.908140555,1.089316384689e-05,,,29.640000,1.154723915682e-02,2.363759664297e-03,-3.157598722547e-03,21.127783876,,,,,0.114700,19.776000,10.540000
20001361,asteroid,215.862821989,3.046037736,63445212.311043449,1.576163060338e-05,,,29.637000,6.220810415056e-03,-6.814030362673e-03,-9.123990730928e-04,16.053318951,,,,,0.066000,12.075000,10.960000
20005670,asteroid,72.350468148,28.235028724,71862793.958122805,1.391540663702e-05,,,29.619000,-9.735593743668e-03,3.630050917884e-03,-2.247727170727e-03,18.406561561,,,,,0.073000,6.971000,11.540000
20006924,asteroid,62.656294788,29.273737559,59277274.376895726,1.686987147287e-05,,,29.616000,-7.910599210619e-03,3.246450006480e-03,3.104372830374e-03,15.750942857,,,,,0.052000,38.617200,11.790000
20002269,asteroid,219.437373056,-7.928102564,63877458.994138382,1.565497463028e-05,,,29.604000,5.087107952221e-03,-6.161826696349e-03,-4.987098916085e-03,16.308625968,,,,,0.110000,6.458000,11.120000
20001605,asteroid,257.348373518,-12.370581187,64000540.524004944,1.562486803725e-05,,,29.598000,8.993729455403e-03,-2.042048830515e-03,-6.576787396193e-04,16.009158365,,,,,0.184000,11.608000,10.270000
20015562,asteroid,69.626244810,30.911278128,55073897.319044478,1.815742209430e-05,,,29.594000,-7.718542703582e-03,1.333209894906e-03,1.662943428476e-03,13.864497334,,,,,0.032000,341.496000,12.370000
20032480,asteroid,50.245214316,-3.693483925,40954931.263235964,2.441708407646e-05,,,29.583000,-5.131872224044e-03,5.331109468841e-03,2.499670900738e-03,13.523686061,,,,,0.073000,,11.270000
20001283,asteroid,196.775865908,-1.140409227,53645920.993237533,1.864074623914e-05,,,29.569000,1.638001586648e-03,-7.336777065607e-03,-2.092287020326e-03,13.510802101,,,,,0.153000,32.175000,10.400000
20003475,asteroid,177.700320600,-13.080546881,68541735.165094852,1.458965107305e-05,,,29.558000,-8.529914275577e-04,-9.675795580274e-03,-3.024828363372e-03,17.614814349,,,,,0.035000,,11.510000
20006619,asteroid,155.786244590,26.008013424,79201235.004563347,1.262606574181e-05,,,29.519000,-6.955237676911e-03,-7.359919464952e-03,-5.607583100676e-03,20.042219366,,,,,0.056000,10.501100,11.760000
20001581,asteroid,42.335613234,13.960147989,59309349.958166614,1.686074793781e-05,,,29.508000,-6.495555582925e-03,5.277902236693e-03,2.519614507526e-03,15.133859037,,,,,0.093000,102.800000,11.140000
20038610,asteroid,154.637169671,-3.438774741,39815406.147524461,2.511590604639e-05,,,29.497000,-2.623711731336e-03,-6.233399290490e-03,-3.442057219330e-03,13.139337676,,,,,0.061000,,11.570000
20002251,asteroid,301.263175275,-13.083245720,80653217.709492654,1.239876136873e-05,,,29.488000,8.682894463900e-03,6.501454727003e-03,2.148390768865e-03,19.146276581,,,,,0.059000,5.670000,11.680000
20001340,asteroid,130.984983665,18.368363060,66375698.506032959,1.506575482455e-05,,,29.451000,-6.977974255492e-03,-6.409766859347e-03,-2.846568520122e-03,17.130067233,,,,,0.095000,3.525000,11.210000
20001119,asteroid,112.582570484,28.135963273,68379327.591151863,1.462430291768e-05,,,29.443000,-8.488517731963e-03,-3.258216567813e-03,-6.025086177224e-04,15.777545948,,,,,0.064000,11.410000,11.460000
20005922,asteroid,172.084862075,-3.841011801,62455139.233910926,1.601149260519e-05,,,29.417000,-1.459322915793e-03,-8.341518092465e-03,-2.970651813881e-03,15.538348687,,,,,0.043000,,12.070000
20001791,asteroid,259.087943406,-18.349170674,87520922.954074711,1.142583928788e-05,,,29.394000,1.183021804101e-02,-1.827382664072e-03,-2.291148661096e-04,20.730237467,,,,,0.034000,19.809000,11.860000
20024403,asteroid,182.217822270,12.044132909,39567037.947307795,2.527356233569e-05,,,29.392000,-3.402939409172e-05,-7.564995957994e-03,-5.704541657399e-04,13.135783739,,,,,0.074000,5.347000,11.340000
20090337,asteroid,152.854657480,-8.867551640,37024729.754193112,2.700897499155e-05,,,29.391000,-2.513864529640e-03,-6.285883253031e-03,-1.979312977911e-03,12.212543683,,,,,0.051000,60.000000,11.710000
20006057,asteroid,5.641060838,-2.265988462,68985896.630464226,1.449571649922e-05,,,29.368000,-9.609664073921e-04,1.032994539224e-02,1.105022501890e-03,18.064688637,,,,,0.043000,5.801000,12.040000
20001632,asteroid,21.982972240,8.799237399,84967901.470550895,1.176915026372e-05,,,29.351000,-3.445759761438e-03,1.047133025241e-02,3.291264346893e-03,19.919614285,,,,,0.060000,56.650000,11.780000
20001832,asteroid,263.365886073,-32.830948613,61440621.972767882,1.627587690182e-05,,,29.351000,8.968042111874e-03,-1.134587201309e-03,1.625708743905e-03,15.902655440,,,,,0.068000,13.640000,11.220000
20003784,asteroid,77.282256776,18.990724967,58149009.228686236,1.719719756647e-05,,,29.346000,-7.877367597093e-03,1.684816198931e-03,2.736640563630e-03,14.730691740,,,,,0.082000,10.503000,11.530000
20000771,asteroid,42.828869908,14.510664960,98266780.557481959,1.017637897901e-05,,,29.322000,-1.014640984539e-02,8.208099033426e-03,2.778339448995e-05,22.596891166,,,,,0.123000,5.892000,10.460000
20003967,asteroid,241.436192546,-9.371064446,62110952.576194115,1.610021998573e-05,,,29.305000,7.574003997336e-03,-3.832406788854e-03,-3.881444600546e-03,16.160948286,,,,,0.066000,,11.410000
20013694,asteroid,197.261859516,-11.956072420,37004971.600669451,2.702339595856e-05,,,29.285000,2.149281424975e-03,-6.348740421376e-03,-2.284745916228e-03,12.261108311,,,,,0.108000,30.640000,11.000000
20002932,asteroid,203.929704696,-8.513412827,52022376.425739661,1.922249748486e-05,,,29.283000,3.824749424906e-03,-6.779991448853e-03,-2.659196721220e-03,14.243094799,,,,,0.061000,,11.720000
20002245,asteroid,287.005532321,-26.669838858,74980841.189203173,1.333674021443e-05,,,29.280000,9.164667535643e-03,4.353804068546e-03,-1.230145820519e-04,17.569115089,,,,,0.062200,20.610000,11.780000
20003471,asteroid,169.447509195,-0.124397272,67038227.797887862,1.491686210762e-05,,,29.257000,-1.705892213292e-03,-7.698305643389e-03,-6.125341042614e-03,17.288037785,,,,,0.063000,,11.670000
20032440,asteroid,61.594883958,51.149505392,39513173.748928413,2.530801515348e-05,,,29.252000,-6.623143156807e-03,3.490587144689e-03,3.233288663624e-04,12.974928651,,,,,0.062000,,11.510000
20030504,asteroid,37.945374098,20.294753389,37196598.310379528,2.688417880731e-05,,,29.232000,-4.713757320791e-03,4.905280857314e-03,1.940499023203e-03,12.248980245,,,,,0.062000,,11.480000
20000669,asteroid,131.653424785,10.820147486,63860266.260972336,1.565918932930e-05,,,29.227000,-6.806010757228e-03,-6.116427875425e-03,-1.169416289269e-03,15.972631308,,,,,0.112000,14.283000,10.040000
20003978,asteroid,277.598222829,-16.158341658,71457335.018815264,1.399436460563e-05,,,29.223000,9.861129802857e-03,6.524022927590e-04,2.171643371305e-03,17.519703431,,,,,0.054000,15.365400,11.910000
20002192,asteroid,119.856684664,10.738195544,62632441.529445998,1.596616666348e-05,,,29.217000,-8.332589365978e-03,-3.732112231678e-03,-1.480161609618e-03,16.014954208,,,,,0.052000,8.716200,11.760000
20023099,asteroid,335.206944071,-27.048121486,60369123.792845130,1.656475922081e-05,,,29.213000,3.633021863311e-03,7.997837128099e-03,1.367934377548e-03,15.392981504,,,,,0.047000,,11.820000
20000710,asteroid,72.205136830,20.810121263,58515936.236397304,1.708936170755e-05,,,29.208000,-8.291138530294e-03,1.936072280277e-03,9.612647533087e-04,14.835603123,,,,,0.075000,8.288000,11.140000
20021370,asteroid,187.952655349,4.583200471,41413029.230441831,2.414698993487e-05,,,29.196000,2.251219988142e-04,-7.107603264412e-03,-3.372355858147e-03,13.627070005,,,,,0.052000,,11.600000
20000614,asteroid,11.109103071,7.859502645,82391493.775277287,1.213717526141e-05,,,29.191000,-3.403397707242e-03,1.028152956893e-02,3.042121894007e-03,19.477732909,,,,,0.094000,4.572000,11.030000
20001459,asteroid,286.644310077,-37.692154100,70237090.907343581,1.423749171672e-05,,,29.188000,9.156557810129e-03,4.720974528882e-03,1.241975718654e-03,17.966537195,,,,,0.909000,4.678000,10.470000
20001140,asteroid,20.977911733,-3.584864899,83537471.187585130,1.197067598269e-05,,,29.179000,-3.317268021486e-03,9.367117255216e-03,5.848491623478e-03,19.964531284,,,,,0.160000,9.770000,9.950000
20001213,asteroid,47.846580033,26.408722303,74371967.104127303,1.344592645506e-05,,,29.175000,-7.971857995609e-03,7.348230190159e-03,1.202540258077e-03,18.887417357,,,,,0.057000,16.372200,11.190000
20001615,asteroid,37.045462362,13.002178801,80937747.790605485,1.235517452978e-05,,,29.139000,-7.555910559198e-03,8.266171039001e-03,3.440925224956e-03,20.285502858,,,,,0.060000,17.000000,11.520000
20004131,asteroid,47.758920925,27.681195332,71992521.254085079,1.389033169808e-05,,,29.130000,-7.943390243463e-03,6.906733881764e-03,1.490868639280e-03,18.407520709,,,,,0.044000,16.540500,11.810000
20000996,asteroid,138.616729486,16.348892702,77427505.697468191,1.291530691828e-05,,,29.128000,-7.860744970173e-03,-7.333186590051e-03,-3.299308352607e-03,19.470412870,,,,,0.120000,10.050000,11.170000
20024471,asteroid,32.693807043,24.984064915,40651245.896978796,2.459949204347e-05,,,29.125000,-3.908802828213e-03,6.731299337871e-03,-5.575885817935e-04,13.512025057,,,,,0.083000,344.144000,11.190000
20001157,asteroid,301.906125298,-26.200497319,75444212.273139283,1.325482724082e-05,,,29.113000,9.870487377554e-03,3.935432777186e-03,3.262872654971e-03,19.246487449,,,,,0.247000,11.550000,10.010000
20001046,asteroid,295.500839270,-29.229036896,66768949.643968970,1.497702158462e-05,,,29.084000,8.721594609548e-03,3.570915668563e-03,1.909023839131e-03,16.649199826,,,,,0.201000,5.290600,10.860000
20034785,asteroid,36.562986861,7.641688888,39732766.951864764,2.516814399590e-05,,,29.077000,-4.242377658753e-03,6.194056666619e-03,-3.648787240544e-05,12.999244456,,,,,0.058000,,11.730000
20000655,asteroid,348.727573572,-9.042283225,71853826.898204207,1.391714322212e-05,,,29.057000,1.669342519168e-03,9.693697632485e-03,3.231957542027e-03,17.927061920,,,,,0.302000,160.660000,10.000000
20000619,asteroid,319.632094046,-4.993118974,86611606.386541009,1.154579670924e-05,,,29.051000,7.001062829454e-03,8.890202518021e-03,1.746289928589e-03,19.825000079,,,,,0.219000,29.311000,9.850000
20003976,asteroid,352.777463832,6.946196381,79628131.632069260,1.255837578383e-05,,,29.049000,1.367975175730e-03,1.054900554610e-02,2.834741360514e-03,19.060865302,,,,,0.046000,15.691200,11.770000
20005233,asteroid,41.669297244,12.587494946,38679366.791194908,2.585357731936e-05,,,29.035000,-5.138039956059e-03,4.797981343724e-03,2.015633725065e-03,12.662485953,,,,,0.058000,5.330000,11.580000
20004609,asteroid,126.577682884,7.097809389,59812987.432953760,1.671877702348e-05,,,29.012000,-7.093711913502e-03,-4.998231930966e-03,-1.137076577185e-03,15.153562876,,,,,0.053000,,12.030000
20002108,asteroid,148.609450436,13.038011979,84538556.144787908,1.182892215816e-05,,,28.999000,-6.062729770865e-03,-7.390478635727e-03,-5.452158673928e-03,19.054043385,,,,,0.051000,6.305000,12.500000
20000288,asteroid,36.327410871,9.859236285,62394643.873289697,1.602701671045e-05,,,28.981000,-5.501097510719e-03,5.863981393781e-03,2.668743536010e-03,14.668469008,,,,,0.175000,1170.000000,9.870000
20015536,asteroid,189.732143151,-4.726159019,39546770.230034031,2.528651503481e-05,,,28.974000,2.647754790640e-04,-7.433858705724e-03,-1.179522885955e-03,13.040483638,,,,,0.076000,11.710000,11.340000
20001843,asteroid,296.961356132,-16.959864596,93686585.158328250,1.067388675028e-05,,,28.965000,1.111268701043e-02,4.492417440052e-03,3.686761102590e-03,21.713451422,,,,,0.045000,7.434000,11.850000
20013062,asteroid,199.679826291,0.177906544,39329684.847023442,2.542608728978e-05,,,28.958000,2.267658669215e-03,-6.403205089960e-03,-3.113460794141e-03,12.938159804,,,,,0.084000,245.000000,11.180000
20034521,asteroid,53.371322406,33.977576629,40311409.882591955,2.480687236970e-05,,,28.921000,-6.300503870366e-03,3.101661638099e-03,2.898041722781e-03,13.153979097,,,,,0.058000,,11.620000
20000645,asteroid,275.392932370,-30.386030508,56366120.128713682,1.774115368800e-05,,,28.916000,8.308627898906e-03,7.020538961964e-04,4.300846597379e-04,14.456487776,,,,,0.213000,53.436000,9.990000
20001493,asteroid,18.277389554,9.876964096,100219239.846184313,9.978123976342e-06,,,28.905000,-2.914609711164e-03,1.132939668353e-02,5.376679409617e-03,22.292051914,,,,,0.034000,43.296000,12.100000
20000572,asteroid,150.353789338,4.295499098,80408196.419109583,1.243654309553e-05,,,28.903000,-6.372126838188e-03,-7.888181245373e-03,-2.147670411491e-03,17.947106961,,,,,0.089000,5.649700,10.920000
20018278,asteroid,34.388559244,15.770942518,37540381.826881796,2.663798159037e-05,,,28.885000,-4.012876912272e-03,4.126126108155e-03,4.166683919031e-03,12.303015490,,,,,0.077000,28.087000,11.460000
20002582,asteroid,312.641071682,-35.358809865,68534115.221067727,1.459127321881e-05,,,28.870000,8.189079498542e-03,5.950758808196e-03,1.342010113597e-03,17.680670798,,,,,0.133700,7.238000,10.720000
20032437,asteroid,48.559605951,32.102564964,38425225.540970035,2.602457073242e-05,,,28.865000,-4.801388465755e-03,5.497313751830e-03,1.193631223145e-04,12.639402137,,,,,0.070000,,11.320000
20000821,asteroid,96.319612891,18.368944447,64108341.914080881,1.559859403851e-05,,,28.856000,-8.532370492464e-03,-1.876380809166e-03,-1.055377324346e-03,15.236423936,,,,,0.025000,236.600000,11.870000
20004663,asteroid,68.245689052,36.741072476,66172446.276463069,1.511203010120e-05,,,28.824000,-9.254895378190e-03,2.891211738772e-03,1.910744305135e-03,17.111063613,,,,,0.060000,9.545000,11.730000
20002217,asteroid,200.151085289,-6.169831918,65713000.301971026,1.521768897181e-05,,,28.800000,4.981054137959e-03,-7.680445145981e-03,-3.281821338801e-03,16.837960544,,,,,0.097000,6.924000,11.460000
20004896,asteroid,115.713960705,11.587146519,63074080.628868535,1.585437298538e-05,,,28.787000,-8.509453822386e-03,-1.621032691437e-03,-3.280414004853e-03,16.038157412,,,,,0.136000,8.869000,11.760000
20004712,asteroid,155.559862242,10.177460021,57590295.599045023,1.736403658981e-05,,,28.778000,-3.448484019185e-03,-6.155274868366e-03,-4.615854951965e-03,14.598303470,,,,,0.095000,6.248600,11.550000
20006103,asteroid,309.829657040,-6.765218788,73650335.606652886,1.357767064825e-05,,,28.761000,8.159014293327e-03,7.530529023916e-03,1.329922301666e-03,19.361920752,,,,,0.049000,,11.850000
20017351,asteroid,175.514243261,4.549143384,38192642.535287544,2.618305342648e-05,,,28.749000,-1.407337956282e-03,-5.544946580142e-03,-4.419923408998e-03,12.517218174,,,,,0.071000,,11.420000
20051354,asteroid,64.156764554,25.230735682,39933997.691084579,2.504131962283e-05,,,28.731000,-6.467760530489e-03,3.900558457231e-03,4.551148469619e-04,13.101238615,,,,,0.078000,45.804600,11.510000
20024472,asteroid,65.161629292,18.048232409,40892144.536241703,2.445457462163e-05,,,28.723000,-6.611791537170e-03,3.866853589911e-03,-1.355892849152e-03,13.468329235,,,,,0.065000,,11.600000
20001471,asteroid,196.679186680,-20.069847485,69196418.937337518,1.445161491530e-05,,,28.719000,3.298946820786e-03,-7.596864841786e-03,-4.579834245601e-03,16.386781130,,,,,0.085000,6.600000,11.140000
20001708,asteroid,210.075607282,-10.119850666,62506093.316953205,1.599844026292e-05,,,28.706000,2.324708280578e-03,-8.122761755459e-03,-2.511628667428e-03,15.261572257,,,,,0.042000,7.520000,11.740000
20003162,asteroid,137.454404841,18.306643623,73666305.154274955,1.357472725021e-05,,,28.690000,-8.095173012732e-03,-7.194643319881e-03,5.189287644017e-04,18.773656056,,,,,0.056000,6.412000,11.470000
20001556,asteroid,211.824723756,2.027196445,55300474.575613223,1.808302745454e-05,,,28.650000,4.275891740687e-03,-6.202555536388e-03,-3.947991899872e-03,14.726708169,,,,,0.129700,10.000000,10.440000
20025347,asteroid,39.062080241,4.976951994,41452606.032063678,2.412393563933e-05,,,28.649000,-4.679241409603e-03,6.340239662424e-03,5.525815003857e-04,13.677334798,,,,,0.054000,,11.680000
20004446,asteroid,46.493874115,12.728766494,53057503.276819199,1.884747563003e-05,,,28.645000,-4.622568792555e-03,7.243226608342e-03,2.021202198086e-03,15.283746357,,,,,0.086000,40.920000,11.280000
20055060,asteroid,59.865530528,-0.358699874,39288975.213416554,2.545243276436e-05,,,28.643000,-5.412171217518e-03,3.483301610128e-03,3.655069583104e-03,12.815648997,,,,,0.094000,,11.120000
20001159,asteroid,78.747773841,36.095166218,83096360.605827972,1.203422138719e-05,,,28.641000,-1.046208734952e-02,1.983917919208e-03,8.340251621075e-04,18.493936792,,,,,0.038000,77.280000,11.670000
20021284,asteroid,161.765727420,4.791233832,36347628.039803706,2.751211162679e-05,,,28.550000,-2.546232593346e-03,-6.141450442883e-03,-1.831864746125e-03,11.940330525,,,,,0.065000,,11.540000
20014235,asteroid,195.973360819,-2.721205236,38229737.050866507,2.615764787159e-05,,,28.530000,1.381190834824e-03,-6.077938698260e-03,-3.663193038697e-03,12.517847404,,,,,0.066000,,11.390000
20007895,asteroid,350.469010117,-12.061064770,56863542.999819890,1.758596012920e-05,,,28.510000,1.787919358645e-03,7.940460322853e-03,1.706454149413e-03,14.399179770,,,,,0.094900,5.110000,11.490000
20413666,asteroid,300.236484657,-20.958481605,8283606.126236272,1.207203704233e-04,,,28.500000,3.808736647501e-03,-8.859250097785e-04,-7.310293717340e-06,6.770724957,,,,,0.126000,,10.570000
20005070,asteroid,194.123161160,-10.004259399,70191345.152290791,1.424677070699e-05,,,28.470000,2.810994141999e-03,-8.718183914297e-03,-4.725211974770e-03,17.846276641,,,,,0.079200,53.000000,11.890000
20001248,asteroid,276.111466083,-25.905870446,74953238.973066598,1.334165159106e-05,,,28.468000,1.013036474431e-02,1.659596939809e-03,-9.885464795882e-04,17.856330265,,,,,0.282000,12.188900,9.890000
20002324,asteroid,326.066892292,-13.544753526,74653632.340431824,1.339519550020e-05,,,28.463000,7.653162918890e-03,7.058627784601e-03,3.142808343611e-03,18.830130294,,,,,0.060000,23.200000,11.620000
20004230,asteroid,260.160015839,-20.073859587,54336262.450151578,1.840391581805e-05,,,28.461000,8.621692764778e-03,-2.365684080720e-03,-1.052212523807e-03,15.586689320,,,,,0.050000,87.918000,11.840000
20080119,asteroid,55.885568310,48.012163119,37267613.078181654,2.683295004438e-05,,,28.432000,-5.630981370654e-03,4.164072175076e-03,1.002464206020e-03,12.249660379,,,,,0.055000,,11.540000
20003902,asteroid,114.281264753,21.878526416,59961954.785345130,1.667724148720e-05,,,28.402000,-7.997528159200e-03,-2.053099216809e-03,-3.517000519637e-03,15.539279205,,,,,0.061000,10.803570,11.700000
20053436,asteroid,168.076404449,21.812780215,40658703.241146825,2.459498017113e-05,,,28.399000,-2.249204763356e-03,-7.090495407461e-03,-1.656045106469e-03,13.195079440,,,,,0.073000,,11.460000
20005849,asteroid,337.702868367,-19.145393352,64749781.360491797,1.544406759357e-05,,,28.390000,3.776967067530e-03,8.856496698225e-03,1.577251326706e-04,16.673119437,,,,,0.182300,8.733000,11.170000
20024275,asteroid,164.111718908,-6.137820991,41895298.620437607,2.386902666716e-05,,,28.389000,-1.730897193076e-03,-6.821611431691e-03,-3.585690135477e-03,13.676049832,,,,,0.080000,57.980000,11.210000
20006355,asteroid,320.069859688,-38.238997921,67868380.874313474,1.473440189846e-05,,,28.380000,8.278116207975e-03,4.973311535041e-03,3.013064204151e-03,17.515942428,,,,,0.066300,44.027000,11.840000
20000890,asteroid,0.845934114,-3.509661452,66936531.051745757,1.493952531282e-05,,,28.376000,5.388855710332e-04,9.439915672405e-03,2.174227328279e-03,16.798671509,,,,,0.121000,12.581000,10.490000
20068444,asteroid,25.120635675,-20.623993790,38688556.472715385,2.584743632669e-05,,,28.373000,-2.371794402591e-03,6.728657637273e-03,1.776983420695e-03,12.730378154,,,,,0.066000,,11.590000
20000295,asteroid,320.953079442,-13.329143003,72477617.543236524,1.379736301905e-05,,,28.340000,5.239794248392e-03,7.813696392069e-03,3.700879582669e-03,17.504489545,,,,,0.171000,10.702000,10.040000
20004837,asteroid,105.273478959,43.683493364,66596996.799545765,1.501569211912e-05,,,28.328000,-9.573306386459e-03,1.465012231320e-03,-2.175310629117e-03,17.186523972,,,,,0.050000,,11.920000
20024459,asteroid,35.537824755,30.495694733,39969956.433132112,2.501879134327e-05,,,28.326000,-4.542678970114e-03,5.615972416130e-03,2.486413716721e-03,13.226939961,,,,,0.050000,6.647000,11.940000
20013362,asteroid,162.278941473,17.494856589,41019786.307821400,2.437847902219e-05,,,28.324000,-2.988217197103e-03,-6.497503348744e-03,-3.047372154789e-03,13.460166471,,,,,0.088000,15.130000,11.080000
20002173,asteroid,92.749869201,9.133114331,63915810.228518955,1.564558121730e-05,,,28.324000,-9.421771721139e-03,5.690104321096e-04,3.166217652847e-04,16.352306328,,,,,0.061000,7.730000,11.640000
20021599,asteroid,175.593680695,-6.074674882,38780932.335741267,2.578586794517e-05,,,28.312000,-1.182446418796e-03,-7.007405053632e-03,-1.983821739791e-03,12.774990078,,,,,0.067000,12.651000,11.450000
20000894,asteroid,109.057613826,9.606078084,59908765.933630168,1.669204805700e-05,,,28.309000,-8.423381512321e-03,-2.370920728892e-03,-7.960833636904e-04,15.214015742,,,,,0.120000,4.689700,9.750000
20005771,asteroid,324.317245457,-9.064274113,74592790.843953669,1.340612127105e-05,,,28.306000,4.665994656182e-03,8.599039307226e-03,4.909244389774e-03,18.952585665,,,,,0.029000,9.200000,12.450000
20134720,asteroid,159.285321030,-13.269129914,36269069.224774823,2.757170286898e-05,,,28.299000,-8.786631668401e-04,-5.116968527987e-03,-4.541461070657e-03,11.943323255,,,,,0.051000,,11.740000
20000625,asteroid,37.312296898,1.989802725,89303393.896534592,1.119778270867e-05,,,28.287000,-5.072537682787e-03,1.020160395688e-02,3.816695297638e-03,20.804196025,,,,,0.221000,21.017000,9.970000
20003078,asteroid,356.212076990,-6.452570101,59289912.373196043,1.686627555975e-05,,,28.284000,9.540666156855e-04,7.581591768760e-03,4.205580937251e-03,15.102203644,,,,,0.061000,13.620000,11.740000
20001411,asteroid,164.931487971,-1.302711725,65326111.465937756,1.530781455623e-05,,,28.272000,-2.386010099476e-03,-8.087399866903e-03,-4.212070498449e-03,16.319898626,,,,,0.096000,4.900000,11.000000
20002816,asteroid,208.840785409,-4.324777827,65628120.966071881,1.523737058565e-05,,,28.256000,5.031861484216e-03,-6.498142236130e-03,-3.490818822361e-03,15.460590891,,,,,0.042000,80.315000,12.100000
20057714,asteroid,51.764976309,2.121283344,40318301.683575608,2.480263201184e-05,,,28.255000,-5.843201139859e-03,4.349883632629e-03,2.455122614844e-03,13.309950304,,,,,0.051000,,11.740000
20032811,asteroid,46.727141913,17.007364216,36424334.100205228,2.745417382920e-05,,,28.249000,-5.056194178226e-03,2.882444985118e-03,3.825536287013e-03,12.059235351,,,,,0.080000,,11.330000
20003325,asteroid,357.093424905,-22.121450421,63765463.086999968,1.568247059753e-05,,,28.238000,2.407295643139e-03,7.521331050747e-03,5.259277731473e-03,16.428368257,,,,,0.067000,11.568100,11.660000
20024454,asteroid,63.394108082,19.048048454,41132887.625806861,2.431144657524e-05,,,28.224000,-6.879237655907e-03,3.026937049248e-03,1.831815382540e-03,13.394114781,,,,,0.067000,500.000000,11.480000
20023186,asteroid,45.668515774,6.260194095,46493920.853185840,2.150818820288e-05,,,28.210000,-5.570298212511e-03,4.336758026002e-03,3.087402908821e-03,13.340956284,,,,,0.081000,5.003000,11.610000
20001300,asteroid,70.039997808,20.217268773,74731594.654925928,1.338122121731e-05,,,28.194000,-9.699340100317e-03,2.386564099057e-03,2.875370201884e-03,17.997212493,,,,,0.031000,565.000000,11.630000
20005637,asteroid,73.473707894,44.440037109,39126467.508717991,2.555814679097e-05,,,28.168000,-7.047567675261e-03,1.602617788389e-03,1.770667241959e-03,12.884163029,,,,,0.056000,,11.660000
20001780,asteroid,275.251074375,-25.864703291,72561220.218546182,1.378146614663e-05,,,28.164000,1.034798221043e-02,3.405015510140e-05,1.726363776892e-03,18.164808255,,,,,0.126000,13.684000,10.730000
20002218,asteroid,313.701169271,-25.885375434,65416322.794063471,1.528670456070e-05,,,28.158000,6.057017953456e-03,7.250326137784e-03,1.161589439524e-03,16.481066844,,,,,0.048000,4.926700,11.430000
20001645,asteroid,79.899912434,23.196953127,71017568.120493561,1.408102285766e-05,,,28.146000,-9.999709878338e-03,2.514078464980e-03,8.910890135321e-04,17.919434611,,,,,0.067000,4.861000,11.170000
20003565,asteroid,354.975072487,-10.055542384,65808080.230986729,1.519570235889e-05,,,28.129000,2.503957119777e-04,9.035228543396e-03,3.838108402095e-03,17.002617760,,,,,0.032000,15.451000,12.060000
20004672,asteroid,87.326608126,22.277185460,61825872.921455465,1.617445824453e-05,,,28.115000,-8.855724334079e-03,-5.626364284049e-04,2.432957245153e-03,15.931256032,,,,,0.108000,4.378200,11.620000
20001805,asteroid,228.078187564,-16.646891042,70206360.568929046,1.424372367256e-05,,,28.098000,7.338160547496e-03,-6.543445566567e-03,-3.251820590039e-03,17.930371888,,,,,0.089000,23.000000,11.390000
20001901,asteroid,212.846339425,10.645105229,67996792.747680485,1.470657599559e-05,,,28.096000,4.345833506491e-03,-7.648105432827e-03,-5.126093174278e-03,17.628289926,,,,,0.074000,,11.490000
20004349,asteroid,218.432172378,-6.103932687,65504545.119560637,1.526611623934e-05,,,28.091000,6.048410423975e-03,-5.126952919040e-03,-3.470393530311e-03,14.986111126,,,,,0.035000,16.284000,11.940000
20009818,asteroid,155.327183671,16.174720755,40011072.541075669,2.499308157694e-05,,,28.076000,-3.684970701283e-03,-5.793058537615e-03,-3.243117284544e-03,13.147259262,,,,,0.089000,,11.090000
20005438,asteroid,280.236573103,-32.538903335,77583501.000124022,1.288933841743e-05,,,28.072000,9.794406813146e-03,-3.470475176529e-03,2.644005521403e-03,18.565009954,,,,,0.056000,25.300000,11.800000
20001811,asteroid,242.404971378,-12.628474360,70218182.284465253,1.424132564339e-05,,,28.072000,9.608053750999e-03,-3.623428047243e-03,-1.290569873896e-03,17.919490697,,,,,0.074000,17.565000,11.060000
20005360,asteroid,273.292614318,-44.472379315,63139454.046926960,1.583795766205e-05,,,28.062000,9.405226789442e-03,1.092481109011e-03,-4.253237999747e-04,16.410768201,,,,,0.056000,8.651920,12.030000
20048764,asteroid,35.029131372,-11.514531664,43702135.134273253,2.288217719632e-05,,,28.043000,-3.567550977146e-03,6.221160843643e-03,4.100905971952e-03,14.303939155,,,,,0.062000,,11.540000
20000340,asteroid,135.229141668,21.688050577,80449575.170784831,1.243014643492e-05,,,28.025000,-9.005543850725e-03,-5.888471692436e-03,-2.704757323418e-03,19.209780596,,,,,0.247000,8.006200,9.990000
20001659,asteroid,184.307616151,-11.066133151,58898543.326281019,1.697834858937e-05,,,28.010000,1.157661028360e-03,-6.181377291983e-03,-4.803554229404e-03,13.701911604,,,,,0.271000,5.010000,10.000000
20002613,asteroid,269.864260017,-25.142278636,65385138.448305532,1.529399529819e-05,,,28.007000,9.263244910983e-03,-1.087329418156e-03,1.828286942842e-03,16.456367758,,,,,0.077000,34.780800,11.580000
3515797,asteroid,335.422246179,60.320655173,8351945.036746880,1.197325887084e-04,,,28.000000,7.053494230852e-04,1.508596559686e-03,3.007045379703e-03,5.951705838,,,,,0.047000,,11.400000
20002846,asteroid,339.103728324,-11.380423394,61890220.203581475,1.615764165502e-05,,,27.994000,4.103828568466e-03,8.155481501330e-03,1.556792454660e-03,16.036028449,,,,,0.072000,18.894000,11.570000
20000321,asteroid,179.006967168,2.313131822,70703714.526825562,1.414352847927e-05,,,27.974000,-7.846342091365e-04,-9.026623274720e-03,-4.263586638865e-03,17.338251453,,,,,0.425000,2.871000,10.080000
20032339,asteroid,28.699616917,0.110239597,42391928.358395509,2.358939634795e-05,,,27.968000,-4.468944635667e-03,6.655119138423e-03,7.365109507898e-04,13.938445342,,,,,0.057000,9.778000,11.770000
20004973,asteroid,30.765958173,27.090186632,61160554.850288816,1.635040758619e-05,,,27.958000,-6.599912092699e-03,5.172297365040e-03,4.331256839991e-03,16.341071477,,,,,0.068000,,11.670000
20015521,asteroid,173.701446134,6.500858050,42274995.598463550,2.365464468638e-05,,,27.941000,-1.145396107020e-03,-6.636443760710e-03,-4.420961158225e-03,13.948624831,,,,,0.082000,50.199100,11.280000
20024453,asteroid,21.836765786,19.642819910,39822168.876348861,2.511164078243e-05,,,27.932000,-3.106654853696e-03,6.322395786731e-03,2.674470693035e-03,13.046591761,,,,,0.090000,57.711600,11.370000
20006785,asteroid,139.492002998,36.675560919,70143712.377345532,1.425644531930e-05,,,27.930000,-7.539937454856e-03,-6.663588100586e-03,-2.710509347614e-03,18.043817670,,,,,0.056000,6.416550,11.260000
20000787,asteroid,98.278260386,8.396210376,73510230.445422620,1.360354870255e-05,,,27.927000,-9.695340175320e-03,-6.185428610869e-04,-2.587798269479e-04,16.827158025,,,,,0.190000,6.056000,9.640000
20002576,asteroid,138.810900025,14.587326567,58995385.003954783,1.695047841340e-05,,,27.887000,-5.735262452679e-03,-4.892567311729e-03,-4.083346736862e-03,14.844571338,,,,,0.073000,271.974000,11.460000
20002659,asteroid,266.002793607,-22.122845303,61960217.852625757,1.613938805668e-05,,,27.878000,9.029055509065e-03,-1.173559379847e-03,-5.683860210401e-04,15.795608011,,,,,0.050000,6.132000,11.750000
20001095,asteroid,194.911617205,-3.230402048,69230698.472690865,1.444445920756e-05,,,27.875000,2.578992252571e-03,-9.435469546850e-03,-2.266761486111e-03,17.385197115,,,,,0.146000,2.787210,10.440000
20032482,asteroid,48.574010421,17.599751047,39361619.659384243,2.540545863340e-05,,,27.868000,-5.551891531034e-03,3.693359823217e-03,3.306079493587e-03,12.886805073,,,,,0.109000,5.670000,11.080000
20068519,asteroid,35.700502726,-9.857909548,38594441.469994061,2.591046694580e-05,,,27.855000,-3.588891010281e-03,5.869089667227e-03,2.706100407427e-03,12.799826914,,,,,0.052000,,11.790000
20001623,asteroid,311.184119867,-18.666580567,60838258.800027773,1.643702531473e-05,,,27.851000,6.190249386328e-03,6.089241835514e-03,2.241339696047e-03,15.527379897,,,,,0.075000,20.520900,11.460000
20005023,asteroid,160.217613875,1.368206512,38897507.306474216,2.570858826816e-05,,,27.850000,-2.493017075832e-03,-5.733558443094e-03,-3.891704768099e-03,12.751117829,,,,,0.173000,5.402000,10.430000
20051364,asteroid,44.692735488,6.811951679,42063888.359081000,2.377336092811e-05,,,27.850000,-5.733639632456e-03,4.369570591109e-03,3.547717081608e-03,13.911484434,,,,,0.057000,30.560000,11.610000
20000378,asteroid,246.432592370,-19.762062858,67944179.481212333,1.471796418230e-05,,,27.831000,8.946436954187e-03,-2.887280499273e-03,-8.253276438902e-05,16.277714282,,,,,0.339000,4.450000,9.810000
20001871,asteroid,14.558863718,-0.672483339,40196956.001192294,2.487750564919e-05,,,27.828000,-1.602422653804e-03,7.146721366149e-03,2.231194994488e-03,13.256856700,,,,,0.076000,6.517000,11.240000
20006998,asteroid,43.284762491,16.887552200,39062385.982443564,2.560007472276e-05,,,27.828000,-4.955396349254e-03,4.959945176749e-03,2.392459811309e-03,12.826913779,,,,,0.049000,,11.530000
20044566,asteroid,237.951272190,-38.525034516,55155202.429867126,1.813065596616e-05,,,27.818000,7.261522053599e-03,-3.869875246794e-03,1.463227360804e-03,14.470532944,,,,,0.051000,,12.210000
20001229,asteroid,107.985470900,21.361992378,63459548.008788429,1.575807000487e-05,,,27.795000,-9.438427149703e-03,-1.056743170837e-03,-4.913286876000e-04,16.466329035,,,,,0.069000,7.035000,11.390000
20002492,asteroid,132.099737288,18.622970712,56725578.609245852,1.762873159723e-05,,,27.792000,-6.195933854471e-03,-5.147814708729e-03,-2.282362774436e-03,14.496624040,,,,,0.068000,15.099000,11.660000
20058931,asteroid,38.755101590,-2.010362319,36592977.549419396,2.732764773376e-05,,,27.753000,-3.651279018114e-03,5.421154729692e-03,2.429082138509e-03,12.073258330,,,,,0.058000,11.332180,11.640000
20003237,asteroid,345.409243396,2.905093736,68635715.419765562,1.456967402298e-05,,,27.751000,2.657135307411e-03,8.487396618046e-03,4.433796288009e-03,17.206431825,,,,,0.118000,10.360000,10.750000
20000470,asteroid,16.616430522,3.917135710,78976910.598386958,1.266192856144e-05,,,27.750000,-2.568870330931e-03,9.439789034555e-03,2.792439120447e-03,17.615514423,,,,,0.148000,296.200000,10.050000
20000323,asteroid,228.581505537,2.239939984,67496728.120753109,1.481553295755e-05,,,27.714000,5.785821759552e-03,-4.189711381189e-03,-4.290330901070e-03,14.427966467,,,,,0.295000,9.463000,9.500000
20016461,asteroid,226.693922383,-32.966975676,59487322.468354493,1.681030442296e-05,,,27.713000,7.173300442124e-03,-4.988419426638e-03,-1.239738305629e-03,15.279801853,,,,,0.033000,21.554400,12.020000
20003584,asteroid,71.336135576,24.011873718,74218448.782394201,1.347373889384e-05,,,27.696000,-1.023651223582e-02,3.292224446037e-03,1.165620668757e-03,18.727256260,,,,,0.036000,,12.320000
20003727,asteroid,92.778509353,18.398389490,57697234.812025480,1.733185313400e-05,,,27.691000,-8.712281164879e-03,6.203578100064e-04,4.803310175550e-04,15.145982865,,,,,0.064000,51.469000,11.560000
20008376,asteroid,42.117775825,15.843011979,52745961.897906229,1.895879729970e-05,,,27.689000,-4.787973461375e-03,6.526460733840e-03,3.389304582948e-03,15.194139507,,,,,0.058000,16.763000,11.860000
20022052,asteroid,164.686653421,18.996784328,39436175.561375730,2.535742844647e-05,,,27.680000,-2.877626437758e-03,-6.493268517857e-03,-2.336695816292e-03,12.945858262,,,,,0.084000,,11.270000
20009661,asteroid,168.320673053,18.661331890,42490198.647676997,2.353483937065e-05,,,27.664000,-2.272819065804e-03,-5.756902750070e-03,-2.913817298886e-03,11.844729937,,,,,0.070000,5.248000,11.470000
20000717,asteroid,173.181636948,2.656634612,52654071.551278077,1.899188363859e-05,,,27.656000,-1.632278048510e-03,-6.652633906307e-03,-3.119286503824e-03,13.032225752,,,,,0.086000,,10.890000
20001903,asteroid,340.307605813,-12.794762122,65831028.651255354,1.519040520083e-05,,,27.642000,3.347484481834e-03,8.676094124242e-03,1.952494787024e-03,16.452712262,,,,,0.071000,1794.000000,10.530000
20001275,asteroid,151.694782944,3.477587347,71475911.437627763,1.399072750367e-05,,,27.622000,-5.865982990010e-03,-7.588883007528e-03,-1.628700842723e-03,16.845354882,,,,,0.141000,5.650000,10.960000
20001334,asteroid,75.562134097,13.042901229,64859681.394209325,1.541789873931e-05,,,27.621000,-8.793053579571e-03,1.937837133674e-03,1.877247425651e-03,15.925361872,,,,,0.242000,6.249700,10.560000
20023480,asteroid,146.642927441,-5.473032684,41170972.364834398,2.428895754850e-05,,,27.621000,-2.662117133962e-03,-5.937826901644e-03,-4.342787250433e-03,13.545754316,,,,,0.084000,4.070000,11.420000
20055568,asteroid,181.072300766,22.106303901,38960429.943674229,2.566706788004e-05,,,27.608000,-1.773090258054e-03,-5.594985056047e-03,-4.434922785525e-03,12.737245060,,,,,0.064000,,11.530000
20000853,asteroid,297.409942478,-12.494135058,95950565.175912768,1.042203345198e-05,,,27.593000,1.124519230295e-02,4.407696125288e-03,1.208681008227e-03,21.017279014,,,,,0.051000,7.931000,11.620000
20000992,asteroid,265.082463465,-14.585156202,71384347.817253098,1.400867319766e-05,,,27.585000,1.015682711560e-02,-1.869916721882e-03,5.781187113141e-04,17.909654780,,,,,0.111000,13.305000,10.520000
20004772,asteroid,198.616725898,-9.827242355,61157278.810255326,1.635128343598e-05,,,27.570000,3.002982593990e-03,-8.367280527970e-03,-1.685395852383e-03,15.666560463,,,,,0.040000,16.040900,12.020000
20017417,asteroid,49.918864695,16.356755428,41785977.583894089,2.393147313575e-05,,,27.569000,-5.850548127753e-03,4.830260240119e-03,2.239187736596e-03,13.696500943,,,,,0.049000,6.724000,11.640000
20013229,asteroid,183.482568363,-3.033564913,41832673.288786598,2.390475963840e-05,,,27.554000,2.969499202645e-04,-7.112229488241e-03,-3.634301550246e-03,13.838677331,,,,,0.053000,8.460000,11.790000
20001416,asteroid,121.805091960,28.619666819,73086546.297102630,1.368240874230e-05,,,27.552000,-9.764073253754e-03,-3.247660766603e-03,-2.408089207408e-03,18.298092916,,,,,0.212000,8.700000,10.650000
20001366,asteroid,98.988833283,32.279800315,64298946.587981276,1.555235432406e-05,,,27.550000,-9.004887672480e-03,-7.372160887938e-04,2.492115716787e-04,15.649687729,,,,,0.153800,16.570000,10.470000
20018331,asteroid,188.225187741,-9.357595037,61243253.103869401,1.632832923333e-05,,,27.533000,1.982610292763e-03,-6.805869538916e-03,-5.485845932668e-03,15.519988412,,,,,0.028000,,11.900000
20009430,asteroid,31.957165059,13.912875204,38429307.449272826,2.602180643822e-05,,,27.532000,-3.866692044510e-03,5.705460497296e-03,2.531943510091e-03,12.713459821,,,,,0.077000,26.264000,11.450000
20012365,asteroid,343.621344315,-20.523132303,62918660.797100157,1.589353599284e-05,,,27.530000,3.432696191409e-03,8.396186256096e-03,2.232728417942e-03,16.174478249,,,,,0.019400,,12.950000
20001148,asteroid,102.040670673,15.437831636,63463150.236022778,1.575717556221e-05,,,27.512000,-9.049612631712e-03,-1.360206773452e-03,6.555516160104e-04,15.885623375,,,,,0.064000,6.544700,10.250000
20000251,asteroid,283.083211210,-14.395686308,61145282.709665298,1.635449139631e-05,,,27.495000,8.636285672411e-03,2.315801726147e-03,-9.937074213115e-05,15.482578445,,,,,0.234000,20.216000,9.950000
20003693,asteroid,265.097348598,-8.464994275,66353297.174763128,1.507084112740e-05,,,27.494000,9.754896303002e-03,1.142895314449e-03,1.139213435437e-04,17.006854322,,,,,0.049000,6.626000,12.010000
20005153,asteroid,123.622978434,26.326645632,93848788.302021593,1.065543858469e-05,,,27.494000,-1.038980567453e-02,-7.052788555322e-03,-4.590584451303e-04,21.757229428,,,,,0.039000,9.000000,12.150000
20003045,asteroid,301.987573484,-23.574042820,69207662.346824884,1.444926712000e-05,,,27.493000,8.410462869254e-03,5.314103996286e-03,2.287818628181e-03,17.675257299,,,,,0.059000,3.753000,11.710000
20051962,asteroid,12.290838690,25.441559895,37942407.059967436,2.635573432174e-05,,,27.479000,-2.413204211720e-03,6.239536236850e-03,2.635630580909e-03,12.449874875,,,,,0.077000,,11.570000
20020144,asteroid,168.246258161,12.269544529,40213738.085818686,2.486712371444e-05,,,27.467000,-2.105233545262e-03,-6.341433858822e-03,-3.702943781368e-03,13.226968603,,,,,0.071000,,11.520000
20006222,asteroid,220.782052825,-10.922522178,71697381.839920774,1.394751069478e-05,,,27.451000,5.933422759047e-03,-5.919102170560e-03,-6.638420879656e-03,18.512011313,,,,,0.065000,,11.740000
20013035,asteroid,201.165940124,-6.590526600,56455096.203040883,1.771319273646e-05,,,27.435000,4.644031093150e-03,-7.234097014457e-03,-3.705501131944e-03,16.208315610,,,,,0.051000,10.647000,11.930000
20001291,asteroid,206.934183158,-12.128715321,65534415.694638200,1.525915794625e-05,,,27.418000,5.254849655383e-03,-7.695904153607e-03,-1.700000509467e-03,16.401419657,,,,,0.127000,5.584100,10.390000
20003273,asteroid,23.593568892,3.978406034,60123734.106369995,1.663236681592e-05,,,27.397000,-3.205780108433e-03,6.918401343234e-03,5.235270540693e-03,16.014745974,,,,,0.067000,138.017000,11.620000
20042554,asteroid,161.741927213,2.281963770,39303443.886283249,2.544306302759e-05,,,27.397000,-2.233029254116e-03,-7.039577066010e-03,-7.129374986275e-04,12.846703219,,,,,0.059000,,11.790000
20001462,asteroid,34.463066791,13.999050863,59197970.663082100,1.689247095464e-05,,,27.366000,-5.309362011740e-03,6.272616794330e-03,2.875172614403e-03,15.074781958,,,,,0.087000,10.400000,11.390000
20001576,asteroid,343.733917501,-6.848337128,71133480.608568370,1.405807773561e-05,,,27.357000,1.645916601302e-03,9.569945352765e-03,3.959116296999e-03,18.156989412,,,,,0.115000,6.889000,11.340000
20000565,asteroid,65.088201706,17.499135204,85724195.734828979,1.166531795869e-05,,,27.332000,-1.061725561851e-02,3.431231366535e-03,-5.533713894679e-04,19.343223706,,,,,0.105000,4.587000,10.840000
20000274,asteroid,170.018488619,8.174070280,73736862.639643639,1.356173783643e-05,,,27.307000,-1.431012532460e-03,-9.775879985626e-03,-4.106032453703e-03,18.525384904,,,,,0.237000,17.938000,9.990000
20000840,asteroid,241.585861490,-25.686773589,72144984.208104029,1.386097746055e-05,,,27.306000,9.644929408195e-03,-4.404982678446e-03,-9.703005531165e-05,18.359807779,,,,,0.232000,5.565000,10.060000
20023624,asteroid,195.757549005,-11.467560980,38089212.174982399,2.625415289258e-05,,,27.292000,9.252456080815e-04,-7.181446421071e-03,-6.148653811361e-04,12.582261257,,,,,0.060000,,11.700000
20001132,asteroid,271.466981041,-29.800609794,103234257.912210047,9.686706915164e-06,,,27.235000,1.350285058966e-02,1.921825579962e-03,1.306007460624e-04,23.616299712,,,,,0.086000,5.322000,11.210000
20011911,asteroid,223.229981046,3.066520855,57059132.790080279,1.752567820613e-05,,,27.233000,6.133607707484e-03,-5.586648679474e-03,-1.535518259215e-03,14.608982068,,,,,0.054000,,11.930000
20051958,asteroid,29.314630016,18.035044773,40072178.344596311,2.495496978978e-05,,,27.223000,-3.473508784597e-03,4.912156544435e-03,4.552503065339e-03,13.063016165,,,,,0.072000,16.790000,11.640000
20043390,asteroid,87.919078592,18.363669201,56612076.832517073,1.766407551093e-05,,,27.208000,-8.144396618536e-03,-8.091046465821e-04,2.835503534467e-03,14.997447640,,,,,0.024000,265.960000,12.680000
20001434,asteroid,234.118441019,-8.335386287,70862017.306851849,1.411193242876e-05,,,27.178000,8.649603028514e-03,-5.121333644929e-03,-2.040969735165e-03,17.759822807,,,,,0.130000,8.226500,10.370000
20020428,asteroid,179.704431474,18.882302281,37807624.291089304,2.644969153049e-05,,,27.176000,-2.337231580114e-03,-5.666295735216e-03,-3.731442855209e-03,12.424722966,,,,,0.095000,14.813000,11.000000
20008241,asteroid,182.834351510,0.411441176,39560754.684684061,2.527757642569e-05,,,27.174000,6.064078497048e-04,-6.626719645088e-03,-3.461561432205e-03,12.987490413,,,,,0.087000,17.890000,11.330000
20000544,asteroid,34.016980248,22.342623283,75651444.771517053,1.321851820570e-05,,,27.169000,-5.200340817011e-03,8.015913501462e-03,3.402422331985e-03,17.561692353,,,,,0.262000,7.745000,10.020000
20001371,asteroid,214.493576662,-5.180664236,68029896.405032560,1.469941970874e-05,,,27.155000,6.668269665879e-03,-7.589201643782e-03,-7.699516191204e-04,17.542881715,,,,,0.057000,8.945810,11.780000
20029564,asteroid,171.535084771,-9.426216336,55018018.597604200,1.817586357142e-05,,,27.139000,-7.384563039484e-05,-6.909171055635e-03,-3.804882942592e-03,13.657587539,,,,,0.036000,8.434000,11.920000
20051350,asteroid,27.340304697,28.463514605,41431829.511583038,2.413603289520e-05,,,27.121000,-4.522152561488e-03,5.461868814307e-03,3.388518540575e-03,13.607524968,,,,,0.066000,11.306000,11.640000
20002165,asteroid,182.726061635,-0.896420239,58811200.188716747,1.700356389244e-05,,,27.115000,-6.841233812202e-04,-7.816837264005e-03,-3.529980815061e-03,14.897748245,,,,,0.073000,6.389000,11.400000
20002793,asteroid,196.462680488,-17.852131524,67096946.408322290,1.490380790080e-05,,,27.103000,4.033590222206e-03,-6.457751386333e-03,-6.413540410296e-03,17.236990110,,,,,0.082000,10.594000,11.470000
20037301,asteroid,171.207934759,1.780622320,41970263.246672682,2.382639332336e-05,,,27.099000,-1.169104221650e-03,-5.666962091369e-03,-5.463976953978e-03,13.779645412,,,,,0.060000,,11.880000
20008125,asteroid,186.714626337,-13.671064244,37835195.883039668,2.643041688198e-05,,,27.088000,1.548404909145e-03,-5.942528591231e-03,-3.749311872466e-03,12.457894309,,,,,0.126000,,10.830000
20005833,asteroid,53.851247930,37.643253914,61187165.077822998,1.634329681279e-05,,,27.077000,-8.031116531961e-03,5.051583498849e-03,8.559222255252e-04,16.494335439,,,,,0.105000,27.441000,11.240000
20159342,asteroid,51.942011695,33.312723168,37130663.240852557,2.693191860090e-05,,,27.048000,-4.760003745693e-03,5.174248323336e-03,-8.974267289217e-04,12.272091182,,,,,0.073000,,11.610000
20020739,asteroid,181.857301326,-11.584955796,43887059.023380637,2.278576013643e-05,,,27.043000,2.844250888843e-04,-7.098277771353e-03,-4.320185135794e-03,14.396149380,,,,,0.073000,,11.640000
20017109,asteroid,171.697966076,-4.655568763,63792638.834197767,1.567578984464e-05,,,27.040000,-5.371625636646e-04,-8.035922410692e-03,-3.353972678094e-03,15.105780124,,,,,0.026500,3.187400,12.780000
20000698,asteroid,99.325976360,32.924163637,79068961.633277223,1.264718771239e-05,,,27.037000,-1.080150813069e-02,-2.653718843185e-03,4.502736731337e-07,19.258501929,,,,,0.095000,5.036300,11.020000
20000862,asteroid,186.332715998,-17.243287810,69852604.595808655,1.431585845347e-05,,,27.033000,1.708381097559e-03,-8.441140732101e-03,-4.544113578515e-03,16.860192956,,,,,0.291000,7.523000,9.920000
20001828,asteroid,18.573951483,3.976476927,74593494.728009701,1.340599476732e-05,,,27.016000,-3.999147533149e-03,9.950389283410e-03,1.535499985869e-03,18.757455217,,,,,0.073000,14.838000,11.340000
20001960,asteroid,39.194425712,18.456777532,78252412.117950141,1.277915878801e-05,,,27.004000,-6.085991514808e-03,6.984525654342e-03,4.642532393109e-03,17.941769667,,,,,0.041000,8.460000,12.210000
20030704,asteroid,56.538102924,29.938879060,38577567.118696876,2.592180053561e-05,,,27.002000,-6.315230852803e-03,2.659799012494e-03,2.750423263567e-03,12.784847910,,,,,0.088000,,11.360000
20003730,asteroid,186.292054456,-9.551216442,66021039.110177398,1.514668677558e-05,,,26.996000,2.178571645045e-03,-7.836011193593e-03,-3.826805448648e-03,15.563253091,,,,,0.051000,4.649000,11.910000
20001764,asteroid,137.791706126,15.590028209,65993558.788114235,1.515299399462e-05,,,26.970000,-5.947858087747e-03,-7.160770430101e-03,-2.697222856547e-03,16.780725498,,,,,0.109000,3.624170,11.440000
20001362,asteroid,191.968910727,18.511082722,48069925.065016024,2.080302806063e-05,,,26.936000,-2.192882888301e-04,-6.667974080099e-03,-1.125301412906e-03,11.714718729,,,,,0.082000,6.907000,11.240000
20003054,asteroid,293.914188744,-20.444927304,80590131.207912192,1.240846720326e-05,,,26.921000,1.018231535918e-02,5.330657579576e-03,1.900722671881e-03,20.170409688,,,,,0.056000,,11.890000
20031835,asteroid,189.727400598,11.374642868,39311876.177180387,2.543760555952e-05,,,26.904000,5.400993153199e-05,-6.586559915811e-03,-3.441648153884e-03,12.867722027,,,,,0.074000,,11.560000
3512266,asteroid,279.231737230,-22.197132277,9254820.042469058,1.080518038612e-04,,,26.900000,3.179266613654e-03,-1.646594266944e-03,-9.364162943715e-05,6.201366246,,,,,0.049000,,11.900000
20001209,asteroid,34.551821489,7.802044089,60933799.974956244,1.641125287461e-05,,,26.889000,-4.284669841507e-03,7.062988937610e-03,3.635213132820e-03,15.627199668,,,,,0.141000,8.500100,10.810000
20006983,asteroid,272.556024972,-21.043626704,68302603.874668792,1.464073026901e-05,,,26.889000,1.000722676162e-02,1.857274940874e-03,-6.686905685818e-04,17.660961988,,,,,0.035000,9.884640,12.360000
20005651,asteroid,213.017601647,1.463166333,57641754.857834153,1.734853497202e-05,,,26.880000,4.893447375232e-03,-6.491818417305e-03,-2.255313828349e-03,14.607583555,,,,,0.051100,,11.720000
20032451,asteroid,27.921938870,23.532712566,40760657.641524084,2.453346088757e-05,,,26.879000,-3.234999733557e-03,6.990167941950e-03,8.736184966846e-04,13.421960398,,,,,0.061000,,11.800000
20037297,asteroid,167.199158426,-16.493969613,42270100.553652607,2.365738398778e-05,,,26.879000,-1.186092625781e-03,-7.516652630630e-03,-2.649627520469e-03,13.951654215,,,,,0.061000,,11.650000
20000272,asteroid,59.593083892,22.402029123,75934054.426241934,1.316932182215e-05,,,26.870000,-9.409872824755e-03,4.035036119534e-03,2.547953258224e-03,18.268247264,,,,,0.128000,3.854800,10.860000
20010247,asteroid,200.920880386,-5.955048156,39097774.908914737,2.557690309307e-05,,,26.826000,2.708513627020e-03,-6.577706393084e-03,-2.385609488062e-03,12.990935002,,,,,0.098000,26.240000,11.220000
20006794,asteroid,228.583297601,-21.297121211,56371739.846192762,1.773938506650e-05,,,26.820000,6.690180059209e-03,-2.841052399796e-03,-3.607791176994e-03,14.050027582,,,,,0.097800,4.580000,11.290000
20001844,asteroid,93.349578369,22.105478200,69353582.714359134,1.441886577250e-05,,,26.800000,-9.787855719202e-03,-1.704894451479e-03,1.493971139494e-03,17.395819779,,,,,0.118000,5.423000,11.110000
20002052,asteroid,251.974465694,-16.335854758,63680119.054630637,1.570348822907e-05,,,26.799000,8.792636823558e-03,-2.657143986259e-03,1.023118860040e-04,15.905044527,,,,,0.158000,7.469000,10.590000
20011869,asteroid,36.277535300,3.491781235,39667368.969782352,2.520963769394e-05,,,26.794000,-4.168714404704e-03,6.018796125927e-03,1.887500502161e-03,13.091318861,,,,,0.068000,14.020000,11.550000
20001539,asteroid,145.711621752,13.741124901,63608569.501924127,1.572115216283e-05,,,26.791000,-6.940594113111e-03,-5.919700097474e-03,-2.261594807492e-03,16.272885652,,,,,0.142000,15.922000,11.240000
20001489,asteroid,286.465906463,-20.692672900,63846200.381922036,1.566263918633e-05,,,26.789000,9.438905378500e-03,1.079204677067e-03,2.310860369358e-04,16.454399560,,,,,0.089000,11.280000,11.720000
20047963,asteroid,35.161121455,6.998830382,39003204.659969874,2.563891887136e-05,,,26.772000,-4.185560773223e-03,6.087524467594e-03,1.005775440545e-03,12.909338259,,,,,0.047000,13.730000,11.930000
20003647,asteroid,297.050870650,-19.581576007,79402992.256702557,1.259398382327e-05,,,26.754000,9.543526439295e-03,5.529197205560e-03,7.226539584448e-04,19.138132219,,,,,0.069000,21.779000,11.620000
20000352,asteroid,86.064638392,22.277993371,104482235.158617854,9.571005046761e-06,,,26.744000,-1.262769501634e-02,2.331201098249e-03,2.048735096553e-04,22.236594864,,,,,0.195000,7.490000,10.100000
20003747,asteroid,334.564686206,-35.944238026,57518676.293335743,1.738565739761e-05,,,26.730000,5.410266042501e-03,5.643663391545e-03,3.327974171524e-03,14.712017390,,,,,0.089800,14.600000,11.230000
20002263,asteroid,50.068197423,17.982944911,74826430.171866998,1.336426176824e-05,,,26.702000,-7.922991232845e-03,5.598293274441e-03,4.742308522161e-03,18.696861305,,,,,0.090000,272.200000,11.410000
20004438,asteroid,195.226668232,3.663639017,53515325.759875804,1.868623587357e-05,,,26.693000,2.422975519783e-03,-6.058469339497e-03,-4.168689092630e-03,13.406645786,,,,,0.062000,,11.690000
20004843,asteroid,351.252636333,-5.381064977,74094016.406360283,1.349636648816e-05,,,26.690000,1.153053514668e-03,1.049000976673e-02,2.344181833306e-03,18.717763221,,,,,0.047000,,11.950000
20001098,asteroid,13.251119447,16.882499133,85513686.811460570,1.169403445562e-05,,,26.684000,-4.581188211819e-03,9.066958406471e-03,5.664870217215e-03,20.139141174,,,,,0.206000,7.142000,10.540000
20000920,asteroid,7.400774385,4.126787849,78856349.254452556,1.268128704225e-05,,,26.656000,-2.597718612601e-03,1.011926851690e-02,2.055668829491e-03,18.436032665,,,,,0.076000,12.244000,11.350000
20001716,asteroid,301.694559368,-15.301936308,74975672.285638586,1.333765966366e-05,,,26.656000,9.311906199970e-03,3.824407471906e-03,2.350889841334e-03,17.898974108,,,,,0.044000,11.514000,12.030000
20003650,asteroid,181.986011895,9.209644199,56531153.559379287,1.768936129969e-05,,,26.645000,9.063206439946e-04,-6.569674293779e-03,-4.812765097328e-03,14.187885829,,,,,0.033000,,11.770000
20000793,asteroid,9.685746588,-4.237351623,83446151.953183785,1.198377608306e-05,,,26.636000,-5.747770603889e-04,9.245674070717e-03,6.912799908444e-03,20.013099125,,,,,0.196000,7.396000,10.210000
20047957,asteroid,31.268877477,5.874622751,39888779.907121487,2.506970637679e-05,,,26.634000,-3.445576001419e-03,6.463394053599e-03,2.140356944289e-03,13.212341368,,,,,0.057000,10.929000,11.810000
20128299,asteroid,52.223105662,0.246272655,36998960.046663366,2.702778669289e-05,,,26.632000,-4.810417844172e-03,4.065644796176e-03,3.237097441357e-03,12.261402672,,,,,0.069000,,11.510000
20055563,asteroid,162.629235687,-12.570372675,38479181.034044303,2.598807908919e-05,,,26.631000,-4.506048825436e-04,-5.038515810250e-03,-5.221076271734e-03,12.587265330,,,,,0.063000,,11.780000
20005024,asteroid,354.214404428,-2.077062190,62391186.259640872,1.602790490052e-05,,,26.630000,4.815883494932e-04,7.348422823316e-03,5.746269076051e-03,16.173220659,,,,,0.027000,,12.010000
20003768,asteroid,109.494419214,13.389416953,68242588.174276546,1.465360600694e-05,,,26.601000,-9.859069310670e-03,-1.404653177832e-03,1.026331543744e-03,17.334265875,,,,,0.069000,,11.740000
20002297,asteroid,122.370334743,19.551689645,62341488.593442664,1.604068209730e-05,,,26.579000,-7.423509191893e-03,-5.184743003338e-03,-1.970085708247e-03,16.044849733,,,,,0.091000,7.750000,11.480000
20001595,asteroid,10.060597949,-0.079581434,82272891.046717793,1.215467193723e-05,,,26.572000,-7.155245363293e-04,1.030224921850e-02,4.186432595169e-03,19.294251527,,,,,0.039000,11.050000,12.040000
20002009,asteroid,215.398823328,-11.247616507,65104848.979864523,1.535983902381e-05,,,26.558000,4.659684860472e-03,-7.652111156516e-03,-3.423922819133e-03,16.606712544,,,,,0.120000,5.896000,11.270000
20000852,asteroid,331.064650093,-34.656418393,120008033.371585652,8.332775497651e-06,,,26.541000,1.029833006899e-02,8.816474461909e-03,5.939735200785e-03,25.627098298,,,,,0.225000,4.613400,10.020000
20003333,asteroid,75.244751445,17.645302298,57749622.599055238,1.731613047834e-05,,,26.538000,-7.607138387612e-03,3.659441766974e-03,-2.521193525507e-04,14.622727838,,,,,0.048000,10.971000,11.970000
20001403,asteroid,294.098491636,-14.453983965,96637174.246299967,1.034798469429e-05,,,26.531000,1.057756753975e-02,7.435860985382e-03,1.105826974056e-03,22.468934443,,,,,0.072000,5.458000,11.550000
20001384,asteroid,307.075218054,-13.524914129,71729152.272023857,1.394133303301e-05,,,26.517000,6.810460720646e-03,6.935215595480e-03,9.241312035465e-04,16.905759515,,,,,0.064000,9.807000,11.620000
20003550,asteroid,10.083951981,-11.213281108,69042831.338395372,1.448376291376e-05,,,26.515000,-2.165582474041e-03,8.390747596033e-03,4.670986619709e-03,17.045179830,,,,,0.048000,12.371000,11.980000
20001372,asteroid,226.788100145,-34.609740016,64935600.630297281,1.539987295557e-05,,,26.491000,7.220229731047e-03,-4.728368149775e-03,-2.210711289278e-03,15.426146196,,,,,0.039000,15.250000,11.150000
20001084,asteroid,35.222581983,11.968801025,76126457.314000204,1.313603752602e-05,,,26.476000,-5.110255551393e-03,8.557650149420e-03,2.998516787502e-03,18.022061331,,,,,0.132000,6.196100,10.920000
20062426,asteroid,38.864898329,11.537517051,36750891.335297085,2.721022439637e-05,,,26.466000,-4.148629082978e-03,5.400632166256e-03,-1.567664690680e-03,12.099839065,,,,,0.058000,7.333420,11.870000
20012658,asteroid,197.530918272,-5.524537573,38755829.569804616,2.580256986111e-05,,,26.458000,1.934201911181e-03,-6.526366256474e-03,-2.800762235088e-03,12.744611801,,,,,0.084000,12.658000,11.300000
20001516,asteroid,58.098696034,11.940741035,67150305.743408188,1.489196495726e-05,,,26.442000,-7.878493124242e-03,3.580659168978e-03,2.215215348924e-03,15.467148894,,,,,0.039000,17.599000,12.080000
20001392,asteroid,262.954592335,-35.524051245,70076715.168079734,1.427007526825e-05,,,26.440000,9.344552150817e-03,4.073003291764e-04,3.689225214738e-04,16.207643184,,,,,0.051900,18.000000,12.050000
20001546,asteroid,347.416260635,1.139074718,61485761.454336226,1.626392804361e-05,,,26.438000,9.107814160424e-04,8.986578316508e-03,1.238585250187e-03,15.785930992,,,,,0.133000,7.350000,10.700000
20001734,asteroid,28.956796020,7.701837952,95001139.653150544,1.052618951363e-05,,,26.425000,-5.638804984761e-03,1.119579376168e-02,2.991418601341e-03,22.314341341,,,,,0.051000,7.171000,11.870000
20024485,asteroid,171.218196831,8.187066130,38479215.047720328,2.598805611705e-05,,,26.422000,-1.245427916633e-03,-7.046005545443e-03,-1.325011557937e-03,12.599598622,,,,,0.084000,,11.460000
20005889,asteroid,106.412417008,3.950133446,64623143.685769178,1.547433230520e-05,,,26.414000,-8.539181881802e-03,-3.929871138011e-03,-3.857640116129e-04,16.289533428,,,,,0.039000,6.141200,12.430000
20032253,asteroid,160.428953261,-3.504208459,60550895.046914272,1.651503250654e-05,,,26.399000,-2.530694026829e-03,-6.334439487890e-03,-5.857718159782e-03,15.567944083,,,,,0.064000,,11.740000
20002310,asteroid,104.583146435,21.824874322,78294168.477915078,1.277234332314e-05,,,26.395000,-1.115668535907e-02,-2.407582084824e-03,-5.093141189099e-04,19.781656090,,,,,0.065000,16.169000,11.780000
20013860,asteroid,335.826519421,-19.300873899,81282425.201158956,1.230278252064e-05,,,26.385000,5.875135445975e-03,1.013407086475e-02,1.027249014938e-03,20.360036643,,,,,0.048000,13.864000,12.320000
20020716,asteroid,176.608215935,26.800359253,35715028.216584124,2.799941789030e-05,,,26.367000,-1.457303156134e-03,-6.546962003964e-03,-9.733582428480e-04,11.734867470,,,,,0.077000,,11.480000
20001444,asteroid,18.208157954,26.851589166,60300508.603914157,1.658360805161e-05,,,26.363000,-3.302649062725e-03,7.339752734215e-03,3.793131332850e-03,15.405812353,,,,,0.053000,10.756000,11.770000
20002248,asteroid,180.126562419,0.926194285,74387074.019980028,1.344319578602e-05,,,26.361000,-2.832840807242e-06,-9.868658136755e-03,-4.556576068341e-03,18.820609824,,,,,0.088000,16.308000,11.370000
20051910,asteroid,26.840939727,28.149361052,40201122.367046244,2.487492739307e-05,,,26.350000,-4.131905130477e-03,3.312420267278e-03,5.469814167142e-03,13.182247953,,,,,0.070000,,11.690000
20001326,asteroid,313.243474702,-25.234971257,87506867.106809452,1.142767457072e-05,,,26.336000,7.147141516488e-03,9.348275798530e-03,1.295976629848e-03,20.497951614,,,,,0.089000,6.900000,10.930000
20002097,asteroid,17.464372514,11.565624569,85092903.500988051,1.175186130520e-05,,,26.330000,-3.032713279734e-03,1.065942696570e-02,5.198506569715e-03,21.194983982,,,,,0.044000,7.310000,12.050000
20004554,asteroid,359.696135103,9.444836130,63784617.296992160,1.567776122797e-05,,,26.315000,5.880930424654e-04,8.806978457924e-03,3.501860203941e-03,16.441707341,,,,,0.070000,4.779000,11.860000
20003495,asteroid,172.099549161,5.457865458,68708948.633124158,1.455414498248e-05,,,26.312000,-5.603954286844e-04,-9.487775744127e-03,-3.837486086975e-03,17.747072015,,,,,0.071000,,11.840000
20023463,asteroid,50.569773305,6.852033091,41705287.962022953,2.397777473472e-05,,,26.310000,-5.802031779930e-03,4.543277744617e-03,2.857654659133e-03,13.685206968,,,,,0.070000,,11.600000
20000193,asteroid,169.529139115,4.722097994,84186960.010784745,1.187832414749e-05,,,26.302000,-5.357934655118e-03,-8.005601255050e-03,-5.905144342033e-03,19.563764812,,,,,0.343000,6.581000,9.790000
20005435,asteroid,287.812924173,-21.632960488,58044410.214832276,1.722818780135e-05,,,26.301000,7.823734010750e-03,3.010487473312e-03,-1.581368734314e-03,14.770714737,,,,,0.046000,6.562000,11.940000
20000311,asteroid,3.276736779,-2.026446591,70780375.493633077,1.412820987492e-05,,,26.300000,-4.056651120041e-04,9.165354403901e-03,4.095121306537e-03,17.395610355,,,,,0.322000,7.532000,10.050000
20001296,asteroid,264.021684270,-20.820067947,75318189.693707779,1.327700525021e-05,,,26.298000,9.557912796178e-03,-1.538825074929e-03,-4.363216065443e-05,16.762396605,,,,,0.072000,5.183660,11.760000
20024519,asteroid,174.056024777,3.202901899,42563630.725359648,2.349423634587e-05,,,26.279000,-1.358004086088e-03,-6.361706660150e-03,-4.806773413176e-03,14.004538103,,,,,0.064000,,11.650000
20001624,asteroid,258.667899993,-21.411746042,64452667.771952115,1.551526157983e-05,,,26.270000,9.226637601861e-03,-2.358642334233e-03,-1.208548585758e-03,16.621500889,,,,,0.085000,5.877000,11.430000
20001973,asteroid,7.898428768,2.360466940,69837305.747458130,1.431899454449e-05,,,26.269000,-1.229924844655e-03,1.003565531110e-02,2.282211109276e-03,17.946746828,,,,,0.026000,9.988000,12.460000
20002258,asteroid,217.276398266,-16.269305143,76000698.652720690,1.315777378007e-05,,,26.255000,6.070419149828e-03,-7.748526686820e-03,-3.366253625695e-03,18.012254676,,,,,0.049000,3.834000,12.030000
20004041,asteroid,259.575435877,-18.980376418,72643160.681459084,1.376592084677e-05,,,26.244000,1.014526391672e-02,-9.984150039266e-04,-2.504366956941e-03,18.175766922,,,,,0.093000,5.142000,11.240000
20099334,asteroid,52.871732097,2.006328469,38131347.803309284,2.622514171695e-05,,,26.242000,-4.230199599605e-03,3.757119293509e-03,4.662904740845e-03,12.694450034,,,,,0.059000,,11.830000
20001698,asteroid,286.988645828,-23.996273676,61850051.478631929,1.616813529000e-05,,,26.234000,9.016079274060e-03,1.496171170494e-03,5.742726582372e-04,15.855645482,,,,,0.085000,,11.490000
20008317,asteroid,172.805733181,2.508926450,37333570.035020247,2.678554445937e-05,,,26.210000,-7.919293978761e-04,-6.581371286841e-03,-2.746920134922e-03,12.423992542,,,,,0.076000,,11.200000
20003106,asteroid,161.011711934,17.285759984,65262402.299606860,1.532275804696e-05,,,26.209000,-5.558923132245e-03,-7.831097227874e-03,-8.876512179180e-04,16.698968554,,,,,0.123000,6.260000,11.620000
20001672,asteroid,69.325116973,21.068655219,90193040.416878611,1.108732996890e-05,,,26.205000,-1.223036144422e-02,3.679581433331e-03,1.508826310078e-03,22.267747811,,,,,0.066000,40.720000,11.480000
20020995,asteroid,198.723314098,11.369368717,39613572.633574225,2.524387308486e-05,,,26.203000,4.385706346354e-04,-6.391062640990e-03,-3.824859365465e-03,12.918521764,,,,,0.065000,10.474000,11.730000
20001075,asteroid,9.585843187,-8.371772044,76554871.699660331,1.306252597383e-05,,,26.198000,-8.361723398612e-04,1.017943951471e-02,4.142482760623e-03,19.083791480,,,,,0.129000,44.900000,10.380000
20002374,asteroid,167.382718605,5.699965559,55727088.508996084,1.794459439306e-05,,,26.090000,-2.473087142321e-03,-5.885898049668e-03,-4.805955049876e-03,13.836188458,,,,,0.065000,5.398000,11.740000
20001125,asteroid,169.017865007,7.820689422,76735070.013655990,1.303185101443e-05,,,26.084000,-4.327287681139e-03,-9.597257909093e-03,-3.837938588816e-03,19.401787080,,,,,0.078000,5.367000,11.660000
20002228,asteroid,231.744340679,-16.751074777,55926985.797748938,1.788045584320e-05,,,26.080000,6.339442812984e-03,-4.685268994443e-03,-2.035594481856e-03,14.096645562,,,,,0.113000,5.388000,11.590000
20039474,asteroid,45.889022000,11.496014945,38091801.950302780,2.625236793220e-05,,,26.068000,-4.660693793620e-03,4.401530185026e-03,3.457847775054e-03,12.611407426,,,,,0.060000,,11.710000
20000947,asteroid,145.133073715,20.998016147,72141599.545624554,1.386162777508e-05,,,26.060000,-8.035610254200e-03,-5.513643238848e-03,-2.127466479701e-03,17.271002703,,,,,0.340000,5.164000,10.040000
20134957,asteroid,194.425309716,0.684287137,39400347.682473749,2.538048669161e-05,,,26.039000,1.187123724113e-03,-6.312459427141e-03,-3.970679599795e-03,13.074815538,,,,,0.050000,,12.070000
20001166,asteroid,135.516034790,25.210117940,67822158.593345553,1.474444371486e-05,,,26.011000,-5.764734974605e-03,-6.683852171549e-03,-1.678589657547e-04,15.285363895,,,,,0.286000,6.291800,10.610000
20002569,asteroid,208.393532358,-2.327231527,67553392.860671565,1.480310547928e-05,,,26.004000,3.830031393214e-03,-6.946572877738e-03,-4.263220348399e-03,15.592637688,,,,,0.072000,12.001000,11.060000
20001073,asteroid,43.309379148,16.745274566,70058373.640428632,1.427381122394e-05,,,25.992000,-6.104056833172e-03,7.600814054330e-03,3.610691905886e-03,17.999572732,,,,,0.045000,11.320000,11.760000
20004071,asteroid,263.158111347,-23.972481205,59244035.213219270,1.687933639903e-05,,,25.982000,8.653656231201e-03,-4.808604583137e-04,1.614215245390e-03,15.264604763,,,,,0.050000,282.005000,12.050000
20016133,asteroid,13.151538087,-3.631306892,66170800.476270944,1.511240596762e-05,,,25.982000,-1.590924241955e-03,8.699927980544e-03,4.029173351320e-03,16.827589286,,,,,0.026000,,12.760000
20002461,asteroid,144.907081887,15.172977920,56466196.546257071,1.770971060855e-05,,,25.943000,-5.636545933453e-03,-5.716006452438e-03,-2.108008229598e-03,14.370787018,,,,,0.060000,3.500000,11.780000
20014707,asteroid,201.781659410,1.105823750,38605714.677491553,2.590290086206e-05,,,25.942000,2.376605407244e-03,-6.812453259005e-03,-1.548691931442e-03,12.777191771,,,,,0.087000,,11.390000
20009829,asteroid,243.647002914,-18.829150859,56509760.578650892,1.769605798645e-05,,,25.941000,8.029784609456e-03,-4.472380578181e-03,-1.686722221329e-03,16.180059828,,,,,0.042000,21.754000,12.240000
20024448,asteroid,33.611681435,5.650068790,41896053.206725925,2.386859676413e-05,,,25.907000,-4.203317052683e-03,6.400255610755e-03,2.013311911246e-03,13.708565091,,,,,0.072000,8.330000,11.570000
20000364,asteroid,216.544513336,-8.575406102,81830811.423221633,1.222033586870e-05,,,25.901000,5.514374720285e-03,-7.603009925989e-03,-3.647401893197e-03,17.445459090,,,,,0.300000,9.156000,9.920000
20023123,asteroid,169.784106645,-0.700588743,38859153.473811686,2.573396254434e-05,,,25.883000,-1.532833939801e-03,-6.286783453982e-03,-3.772848901623e-03,12.969480287,,,,,0.096000,467.257000,11.380000
20024530,asteroid,183.198383178,5.100903427,36889063.653962612,2.710830530643e-05,,,25.883000,-3.389704657794e-04,-6.763009373907e-03,-1.592155477485e-03,12.044290029,,,,,0.073000,45.200000,11.770000
20134749,asteroid,164.971066903,3.115361156,36062069.487493113,2.772996708763e-05,,,25.881000,-1.869029080472e-03,-4.722283064695e-03,-4.659116209872e-03,11.933316950,,,,,0.050000,,11.980000
20002594,asteroid,48.898610971,22.844642082,38588793.666489184,2.591425916660e-05,,,25.874000,-5.460666010795e-03,4.157055677791e-03,2.266212010968e-03,12.513978015,,,,,0.060000,25.954000,11.960000
20056968,asteroid,26.020662112,17.097592387,39443905.050296195,2.535245936539e-05,,,25.865000,-3.764716261204e-03,6.419799256775e-03,8.990409393270e-04,12.979597487,,,,,0.066000,11.185000,11.780000
20002214,asteroid,171.483059328,-0.420288505,53713687.358113036,1.861722866525e-05,,,25.860000,1.362067212972e-04,-7.655318792662e-03,-1.245166138929e-03,13.431116907,,,,,0.050000,4.987000,11.870000
20005594,asteroid,4.601232725,-7.004387035,63512989.544411927,1.574481074144e-05,,,25.856000,2.646475839904e-05,9.009229106831e-03,2.749396702201e-03,16.309376010,,,,,0.028000,25.264000,11.990000
20010007,asteroid,0.719192395,13.578612830,61632217.919378884,1.622528011742e-05,,,25.855000,-1.624516370610e-03,8.573084278783e-03,2.552765568558e-03,15.741355790,,,,,0.078000,,12.160000
20001477,asteroid,280.147862944,-33.708318856,53599624.827603459,1.865684700623e-05,,,25.851000,7.308600255348e-03,1.308937824533e-03,2.544913064626e-03,13.590065452,,,,,0.032000,7.800000,11.600000
20002707,asteroid,272.853899590,-24.022932783,58688335.488432661,1.703916104755e-05,,,25.838000,8.648962215739e-03,1.007738129041e-03,1.512830663192e-05,15.076636163,,,,,0.082000,5.251500,11.910000
20030505,asteroid,56.909787175,3.055064674,42941304.055599749,2.328760204174e-05,,,25.838000,-6.546642490046e-03,4.618160364572e-03,-1.498119687242e-03,14.112201283,,,,,0.073000,,11.710000
20003660,asteroid,44.946898817,23.642296617,59594681.510441214,1.678002087862e-05,,,25.830000,-6.938261592713e-03,4.801150872111e-03,2.809155178281e-03,15.397497859,,,,,0.037000,6.997400,11.910000
20003845,asteroid,170.418099980,2.251856509,62444833.260734677,1.601413516190e-05,,,25.817000,-3.051068177796e-03,-8.712186360721e-03,-2.790704474880e-03,16.697496786,,,,,0.055000,12.140000,12.010000
20002848,asteroid,252.369286339,-23.362964928,57565411.602433890,1.737154260107e-05,,,25.793000,8.467989947144e-03,-1.038623457025e-03,-4.149222254634e-04,14.789292354,,,,,0.048000,40.114000,11.870000
20002270,asteroid,218.931559977,-13.964733440,73984527.359472126,1.351633964141e-05,,,25.790000,7.815576324536e-03,-6.787878509033e-03,-3.323430756962e-03,18.824664366,,,,,0.158000,7.780000,11.510000
20004318,asteroid,150.697839160,21.387695438,70809362.496300116,1.412242625475e-05,,,25.790000,-6.323620174021e-03,-7.492899962397e-03,-3.912163211421e-03,18.277882226,,,,,0.055000,10.571000,11.850000
20000459,asteroid,220.438218667,-18.392268211,65073513.925808050,1.536723529546e-05,,,25.784000,5.751439473701e-03,-5.093783375547e-03,-3.837664528235e-03,14.869712013,,,,,0.221000,5.536200,10.370000
20001222,asteroid,299.286700725,-4.175566141,98328486.228599712,1.016999283072e-05,,,25.781000,1.078095787391e-02,5.788394798550e-03,5.148644957286e-03,22.986229889,,,,,0.202000,13.395000,11.220000
20012583,asteroid,58.826331908,26.876808446,74148146.043911979,1.348651386924e-05,,,25.760000,-9.309138951773e-03,3.855555579384e-03,3.461687001077e-03,18.447017339,,,,,0.032000,15.570000,12.430000
20024587,asteroid,175.910583317,1.372710032,40174040.158588141,2.489169613144e-05,,,25.738000,-5.518400021555e-04,-7.576376413620e-03,7.533040212245e-04,13.217433193,,,,,0.081000,,11.510000
20002007,asteroid,355.048261862,-3.432507978,78803004.574937284,1.268987147627e-05,,,25.733000,1.677503089360e-03,8.934173042624e-03,4.395761688090e-03,17.483100687,,,,,0.038000,8.611000,12.180000
20004860,asteroid,186.064653615,-11.094261482,68894364.216650873,1.451497537382e-05,,,25.733000,2.275276364095e-03,-7.274269977773e-03,-5.206604106190e-03,15.982069987,,,,,0.037000,19.360000,12.620000
20001281,asteroid,151.318037004,4.994430649,72507052.151878938,1.379176190897e-05,,,25.716000,-3.059060583109e-03,-8.648194435371e-03,-2.848157060188e-03,16.631101894,,,,,0.058000,15.300000,11.800000
20003442,asteroid,200.640539009,4.414661561,58010880.543831199,1.723814551038e-05,,,25.708000,2.059772075579e-03,-7.522766568384e-03,-3.400919226506e-03,14.732747316,,,,,0.066000,8.552000,11.720000
20014962,asteroid,64.054041640,8.201851108,63889045.436420299,1.565213556047e-05,,,25.708000,-8.514819704256e-03,4.114580877136e-03,-1.136110661916e-03,16.491858499,,,,,0.042000,19.496000,12.290000
20000390,asteroid,334.320280848,-4.142275518,69232143.959526896,1.444415762402e-05,,,25.688000,3.365927698622e-03,7.182198582083e-03,4.911238047189e-03,16.153082276,,,,,0.268000,3.740970,10.200000
20024458,asteroid,58.891205815,28.610076963,36635623.115016989,2.729583708350e-05,,,25.686000,-5.652233159380e-03,4.074238066519e-03,-2.957851318497e-04,12.074927776,,,,,0.061000,134.439000,11.830000
20001890,asteroid,184.276266623,8.267114125,64541785.179672025,1.549383856081e-05,,,25.680000,-1.295485305348e-03,-8.625528835809e-03,-4.119991529712e-03,16.702264842,,,,,0.128300,,11.760000
20001487,asteroid,333.968164944,-12.915559720,61756737.747317336,1.619256515931e-05,,,25.671000,5.196964865779e-03,6.954291171493e-03,2.729886449969e-03,15.757483414,,,,,0.097000,11.025000,11.290000
20001641,asteroid,51.276080887,28.274113609,69701743.737152755,1.434684336982e-05,,,25.660000,-7.821556414003e-03,5.732964020019e-03,2.816823868444e-03,17.484981042,,,,,0.073900,7.950000,10.550000
20002426,asteroid,231.217181132,-19.152498484,80359940.566203043,1.244401119456e-05,,,25.654000,9.157008143476e-03,-6.625159284620e-03,-1.044462691527e-03,19.652945503,,,,,0.074000,5.811000,11.780000
20001319,asteroid,94.644708236,22.492478775,65068708.968305260,1.536837007919e-05,,,25.651000,-9.025114834588e-03,-2.137854791397e-03,-1.361251501141e-03,16.231068938,,,,,0.097000,7.080000,10.680000
20008086,asteroid,183.219468411,4.748317581,46575783.588591345,2.147038488570e-05,,,25.629000,1.280635562993e-03,-6.177793513640e-03,-4.343773083418e-03,13.262724824,,,,,0.074000,8.133000,11.750000
20000945,asteroid,313.647201163,-23.152865104,67451890.747381896,1.482538130392e-05,,,25.618000,6.025835690897e-03,2.350798802126e-03,6.288090501582e-03,15.619336995,,,,,0.239000,7.360000,9.960000
20005263,asteroid,210.873422638,-15.819963304,65672505.172086880,1.522707253789e-05,,,25.615000,5.196672181571e-03,-8.243394857498e-03,-9.038329443016e-04,16.944928189,,,,,0.062000,6.907000,11.780000
20004932,asteroid,35.020643403,0.972068529,67152276.130696505,1.489152799607e-05,,,25.603000,-5.589738996427e-03,7.707557467259e-03,2.625234077199e-03,17.100577936,,,,,0.051000,,12.100000
20003028,asteroid,40.388303409,10.394040323,66566891.227200553,1.502248312283e-05,,,25.580000,-6.494163569329e-03,6.950718813961e-03,1.558257476748e-03,16.689916421,,,,,0.141700,4.826000,10.860000
20003259,asteroid,138.013372816,0.303816962,69904195.853194445,1.430529294837e-05,,,25.579000,-5.760269857493e-03,-7.776617086290e-03,-3.703305889036e-03,17.941348445,,,,,0.303000,9.250000,10.220000
20011275,asteroid,63.988874467,-1.377890542,40760493.849646360,2.453355947278e-05,,,25.570000,-6.065234660126e-03,3.789540203124e-03,2.975271271450e-03,13.411798669,,,,,0.082000,,11.700000
20024312,asteroid,174.187393450,20.050541046,35557917.305460840,2.812313194301e-05,,,25.545000,-1.788838716415e-03,-5.771281631120e-03,-3.034826558244e-03,11.707235877,,,,,0.068000,,11.660000
20001786,asteroid,254.787333561,-31.888624427,67085216.179810032,1.490641391569e-05,,,25.532000,9.643041494031e-03,-6.760756506889e-04,-1.032024100746e-03,16.832610462,,,,,0.075000,30.140000,10.950000
20007174,asteroid,192.814943259,-10.602376471,53578222.591015525,1.866429962848e-05,,,25.526000,3.965928399260e-03,-6.519734906914e-03,-4.636073653449e-03,15.460339940,,,,,0.074000,7.456000,11.720000
20005495,asteroid,159.752353802,16.928272197,57403351.727088600,1.742058555665e-05,,,25.518000,-3.617158788503e-03,-7.047430913837e-03,-3.901570554714e-03,15.289104370,,,,,0.098000,,11.820000
20000966,asteroid,137.544672498,29.283240745,72148238.622344896,1.386035222889e-05,,,25.509000,-6.410874283970e-03,-7.269749553460e-03,-2.079018493633e-03,17.164221264,,,,,0.323000,5.355000,9.960000
20000443,asteroid,329.002898583,-10.476847593,89710557.380671799,1.114696005908e-05,,,25.504000,6.109962626188e-03,8.794739794052e-03,3.027255662476e-03,19.268506201,,,,,0.210000,19.795000,10.100000
20000715,asteroid,195.260367410,1.673641104,69339911.756872311,1.442170857538e-05,,,25.458000,2.310791215440e-03,-7.567283681584e-03,-5.420262102425e-03,16.605996201,,,,,0.273000,11.830000,10.040000
20012235,asteroid,294.394159700,-14.257736953,69284480.782097474,1.443324664790e-05,,,25.452000,8.734656423483e-03,3.774690509703e-03,3.986983259620e-03,17.863277209,,,,,0.052000,15.955500,12.180000
20013372,asteroid,176.914234620,9.089350205,38179530.389953561,2.619204557485e-05,,,25.420000,-1.059497671118e-03,-6.710247152005e-03,-2.645098811760e-03,12.622605336,,,,,0.109000,20.176000,11.350000
20002696,asteroid,168.803468415,-2.903320878,90268132.736134350,1.107810663286e-05,,,25.418000,-3.365405735782e-03,-1.126241602765e-02,1.960711908760e-04,20.355218546,,,,,0.034000,480.000000,12.280000
20015278,asteroid,127.298434265,25.351769117,57444153.592949398,1.740821193199e-05,,,25.417000,-8.830799073706e-03,-2.796028332127e-03,-2.228970414071e-03,16.496076966,,,,,0.076000,40.010000,11.640000
20002734,asteroid,157.746306199,25.759479713,65750009.397868924,1.520912330139e-05,,,25.409000,-5.078249584825e-03,-7.158124852499e-03,-4.257096531730e-03,16.889493130,,,,,0.066000,8.208000,11.870000
20002347,asteroid,181.040117815,-14.357827534,57182672.585571423,1.748781501081e-05,,,25.398000,-1.489795982533e-05,-7.284668872003e-03,-3.888046146958e-03,14.297213275,,,,,0.083000,4.483500,11.490000
20006574,asteroid,315.743643302,-28.805641661,65250025.548587963,1.532566449733e-05,,,25.393000,8.775180012507e-03,3.301780539197e-03,3.513026868448e-03,17.335929745,,,,,0.069000,,11.570000
20024390,asteroid,164.968098950,10.983820288,41226980.885071903,2.425596001773e-05,,,25.380000,-2.499473201343e-03,-7.330896166156e-03,-1.392450570597e-03,13.625621824,,,,,0.069000,,11.730000
20022059,asteroid,176.203410127,-3.386680181,44640217.625711262,2.240132448243e-05,,,25.376000,-4.249794011393e-04,-8.047182238507e-03,-2.487390372717e-03,14.602337531,,,,,0.100000,,11.290000
20017305,asteroid,56.715343792,26.414396753,57460175.531001031,1.740335790413e-05,,,25.368000,-8.697477118747e-03,3.473555652522e-03,1.784377038948e-03,16.507577136,,,,,0.048000,16.850000,12.040000
20001561,asteroid,138.643655237,11.468846449,59104348.572954223,1.691922885785e-05,,,25.352000,-5.272621997026e-03,-6.450725429797e-03,-2.761636231679e-03,15.197322840,,,,,0.063000,15.153300,11.450000
20030708,asteroid,27.442906976,11.348447226,40204247.392438367,2.487299389636e-05,,,25.351000,-3.475333020356e-03,4.298634978593e-03,5.273619971291e-03,13.228066193,,,,,0.069000,,11.870000
20058008,asteroid,30.951649831,-4.082982556,41195050.863988094,2.427476065758e-05,,,25.338000,-3.506381636214e-03,5.898348359946e-03,3.717849744404e-03,13.512867804,,,,,0.076000,,11.690000
20013463,asteroid,177.714883351,-5.908368375,39520714.350083746,2.530318635290e-05,,,25.326000,1.036236872943e-04,-6.384178892527e-03,-3.965972069623e-03,13.014453874,,,,,0.100000,,11.330000
20016970,asteroid,182.217946462,-8.070538827,52934272.490220457,1.889135248217e-05,,,25.310000,1.670553157535e-03,-8.259137982646e-03,-2.490970179204e-03,15.214081811,,,,,0.063000,8.056600,11.850000
20002718,asteroid,146.492001246,15.007413281,57250629.638171740,1.746705680479e-05,,,25.309000,-4.637903674599e-03,-6.321316536241e-03,-2.789244923087e-03,14.408496823,,,,,0.058000,13.098030,11.920000
20053418,asteroid,53.512848277,-7.657285285,37920885.591208771,2.637069215050e-05,,,25.302000,-5.212980224017e-03,4.742368289719e-03,1.285135158540e-03,12.403419146,,,,,0.063000,,11.760000
20035276,asteroid,171.967863732,4.279250437,37178162.988406658,2.689750971052e-05,,,25.296000,-1.122119884841e-03,-5.566979858459e-03,-4.137579902365e-03,12.165869909,,,,,0.069000,,11.770000
20001136,asteroid,178.628145638,-4.183283069,64109282.944482341,1.559836507399e-05,,,25.296000,7.221913031291e-05,-7.976941453812e-03,-2.222246524466e-03,14.338218025,,,,,0.084000,24.616300,11.310000
20001108,asteroid,117.352162590,-2.273410687,67953910.906350523,1.471585647775e-05,,,25.285000,-7.251074427655e-03,-3.281916219968e-03,-3.133530493026e-03,14.810593518,,,,,0.031000,9.846000,11.990000
20001196,asteroid,216.451668492,2.907197424,67725787.225359827,1.476542452984e-05,,,25.274000,5.420071334671e-03,-6.093737583024e-03,-4.028065809637e-03,15.749227566,,,,,0.218000,6.319000,10.200000
20000520,asteroid,208.796174636,-11.059630403,62514085.805710837,1.599639484624e-05,,,25.261000,4.111712046841e-03,-6.494811854146e-03,-4.667719333185e-03,15.571213877,,,,,0.147000,16.507000,10.630000
20005336,asteroid,352.678991742,-1.873625784,64229631.595849186,1.556913803106e-05,,,25.260000,2.562983999577e-03,8.895063841982e-03,1.891005679392e-03,16.359010015,,,,,0.058000,12.515000,11.950000
20002315,asteroid,89.824400641,32.714499768,74640440.352593362,1.339756297359e-05,,,25.258000,-1.068800852927e-02,1.393337147104e-04,1.275912802948e-03,18.638784518,,,,,0.202000,10.025300,10.830000
20003438,asteroid,200.343369324,-14.867848629,58696410.946825415,1.703681679798e-05,,,25.252000,4.556500565760e-03,-5.511711666810e-03,-4.483608111807e-03,14.614501370,,,,,0.045000,24.820000,11.990000
20001726,asteroid,265.675548205,-21.363946435,77030025.037230045,1.298195086288e-05,,,25.250000,1.069268996232e-02,-6.599480606554e-04,2.852109944254e-04,18.555732622,,,,,0.037000,11.706000,12.280000
20017252,asteroid,158.399052054,19.095605464,54268642.931606032,1.842684736488e-05,,,25.232000,-3.647665251018e-03,-6.824894090494e-03,-9.906798766659e-04,13.508258517,,,,,0.058000,8.824000,11.970000
20001059,asteroid,88.161499155,14.066373082,66671609.438133359,1.499888795887e-05,,,25.227000,-8.840960356871e-03,1.062862856921e-03,-2.893634622120e-04,15.426103592,,,,,0.174000,5.636000,10.920000
20006392,asteroid,322.838416514,-33.054395657,73529595.717681229,1.359996597614e-05,,,25.221000,7.898611672048e-03,7.114532079786e-03,2.457627138247e-03,18.891500510,,,,,0.111000,21.810000,11.730000
20003615,asteroid,242.313103581,-18.969592366,75646207.176132590,1.321943343004e-05,,,25.209000,9.987790932020e-03,-4.391745515886e-03,-2.051291997514e-03,19.222383583,,,,,0.099000,22.710000,11.670000
20010608,asteroid,271.099739587,-19.218245194,43304763.358545095,2.309214789423e-05,,,25.184000,6.955196366867e-03,1.338716895509e-03,2.661463313598e-04,12.272322912,,,,,0.058000,,11.900000
20002630,asteroid,167.920454157,5.754603981,61461885.472691588,1.627024606078e-05,,,25.165000,-2.837335396025e-03,-7.666221592304e-03,-3.627099569415e-03,15.484421196,,,,,0.053000,19.428300,11.980000
20002204,asteroid,63.184330774,0.387902328,131114833.194782019,7.626902125669e-06,,,25.160000,-1.503521279855e-02,5.559846412399e-03,2.223404724722e-03,28.021426096,,,,,0.023200,11.056000,12.170000
20002345,asteroid,256.153616169,-29.422478578,63771199.953278854,1.568105980023e-05,,,25.155000,8.926153566402e-03,-2.296018529542e-03,1.050307143018e-04,15.959388166,,,,,0.134000,17.120000,10.850000
20001994,asteroid,213.035481990,-18.373565054,72749963.667971000,1.374571133209e-05,,,25.150000,7.248991406273e-03,-6.679390349263e-03,-1.056563246239e-03,17.164882539,,,,,0.064000,8.220000,12.320000
20002612,asteroid,334.812765968,-17.332787283,61728401.868762039,1.619999821356e-05,,,25.144000,3.314925354210e-03,7.980799990794e-03,4.419749019534e-04,14.982579287,,,,,0.087000,7.710000,11.100000
20007999,asteroid,147.433288404,4.052027243,70756198.418312982,1.413303742081e-05,,,25.143000,-5.835197253324e-03,-7.045413372987e-03,-4.724165320177e-03,17.826869259,,,,,0.044000,,12.600000
20000600,asteroid,103.795186714,16.780749382,74121933.639526606,1.349128322614e-05,,,25.115000,-9.670541295370e-03,-2.801135055792e-03,3.856663697484e-04,17.445187229,,,,,0.227000,5.885600,10.280000
20001654,asteroid,14.115774360,3.930287657,74564660.412467539,1.341117889451e-05,,,25.115000,-2.369350411923e-03,8.715594118288e-03,5.854830804074e-03,18.636657413,,,,,0.161000,11.443000,10.880000
20012649,asteroid,67.006859195,28.396176232,38834408.375596762,2.575036010149e-05,,,25.102000,-6.461995010271e-03,3.203762934912e-03,1.488110789026e-03,12.751324446,,,,,0.064000,,11.820000
20052767,asteroid,31.124420417,-0.167626017,39084424.305801764,2.558563974682e-05,,,25.070000,-3.352360829860e-03,5.915177748803e-03,3.143075693892e-03,12.969360183,,,,,0.045000,,11.860000
20037299,asteroid,168.017891509,-13.442961795,40585495.248239748,2.463934452157e-05,,,25.017000,-4.879060750864e-04,-5.063846712023e-03,-5.767603851080e-03,13.316000675,,,,,0.085000,,11.600000
20024440,asteroid,336.554502600,-24.041252588,78992741.915572286,1.265939092314e-05,,,25.004000,6.987173219848e-03,5.977407824050e-03,6.965989256803e-03,19.973763687,,,,,0.037000,12.026000,12.690000
20000974,asteroid,63.983111227,19.287700421,89685930.070076317,1.115002095890e-05,,,25.001000,-1.042167691921e-02,4.691004482487e-03,3.150289497316e-03,20.526433345,,,,,0.214000,38.700000,10.660000
20019913,asteroid,167.277602654,8.556746823,42306449.865727529,2.363705778135e-05,,,24.996000,-2.296601896957e-03,-7.309396593610e-03,-2.166681649801e-03,13.786155541,,,,,0.103000,40.430000,11.300000
20002865,asteroid,346.715960609,1.367087275,80514096.539951473,1.242018532126e-05,,,24.991000,2.610016910523e-03,8.327692395155e-03,6.267464905766e-03,18.603596487,,,,,0.094000,21.500000,11.320000
20003405,asteroid,191.557247168,-15.237597250,77047305.138227060,1.297903928250e-05,,,24.991000,3.761211069852e-03,-9.438260908997e-03,-2.097575985837e-03,17.962752987,,,,,0.030000,,12.320000
20004211,asteroid,217.819772971,-15.056283875,60603993.283909425,1.650056284765e-05,,,24.973000,7.037558136738e-03,-5.127669305508e-03,-2.312538307412e-03,15.599268273,,,,,0.054000,,11.980000
20013782,asteroid,181.886915200,13.825395880,35518947.182862572,2.815398764078e-05,,,24.971000,-1.504627293401e-04,-6.697477511478e-03,2.524204265884e-04,11.607550281,,,,,0.086000,,11.560000
20012742,asteroid,359.289707867,-8.584068320,84516774.665276736,1.183197068228e-05,,,24.965000,7.250347584295e-04,1.157491848234e-02,3.629109086591e-03,21.040930068,,,,,0.045000,,12.330000
20000214,asteroid,2.968114122,2.683656998,78039746.733575881,1.281398315417e-05,,,24.957000,-1.006171647731e-03,9.358850687213e-03,4.687412167564e-03,18.206851166,,,,,1.000000,6.835000,9.310000
20082055,asteroid,56.939931054,-16.412020226,40661396.480270669,2.459335110355e-05,,,24.934000,-6.514646084961e-03,4.029104895886e-03,8.450720076747e-04,13.343281623,,,,,0.103000,13.572260,11.760000
20000847,asteroid,254.645098685,-23.324886438,69116255.092303321,1.446837648632e-05,,,24.931000,9.417944181409e-03,-1.784117513548e-03,-3.297275128061e-04,16.606599942,,,,,0.152000,14.827000,10.090000
20002702,asteroid,148.173151843,11.124473872,62626949.175385304,1.596756688881e-05,,,24.927000,-4.636596863185e-03,-7.768974539117e-03,-3.371346723275e-03,16.717390571,,,,,0.065000,9.150000,11.870000
20003507,asteroid,308.006719794,-20.873314064,76240854.290756896,1.311632731955e-05,,,24.917000,9.578547572690e-03,5.426541238386e-03,1.771841635419e-03,19.306741132,,,,,0.096000,3.959000,11.560000
20003224,asteroid,126.267023609,14.944905649,72273904.437031001,1.383625262520e-05,,,24.900000,-7.202762029231e-03,-6.427206462829e-03,-2.835196147774e-03,17.420478071,,,,,0.045000,33.047000,11.740000
20022008,asteroid,162.841018047,10.893119140,40011085.048947200,2.499307376385e-05,,,24.879000,-2.617831706005e-03,-6.641985690393e-03,-2.493653066408e-03,13.093674812,,,,,0.072000,,11.670000
20001755,asteroid,198.908890486,-0.412383963,67225831.014624938,1.487523448810e-05,,,24.878000,2.736215571431e-03,-9.157290912108e-03,-2.421008452817e-03,17.070806448,,,,,0.140000,7.975300,10.740000
20003766,asteroid,264.449389168,-22.296916244,60246303.706734806,1.659852868099e-05,,,24.849000,8.870707998692e-03,-1.413721681536e-03,-7.801236358273e-04,15.611622002,,,,,0.037000,11.270000,12.110000
20018971,asteroid,39.125979880,7.956053825,35612930.497613549,2.807968864194e-05,,,24.839000,-4.127639996671e-03,5.263971563558e-03,7.142089729355e-04,11.648073040,,,,,0.060000,,11.760000
20013862,asteroid,163.285870265,11.416100026,38466565.180452302,2.599660238206e-05,,,24.835000,-2.958578189655e-03,-6.502475510008e-03,-1.746446461717e-03,12.733619985,,,,,0.072000,,11.720000
20001668,asteroid,195.338528011,-3.621545284,61893799.120698191,1.615670736336e-05,,,24.813000,3.164585248769e-03,-7.423115229303e-03,-2.640449801465e-03,14.700997940,,,,,0.038000,,12.180000
20003044,asteroid,247.841665858,-20.168536069,79632989.679068148,1.255760965437e-05,,,24.805000,1.062094501717e-02,-3.162062740717e-03,1.376291828203e-03,19.334822188,,,,,0.044000,35.357300,11.960000
20015505,asteroid,73.716151681,30.320306153,48086542.644215249,2.079583902296e-05,,,24.788000,-7.847859173889e-03,1.108608184171e-03,7.078057078474e-04,13.777751009,,,,,0.079000,15.110000,11.780000
20004093,asteroid,208.611866008,-19.054915948,67912163.835924178,1.472490263182e-05,,,24.787000,5.039814791299e-03,-8.111399845015e-03,-2.364688195026e-03,17.034076482,,,,,0.037000,,12.400000
20002570,asteroid,294.744316076,-30.602785521,70256877.939476863,1.423348189285e-05,,,24.779000,8.606493338088e-03,2.602461574898e-03,3.717970391396e-03,16.846624593,,,,,0.038000,,12.280000
20022056,asteroid,189.546853456,-0.564465972,34989773.720302910,2.857977899468e-05,,,24.775000,7.876064667734e-04,-5.653551369487e-03,-3.236007795072e-03,11.361142871,,,,,0.066000,57.200000,11.920000
20006052,asteroid,79.031110568,1.199545323,67042797.397811435,1.491584538256e-05,,,24.771000,-9.856157295273e-03,1.862558720518e-03,7.179489474278e-04,17.411984186,,,,,0.100000,17.173000,11.300000
20004162,asteroid,337.266260774,5.779613031,77146956.933611721,1.296227407726e-05,,,24.768000,2.259488363792e-03,9.781592669916e-03,4.038459904576e-03,18.736091249,,,,,0.049000,7.701100,11.720000
20004004,asteroid,353.603350483,-11.138256511,82077161.483802795,1.218365720649e-05,,,24.762000,1.836752109459e-03,9.275271096069e-03,7.128933814513e-03,20.503403439,,,,,0.050000,17.939400,12.230000
20012974,asteroid,174.110320154,5.780448656,38047386.026888534,2.628301453596e-05,,,24.746000,-1.185342939259e-03,-6.141241604158e-03,-3.610511585878e-03,12.504389025,,,,,0.087000,6.971000,11.420000
20008550,asteroid,337.315055387,-11.820102022,69274001.052365646,1.443543010088e-05,,,24.725000,3.854214969523e-03,9.406394118722e-03,4.518045204110e-03,19.261082275,,,,,0.046000,6.719000,12.390000
20022097,asteroid,336.466210109,-5.595351257,55844955.714265488,1.790672026166e-05,,,24.720000,3.663339494216e-03,5.488632088153e-03,4.827809255342e-03,14.157016307,,,,,0.031700,,12.410000
20007458,asteroid,44.137215103,18.631637695,48074932.163227841,2.080086138457e-05,,,24.718000,-6.024180587038e-03,4.327142290050e-03,1.883105908545e-03,13.250001020,,,,,0.050000,15.753000,11.960000
20000745,asteroid,245.843208678,-9.886779299,63820182.943807445,1.566902434110e-05,,,24.711000,8.433456030919e-03,-3.721944449639e-03,-2.711103640510e-03,16.636960864,,,,,0.200000,9.945000,10.590000
20073677,asteroid,34.198285738,25.248397285,41158769.655790858,2.429615871327e-05,,,24.711000,-5.323084251427e-03,4.324898443998e-03,3.881721322788e-03,13.645344604,,,,,0.060000,,12.090000
20004292,asteroid,25.828480751,14.213953328,75895033.298055083,1.317609277636e-05,,,24.695000,-5.548558948093e-03,8.082471668913e-03,3.741032292913e-03,18.168599695,,,,,0.038000,6.149000,12.370000
20063195,asteroid,164.920207876,-1.164058813,41317508.720236734,2.420281452038e-05,,,24.692000,-1.619422295498e-03,-5.760973459800e-03,-5.093887219549e-03,13.606984982,,,,,0.080000,7.113000,11.680000
20015514,asteroid,320.371709956,3.460239826,60806241.701797210,1.644568011462e-05,,,24.690000,5.093135604272e-03,6.191570579409e-03,4.040871303903e-03,15.544993775,,,,,0.048000,,11.890000
20009807,asteroid,181.249117181,-4.667022213,38190340.662142806,2.618463157600e-05,,,24.683000,-7.366023735004e-04,-6.755443984894e-03,-2.568054793566e-03,12.578233934,,,,,0.088000,346.000000,11.460000
20005839,asteroid,62.266118355,36.397729461,76552519.561677903,1.306292733049e-05,,,24.675000,-1.012017954817e-02,2.249893622233e-03,2.221613438290e-03,18.357984668,,,,,0.044000,6.303000,11.880000
20012562,asteroid,334.446970659,-20.023983284,63477262.995698050,1.575367230417e-05,,,24.668000,5.722600987439e-03,6.219505690835e-03,4.117573517930e-03,16.277980437,,,,,0.060000,18.703200,12.010000
20001488,asteroid,272.924110483,-33.861139635,61226232.129634969,1.633286853064e-05,,,24.665000,8.853102166425e-03,-5.502706850625e-05,1.594729819213e-04,15.331547033,,,,,0.139000,99.700000,10.220000
20002010,asteroid,168.032858508,6.102185932,61621771.776043624,1.622803063233e-05,,,24.649000,-3.566606962915e-03,-7.444144203977e-03,-3.575910012863e-03,15.575712662,,,,,0.065000,,11.580000
20018488,asteroid,215.953882355,3.755240808,51165840.511954725,1.954428951023e-05,,,24.637000,3.983732477945e-03,-5.851335744126e-03,-1.880805381954e-03,12.681746287,,,,,0.067000,,12.150000
20011668,asteroid,172.976281383,5.471242785,36724719.609599769,2.722961565481e-05,,,24.636000,-1.800840356384e-03,-5.936246711150e-03,-3.078272009337e-03,11.990611695,,,,,0.080000,,11.590000
20025910,asteroid,192.513560732,12.171913948,38756246.498384044,2.580229228446e-05,,,24.636000,4.042066375911e-04,-6.083105058401e-03,-4.141171351607e-03,12.760831052,,,,,0.067000,,11.880000
20004730,asteroid,131.760224320,26.980313334,63179300.735738657,1.582796878653e-05,,,24.628000,-7.186886547757e-03,-5.816191885709e-03,-1.103505855305e-03,16.121820589,,,,,0.104000,3.396000,11.460000
20026601,asteroid,185.265861563,15.620189616,37782450.328894228,2.646731462081e-05,,,24.609000,-1.374139495391e-03,-5.559011113566e-03,-4.422052548806e-03,12.527112669,,,,,0.080000,,11.390000
20022203,asteroid,152.263859784,10.482596751,37231163.057060011,2.685922001597e-05,,,24.605000,-2.999039223151e-03,-5.922123590337e-03,-2.414654812567e-03,12.230551008,,,,,0.073000,,11.760000
20011388,asteroid,250.587509877,-17.556198435,50395288.284532398,1.984312490394e-05,,,24.602000,7.514301273540e-03,-3.581662830018e-03,-4.065326529208e-04,14.430246429,,,,,0.088000,28.740000,11.260000
20016786,asteroid,164.111587629,-3.855176403,68897733.137338802,1.451426562913e-05,,,24.595000,-2.917367419133e-03,-8.252865927482e-03,-5.271759298668e-03,17.692428467,,,,,0.046000,4.023000,12.270000
20005092,asteroid,54.580846394,34.056210321,62233423.824977197,1.606853582108e-05,,,24.573000,-8.326713818353e-03,3.173413801454e-03,2.572122067138e-03,16.058786596,,,,,0.069000,6.424930,11.940000
20036259,asteroid,165.341326848,25.024201172,42467049.984724827,2.354766814176e-05,,,24.562000,-3.301576211207e-03,-7.125475707039e-03,-1.783977529586e-03,13.943913874,,,,,0.088000,,11.520000
20001544,asteroid,47.178781318,17.013039466,96934629.381950274,1.031623070492e-05,,,24.561000,-9.485895666052e-03,6.997530023036e-03,3.807232512466e-03,21.447897836,,,,,0.058000,13.536000,11.950000
20001398,asteroid,318.879254733,-11.425770714,69933595.552716851,1.429927908177e-05,,,24.553000,6.140399175708e-03,6.673629975177e-03,4.983354307305e-03,17.916659825,,,,,0.267000,7.231100,10.230000
20024501,asteroid,175.908313826,-1.537032314,39640063.656964660,2.522700287905e-05,,,24.543000,-1.040649056923e-03,-5.376039850907e-03,-5.168523021334e-03,13.037580845,,,,,0.074000,,11.740000
20003015,asteroid,123.493088855,37.384614344,54552889.087047219,1.833083484184e-05,,,24.517000,-7.753124922457e-03,-2.988405232190e-03,-4.640425678582e-04,14.409304823,,,,,0.107000,4.625000,11.200000
20001510,asteroid,121.911289226,26.857480403,90185391.929542318,1.108827026866e-05,,,24.507000,-1.042013868290e-02,-4.571354463407e-03,-4.306530815674e-03,21.065702520,,,,,0.118000,5.866000,11.730000
20012917,asteroid,160.297827640,-0.353005050,40605542.036727287,2.462718017889e-05,,,24.505000,-3.139799377576e-03,-6.784160667821e-03,-1.786583411197e-03,13.308029104,,,,,0.089000,,11.480000
20023939,asteroid,186.573423499,6.821035179,39759611.613759719,2.515115111572e-05,,,24.482000,4.951149536254e-05,-6.642603071597e-03,-3.458329105446e-03,12.967058985,,,,,0.089000,12.868000,11.490000
20002563,asteroid,11.361085071,2.720653425,58427656.065408878,1.711518255808e-05,,,24.478000,-2.564686708508e-03,7.599867759170e-03,3.252031210872e-03,14.985987968,,,,,0.095000,11.040000,11.930000
20020707,asteroid,309.688858593,-23.566985324,67590806.398145586,1.479491151666e-05,,,24.460000,7.973628961385e-03,6.046168499005e-03,6.442794474540e-04,17.362118860,,,,,0.035500,,12.630000
20009072,asteroid,179.320251135,-15.890918741,62478992.711443253,1.600537967407e-05,,,24.454000,1.767758065268e-03,-8.233498226859e-03,-3.990890931840e-03,16.135345100,,,,,0.085000,,11.960000
20001124,asteroid,158.527166319,15.206871762,68736951.308747724,1.454821578438e-05,,,24.450000,-4.101237257160e-03,-7.765090506032e-03,-4.359927221191e-03,16.975849814,,,,,0.108000,16.390000,10.870000
20001339,asteroid,206.827642408,-20.188451073,66549147.060242988,1.502648860540e-05,,,24.450000,4.711907066335e-03,-7.803969700229e-03,-3.142906853033e-03,16.695937827,,,,,0.144000,9.380000,10.930000
20001611,asteroid,262.879344236,-21.399427962,73673011.065405592,1.357349164285e-05,,,24.444000,1.085165546273e-02,-3.305036958380e-04,6.046375792484e-04,18.827015288,,,,,0.062000,13.290000,11.870000
20001532,asteroid,278.170870713,-30.302150092,65528848.550907172,1.526045432071e-05,,,24.439000,9.367989407718e-03,6.208363504507e-04,1.198562908278e-03,16.387780832,,,,,0.078000,25.000000,10.780000
20004495,asteroid,317.241823117,-10.883976560,49633213.942405999,2.014779863259e-05,,,24.429000,4.804021891038e-03,6.185674727683e-03,2.524931856276e-03,14.248162313,,,,,0.082000,502.000000,11.690000
20003021,asteroid,267.434972114,-39.950277733,52086597.296617717,1.919879684797e-05,,,24.426000,7.542853375778e-03,-4.814248615375e-04,-1.941533507130e-05,13.086742498,,,,,0.062000,12.093400,12.070000
20018037,asteroid,39.006522647,-0.588272610,42699230.789010584,2.341962563544e-05,,,24.424000,-4.504930591473e-03,6.044428799084e-03,3.011844954237e-03,14.055839180,,,,,0.082000,,11.610000
20000968,asteroid,231.968126834,-13.859654518,73694279.553823009,1.356957427435e-05,,,24.422000,7.406325947737e-03,-7.247511955366e-03,-9.651122689669e-04,18.019760957,,,,,0.233000,61.280000,10.140000
20007217,asteroid,7.110638707,10.980913903,72767651.775850996,1.374237007235e-05,,,24.418000,-9.671752717243e-04,9.194500838020e-03,5.591746570724e-03,18.707900633,,,,,0.089000,13.560000,11.730000
20065000,asteroid,174.131195629,11.990264554,39626530.170761071,2.523561855380e-05,,,24.406000,-8.587138005085e-04,-7.420683921595e-03,-6.744237281406e-04,12.986940480,,,,,0.056000,,12.180000
20002240,asteroid,238.647505803,-20.311915732,57874828.939242139,1.727866878103e-05,,,24.395000,7.122019251156e-03,-4.216791309687e-03,-1.963669016104e-03,14.728631569,,,,,0.057000,4.415630,11.980000
20010938,asteroid,242.952533240,-40.495444650,67192762.194996014,1.488255531300e-05,,,24.392000,9.571578397752e-03,-1.752810550874e-03,-2.499249046462e-03,17.395213936,,,,,0.075000,84.990000,11.930000
20002244,asteroid,223.205811338,-9.244788286,62132206.012151077,1.609471261658e-05,,,24.377000,5.823387327777e-03,-5.505959902163e-03,-2.960182198684e-03,14.792571862,,,,,0.050000,,11.960000
20002163,asteroid,263.244002781,-22.055726990,62731409.784155436,1.594097762892e-05,,,24.368000,9.245220110987e-03,7.430679767779e-04,-9.581485261269e-05,16.060176905,,,,,0.075000,3.997000,11.950000
20007215,asteroid,354.682095078,13.422464873,64645051.054960527,1.546908825472e-05,,,24.354000,-7.097730518076e-04,7.587737668908e-03,5.933657834123e-03,16.723205384,,,,,0.068000,,12.070000
20015651,asteroid,187.318114041,-1.170367225,38317481.972252630,2.609774829996e-05,,,24.341000,6.172149923098e-04,-6.615856670518e-03,-3.183522071046e-03,12.757127531,,,,,0.099000,5.819000,11.460000
20000897,asteroid,124.592804586,8.805825557,74771855.786194995,1.337401605839e-05,,,24.337000,-7.620356050057e-03,-5.003234394649e-03,-3.885051957186e-03,17.157663528,,,,,0.214000,11.340000,10.500000
20005576,asteroid,224.119403309,-18.438311510,71843053.746462584,1.391923015312e-05,,,24.332000,6.862244289208e-03,-6.169599299492e-03,-3.707339189738e-03,17.218963138,,,,,0.036000,,12.540000
20003829,asteroid,215.074043910,-10.375222329,79642981.186577260,1.255603425564e-05,,,24.330000,5.177986516005e-03,-9.426983268470e-03,-2.586861315930e-03,19.153654558,,,,,0.039300,4.728000,12.200000
20105808,asteroid,50.513461409,0.977332326,39020504.502213590,2.562755178994e-05,,,24.314000,-5.591197448406e-03,4.522030865264e-03,-1.949726640620e-03,12.900420854,,,,,0.068000,,11.840000
20002182,asteroid,247.232769391,-22.504338202,76549842.481974855,1.306338416353e-05,,,24.313000,1.045544516763e-02,-3.442747848178e-03,-1.948051346878e-03,19.355468817,,,,,0.091000,8.328000,11.730000
20001533,asteroid,9.108904906,-2.128499759,66041695.012442127,1.514194933688e-05,,,24.298000,-1.543693187791e-03,9.131919648044e-03,2.325815411526e-03,16.533768501,,,,,0.141000,7.115000,10.810000
20026369,asteroid,254.587534266,-6.350680982,71087541.036665812,1.406716261974e-05,,,24.286000,9.848268536503e-03,-2.495777224294e-03,-4.356046944493e-04,17.607055814,,,,,0.052000,18.618200,12.440000
20002765,asteroid,173.933760588,0.920159514,67325148.996620074,1.485329055937e-05,,,24.284000,-1.360355597308e-03,-7.821051087270e-03,-6.013448348075e-03,17.243516700,,,,,0.056000,,12.420000
20002058,asteroid,114.706468835,22.270427186,57796301.065073699,1.730214532024e-05,,,24.273000,-7.654232516468e-03,-3.423572091383e-03,-1.100786608141e-03,14.642828452,,,,,0.120000,10.040000,11.570000
20001783,asteroid,141.039686517,6.214934196,89282024.409179881,1.120046287724e-05,,,24.268000,-7.568844942366e-03,-9.105259333788e-03,-2.202101112900e-03,20.852550140,,,,,0.055000,19.930000,12.160000
20013383,asteroid,187.309304487,-9.295873756,38187289.081591032,2.618672401341e-05,,,24.267000,9.233152577952e-04,-6.714444667098e-03,-2.536262563310e-03,12.529923529,,,,,0.109000,,11.400000
20001175,asteroid,193.349154009,-16.858250727,61154281.278261043,1.635208490882e-05,,,24.266000,2.958939108686e-03,-8.514176951909e-03,-1.437497237104e-03,15.804030852,,,,,0.249000,6.013600,9.930000
20001349,asteroid,80.596127539,30.341112453,59420353.006865904,1.682925040658e-05,,,24.249000,-8.370109600425e-03,1.433761482411e-03,-5.416175261745e-04,14.733441890,,,,,0.150000,15.692000,10.620000
20001406,asteroid,85.016724130,34.849194297,84028198.938909739,1.190076679767e-05,,,24.243000,-1.133655146660e-02,1.671646897250e-03,-1.998873409151e-04,19.844018056,,,,,0.173000,3.508000,11.520000
